0.030047,-0.300889,0.036819,-0.171919,-0.390930,0.357809,-0.447272,0.414459,-0.146605,-0.338271,0.092190,0.338006,0.085957,0.244333,0.104278,0.304675,0.442677,-0.177280,-0.020996,-0.303598,0.499177,0.501956,-0.510024,0.151431,0.297253,-0.391750,0.021475,0.452568,-0.449025,0.223791,-0.182135,0.385959,0.516896,0.524736,-0.082985,0.279277,0.197607,-0.266421,0.293731,-0.417846,0.055106,-0.303114,-0.430396,-0.493532,0.180607,-0.135551,0.141661,-0.488179,-0.332931,-0.068877,0.263364,-0.169830,0.122950,0.436832,0.049764,-0.156720,-0.519657,0.377909,-0.546571,0.306185,-0.144972,0.313008,0.226238,0.469705,-0.165254,0.297097,-0.324252,0.093230,0.120873,0.371812,0.409274,0.150338,-0.249089,-0.184887,0.280821,-0.241242,-0.430731,-0.028173,-0.405935,-0.138124,-0.218320,-0.416439,-0.567092,0.353572,-0.222189,-0.173616,0.164797,-0.284364,0.324891,0.301884,-0.464198,-0.202726,0.394048,0.500210,-0.089559,-0.022218,-0.497660,0.447160,-0.267638,0.306871,-0.011797,0.117867,0.120118,-0.413415,-0.426837,-0.304273,-0.404100,0.132143,-0.309503,-0.562118,0.443215,0.379615,0.352405,0.477613,-0.301926,-0.076567,0.127478,0.026265,-0.379959,0.205182,-0.432631
-0.197763,0.006445,0.015756,-0.033489,-0.396675,0.492164,-0.140055,-0.351704,0.443888,0.555869,0.369439,0.248593,0.152738,-0.008616,-0.539312,-0.267469,-0.229505,-0.211572,0.146551,-0.065406,-0.377177,-0.357553,0.237415,-0.561126,0.370364,-0.043838,-0.139644,-0.070909,0.347012,-0.095329,0.270852,0.146311,-0.130462,0.342291,0.211793,-0.017158,0.352343,0.342848,0.038369,0.336665,0.233378,0.195961,0.115484,0.260782,-0.467816,0.325138,0.281882,-0.659166,0.344120,-0.384208,-0.310495,0.205688,-0.375000,0.294193,0.402529,0.020756,-0.638628,-0.132938,0.009850,0.301217,0.195650,-0.240061,0.008866,-0.017960,0.244155,-0.605721,0.247513,-0.055917,0.361738,-0.136666,0.004229,0.287902,-0.365820,0.419343,0.123124,-0.479428,-0.198457,0.033560,-0.356580,-0.127045,-0.031792,0.186929,-0.577127,0.274980,0.576024,0.497569,0.148410,-0.422808,0.311603,-0.642389,-0.449460,-0.237859,0.063328,0.309388,0.071067,-0.105400,-0.147600,0.438933,-0.145683,-0.172258,-0.339881,0.369163,0.280770,-0.143474,-0.319125,0.035063,0.016105,-0.255240,0.462596,-0.306077,-0.081968,0.382238,-0.134680,0.267254,0.034429,-0.113741,0.502359,-0.175023,0.354271,-0.260430,-0.224670
-0.414541,0.223021,-0.089610,0.407341,0.038355,0.515344,-0.267549,0.381343,0.292567,0.283898,0.375001,0.340138,0.151523,-0.301138,-0.332483,0.489838,0.238762,0.499089,0.057622,-0.314906,-0.261192,0.198549,0.036038,-0.203405,0.074169,-0.368344,0.200589,-0.238791,0.360120,-0.016656,0.045777,-0.504958,-0.505689,-0.088737,-0.006354,0.176867,-0.155599,0.262814,0.461330,0.306468,-0.467654,0.145982,-0.272822,-0.255966,0.388273,-0.294301,0.006035,0.174702,0.290277,0.130929,-0.393884,-0.160346,0.021822,-0.340722,-0.052697,-0.468777,-0.421070,-0.112474,-0.323774,0.100006,0.226908,0.354723,-0.194236,-0.335015,-0.359238,0.262313,0.224182,-0.540354,0.412979,-0.388479,0.142440,0.266910,0.399437,0.245128,0.373665,-0.140805,0.423515,-0.265325,0.447800,0.032365,0.348033,0.095692,0.201224,0.076546,0.302396,-0.371067,-0.378361,-0.305881,-0.335636,0.518189,-0.176705,0.495555,-0.159549,-0.171736,0.349049,0.220250,0.047117,0.107762,0.377738,-0.219685,0.317325,0.426549,0.066857,-0.316642,0.259255,-0.339890,-0.413164,-0.175826,0.016269,0.456649,0.335815,0.296531,-0.160062,-0.223127,-0.020633,0.644073,-0.290435,0.528932,0.204942,-0.032573,0.284454
-0.091237,0.318119,0.354621,-0.084905,-0.210179,0.090716,0.448606,-0.226505,0.255060,0.072022,0.148818,-0.365586,0.205906,0.359250,-0.340884,-0.219863,0.534172,-0.107855,0.459849,0.185336,-0.343255,0.294724,-0.044530,0.108962,-0.195106,0.036573,-0.367453,-0.225678,0.398702,-0.377707,-0.005381,-0.231377,0.185017,-0.319085,0.348406,-0.128252,-0.341010,-0.487930,-0.324435,-0.043317,-0.296156,0.341154,-0.116068,-0.195283,0.179708,0.290433,-0.474105,-0.312221,-0.511553,0.173768,0.176182,-0.186936,0.189180,0.432000,0.142538,0.607177,-0.115060,-0.421141,-0.504802,-0.479189,-0.031881,0.394850,-0.469456,-0.556285,-0.181374,0.583568,-0.089924,0.214327,-0.354640,-0.479086,0.106301,0.402136,-0.560202,0.425990,0.132027,0.250316,-0.136685,0.073106,0.105941,0.286282,-0.311343,-0.506254,-0.328200,0.125623,-0.384005,0.136846,0.435671,-0.549859,0.050015,-0.001919,0.508467,-0.102094,0.081554,0.218945,0.390383,0.144840,-0.063560,0.141962,0.522164,0.198281,-0.452565,0.417617,0.302886,0.191308,-0.410501,0.180917,-0.072245,0.117037,-0.450084,0.119361,0.512632,-0.396584,0.509323,-0.237720,0.305364,0.133954,-0.061265,0.364242,0.349480,-0.138934,-0.250106
0.323777,0.384061,0.402809,0.431664,0.111116,0.563009,-0.135686,0.281210,-0.195975,-0.061496,-0.106799,-0.068286,0.310629,-0.068899,0.051806,-0.234909,-0.127094,-0.232363,-0.336368,0.069232,0.197498,0.084970,-0.036088,-0.110208,0.464941,0.073006,0.043711,-0.441557,-0.205947,-0.132662,-0.019151,0.082700,-0.006326,0.100776,0.265477,0.292912,0.336063,0.510305,-0.442592,-0.206625,-0.518158,0.097174,0.524473,-0.298882,0.374291,-0.354598,0.365094,-0.124699,-0.251447,0.037193,-0.197029,-0.166152,-0.204544,0.326623,0.111340,-0.147760,0.206413,0.291598,-0.301087,-0.056781,-0.223044,-0.252722,0.229711,-0.210876,0.001550,0.153744,-0.395215,-0.001594,-0.234428,0.456236,-0.059302,0.373189,0.195807,-0.390801,0.121770,0.501679,0.054592,0.259913,0.384922,-0.354270,-0.222670,0.137542,-0.059989,0.427271,0.583345,-0.106723,-0.322504,0.284394,-0.132173,0.247740,-0.002534,0.096433,-0.351561,0.129940,-0.024888,0.174261,-0.176126,0.225633,0.325308,-0.289205,-0.404973,-0.437396,0.138883,0.054689,0.076459,-0.223738,-0.096456,0.182930,0.132607,0.581076,-0.334631,0.331475,0.008778,-0.030004,0.282688,0.292538,0.616874,-0.282619,-0.311790,0.316083,0.203596
0.059807,-0.203351,-0.222764,0.542684,-0.289570,-0.018686,-0.111637,0.006339,-0.260322,0.182122,-0.251219,0.468161,-0.023562,0.132046,0.369164,0.192157,-0.008167,-0.126813,-0.119526,0.248132,0.547421,0.164629,0.169898,0.286175,0.112498,-0.283593,0.078242,0.408140,-0.393279,0.280226,-0.232540,0.094591,-0.395906,-0.080391,0.307226,-0.064804,0.326057,0.494786,0.448296,-0.290004,-0.115164,-0.288130,0.566122,0.431183,0.118233,0.395106,0.062487,0.233529,-0.189646,0.438006,-0.344814,0.351194,0.191191,0.135370,-0.396020,-0.232822,-0.165230,-0.003338,-0.380910,0.552906,0.337908,0.004200,-0.075733,-0.063179,0.091320,-0.150376,0.438120,-0.031258,0.549846,0.392551,-0.222800,0.561616,-0.163104,0.517753,-0.114992,0.330142,0.411045,0.192946,0.322353,-0.201505,-0.329967,-0.061396,-0.293614,0.336583,0.132309,0.685633,0.153596,0.236161,-0.354697,0.387482,0.383824,0.023475,0.178759,0.165349,-0.301176,0.248726,0.174304,-0.175674,-0.124140,-0.470593,-0.508269,-0.389609,0.436623,0.120007,0.437481,-0.116133,-0.075093,0.204935,0.191377,-0.159755,0.220010,-0.215804,0.215132,0.270796,-0.206763,-0.409593,0.347508,0.008898,-0.285508,0.762000,-0.156517
0.092367,0.459979,-0.309540,-0.341525,-0.355762,-0.119965,-0.355885,0.370563,-0.366212,0.068048,0.554499,0.291919,0.110916,-0.197258,0.077343,-0.094549,-0.194990,-0.346517,0.468004,-0.018428,-0.496062,-0.227422,-0.085099,0.332496,0.202291,0.271137,-0.434980,-0.206430,-0.032740,-0.305866,-0.190185,0.405332,-0.371601,-0.106408,-0.293078,-0.447627,-0.282868,0.446176,0.298298,0.498217,0.100254,-0.258589,-0.053972,0.058022,0.398464,-0.427626,-0.083960,-0.284868,-0.239510,0.220172,-0.047689,-0.236833,-0.058528,0.107930,0.219164,0.704385,0.418366,0.214844,-0.069931,0.226969,-0.141165,-0.267322,0.289293,-0.628222,0.436219,0.004299,0.145730,0.311512,0.501226,0.047305,0.129440,-0.451291,-0.068143,-0.336164,0.226941,0.023893,0.221953,-0.272750,-0.379672,0.266320,-0.361690,-0.515803,-0.472936,0.434368,0.143638,-0.180701,-0.175618,-0.070755,0.050240,0.355639,-0.291871,-0.335613,-0.420599,0.086535,0.184630,-0.291294,-0.551702,-0.393428,0.713287,-0.057519,0.127932,0.106270,-0.126404,-0.165651,-0.413119,0.072252,0.245757,0.089562,-0.002379,-0.430775,0.491621,0.322607,-0.188988,0.507307,0.140033,0.157187,0.294882,0.166149,-0.036207,-0.469818,-0.220761
0.522045,-0.232159,-0.123581,-0.143721,-0.060736,0.139255,0.527637,-0.177136,-0.333925,-0.315957,0.312444,0.177969,-0.101249,0.446981,0.464476,0.193835,0.338833,-0.211157,0.427299,0.020582,0.258420,0.118591,0.239111,0.256839,-0.155091,0.157526,0.603508,0.348314,-0.512248,-0.355725,-0.239860,0.268411,0.316445,-0.395238,-0.001166,0.445933,0.357567,0.166745,0.200391,-0.051520,-0.299977,0.082129,0.336059,0.482702,0.055452,0.156870,-0.288364,0.078781,-0.332120,-0.158738,0.317428,0.458291,-0.437711,-0.109620,0.282074,-0.189586,0.074617,0.201289,0.175112,-0.245402,-0.030533,0.351978,0.172112,-0.439167,0.348774,-0.459566,0.214650,-0.265204,0.479441,-0.152633,-0.122400,-0.218005,-0.075358,0.419846,0.582200,-0.067550,-0.016386,0.178350,0.296216,0.027044,-0.059722,-0.133838,0.235932,-0.422163,0.213903,-0.132693,0.351173,-0.321879,0.178733,-0.111209,0.059652,-0.441186,0.100163,0.002498,0.073941,0.185489,0.270042,0.252370,-0.217893,0.371735,0.040257,-0.475099,-0.473751,-0.048893,0.350884,0.140538,0.249734,0.075070,0.030499,-0.357567,-0.139911,-0.047940,-0.366453,-0.255158,0.116532,0.272897,0.581415,0.437153,0.163628,-0.033127,0.228236
0.271097,-0.350638,-0.109868,0.367776,-0.039459,0.169730,0.162999,-0.294453,-0.143887,-0.214855,-0.497068,-0.470855,0.343424,-0.151650,0.055677,-0.047095,0.415624,-0.232321,0.081362,0.561477,0.359669,-0.451972,0.213544,-0.062815,0.012709,-0.312328,-0.297409,0.207840,-0.067546,0.019413,0.164557,0.301806,-0.306762,-0.042041,-0.444534,0.253592,0.173180,0.507613,-0.372086,-0.580100,-0.353467,-0.141429,-0.330788,0.350150,-0.156700,-0.405433,0.218662,-0.038235,0.241233,-0.400760,0.104892,-0.562223,-0.486602,0.572814,-0.439688,0.184401,-0.024604,-0.226331,0.295238,-0.451499,0.185574,0.416115,0.093460,0.295009,-0.407328,0.096228,-0.097020,0.379397,0.653828,-0.242206,0.056270,-0.250638,0.051749,-0.006810,0.478278,-0.000716,-0.105287,-0.198579,-0.487788,-0.224178,-0.071897,0.324830,0.075110,-0.017640,-0.368602,0.388641,0.216875,-0.595916,0.299658,0.149709,-0.580849,0.033468,0.123228,-0.195903,0.446573,0.314106,0.154915,-0.038421,-0.122485,0.095091,0.064500,-0.307055,-0.153688,0.207961,0.090469,-0.319289,0.239279,-0.436949,-0.246904,-0.381981,-0.189376,0.267321,0.033797,-0.365220,0.311182,0.354131,0.366027,-0.087591,0.066225,0.483554,0.248081
-0.343108,-0.343526,0.043532,0.456258,0.064424,0.080105,-0.239272,0.278694,0.401142,-0.168560,0.231336,0.549712,-0.161452,0.113623,-0.203565,0.259025,0.059096,0.167306,0.410899,0.020260,0.440555,-0.049492,-0.386014,0.304917,0.412484,-0.093657,0.365936,0.349864,-0.268512,0.440643,-0.268790,-0.232057,-0.331524,0.340763,0.127623,-0.223370,0.069822,0.217632,-0.324042,0.333774,0.267557,-0.028803,0.498851,-0.031538,0.448360,0.123785,0.120831,-0.203351,0.495818,0.028566,-0.259312,-0.521306,0.027271,0.011430,0.154201,0.370730,-0.340410,0.146602,-0.283499,0.495368,0.480383,0.125189,0.255514,-0.164803,-0.032447,0.365267,-0.023949,-0.179461,-0.001664,0.228665,-0.135318,-0.192698,0.341036,0.414631,-0.325302,-0.243573,-0.362167,-0.161217,-0.054823,0.232052,0.196708,-0.024162,-0.132506,0.461869,0.102808,0.556122,0.209857,-0.385576,0.212854,-0.158649,0.193258,-0.397072,-0.267476,0.222012,-0.257257,0.470976,-0.090751,0.229588,0.203084,-0.036125,-0.158597,-0.285164,-0.423998,-0.168901,0.152276,0.369791,0.350737,0.360729,0.424281,0.222467,-0.173421,0.385514,0.223360,0.121510,-0.324980,0.036325,0.002638,0.429379,0.159395,0.010496,0.605524
-0.436476,-0.090019,-0.477762,0.117300,0.290043,-0.174979,0.345605,-0.186787,0.397385,0.254035,0.263403,-0.466212,0.432694,0.286174,-0.051372,0.178613,-0.194938,0.486928,-0.208005,0.312322,0.169665,-0.532938,-0.304135,-0.427429,-0.022038,-0.151356,0.186454,-0.292126,-0.250222,0.101029,-0.455809,0.372178,0.620353,0.272060,0.128575,0.395151,-0.327107,-0.383429,-0.177268,0.193387,-0.578600,-0.048271,0.557572,0.570904,0.106066,-0.193341,0.397863,0.198078,-0.411181,-0.405671,0.470287,-0.006229,0.380638,0.443033,0.203645,0.206287,-0.053620,0.020592,0.051006,0.359214,0.026183,0.394171,0.084383,0.003816,0.203055,0.295698,0.218450,-0.366839,-0.268548,-0.460897,0.052353,0.060814,0.105196,0.414263,0.123869,0.249660,0.205793,0.187637,-0.530108,-0.375203,-0.405074,-0.179082,-0.384366,-0.250403,-0.280676,0.453837,-0.191689,-0.054815,-0.155455,0.252535,-0.260584,-0.249012,-0.203495,-0.446873,-0.478539,-0.302639,-0.502893,-0.394597,-0.027256,0.256583,0.142042,-0.073745,-0.224184,0.388283,0.050754,-0.252115,0.138187,-0.350719,-0.201070,-0.019974,0.362993,-0.048882,0.164679,0.527550,-0.236750,-0.170729,-0.116359,-0.190279,-0.219433,0.362644,0.164381
0.147033,-0.149909,0.404219,0.465891,0.279582,-0.494736,0.094146,-0.430035,-0.259233,-0.596338,0.111510,0.237156,-0.297688,-0.080125,0.021688,-0.039514,-0.409305,-0.211464,0.203530,-0.464620,-0.520184,-0.242589,0.361568,0.259771,0.238668,-0.074746,0.173838,-0.532717,0.150860,0.292254,0.084404,0.253166,0.023341,-0.561636,0.334388,-0.318413,0.110488,-0.289783,-0.396177,-0.111193,-0.200186,-0.026554,-0.040591,-0.663225,-0.389890,-0.159982,-0.248936,0.375277,0.220323,0.376793,0.261213,-0.107224,0.117587,-0.125350,-0.222662,0.243429,-0.054069,0.186413,0.195621,0.471137,0.457783,-0.025529,-0.151417,0.078924,-0.252666,0.093588,0.149249,0.171086,0.180652,-0.201773,-0.168567,-0.221018,0.429673,-0.157014,-0.317352,-0.481340,-0.021515,0.018697,-0.267254,-0.555852,0.000519,-0.082502,0.141753,0.186691,-0.111912,-0.287501,0.563539,-0.016872,0.062948,-0.364792,-0.083598,-0.535013,0.107363,0.597236,-0.153156,-0.384846,-0.435015,-0.126892,-0.368842,-0.411893,0.370689,0.068051,-0.063039,0.656947,-0.267949,0.404094,-0.159225,0.403707,0.161082,0.290303,0.420467,-0.185021,0.567472,-0.051648,0.041215,-0.097312,0.098879,-0.273699,0.162149,0.079795,0.284453
0.356079,-0.058238,-0.202592,-0.247232,-0.279939,-0.451272,-0.189056,-0.253547,0.579004,0.232233,-0.082627,0.107637,-0.346126,-0.035027,0.132250,-0.099479,-0.299803,0.298039,0.273769,0.091947,-0.026237,0.124962,-0.262180,-0.092708,-0.444257,0.010774,0.057457,-0.359917,0.281921,0.404423,0.317988,0.223084,0.369559,-0.376865,0.271175,-0.349583,0.292406,-0.188376,0.378779,0.366951,-0.512243,-0.055252,0.663405,0.143802,0.437372,0.001474,-0.098995,-0.183898,-0.273214,0.293023,-0.080363,-0.069647,-0.207036,-0.082441,0.406569,0.387095,-0.043063,0.286983,0.281482,0.074098,0.479168,-0.265548,-0.343055,0.228017,-0.194770,0.203194,0.412784,-0.318913,0.377490,-0.116742,-0.000123,0.135420,0.454622,-0.476012,0.017693,0.096858,0.198941,0.072025,-0.231743,0.011033,-0.065396,0.237497,-0.286772,-0.277845,0.480580,-0.494779,0.541671,0.083942,0.368583,-0.165816,-0.354045,0.422719,0.368007,0.147397,-0.377191,0.262869,0.291355,0.160618,0.313651,0.364146,0.179514,-0.336006,-0.101579,-0.555793,-0.178149,-0.118432,-0.379971,-0.139396,-0.366057,0.314906,0.466363,-0.435264,0.409012,-0.045968,-0.364841,-0.632591,-0.149786,0.283974,0.246435,-0.423300,-0.441325
-0.082981,-0.273001,-0.236630,0.040684,0.412253,0.519317,-0.000114,0.489736,-0.109033,-0.092708,-0.240961,0.147442,0.415040,0.066926,-0.155993,0.433977,-0.324669,0.442510,0.155466,0.207573,0.127417,0.216521,-0.363008,0.038309,-0.264171,0.184792,0.232802,0.418382,0.255273,0.163917,-0.143164,0.391916,-0.314553,0.117430,-0.177468,-0.439949,0.137327,-0.473210,0.170345,-0.068640,-0.458879,0.043460,-0.516777,-0.235380,0.203939,-0.322572,0.383835,-0.570657,-0.215727,0.217820,-0.248434,-0.342486,-0.184605,-0.360584,0.320908,-0.067530,0.486699,0.680044,-0.097027,0.393718,-0.089246,0.467048,-0.472953,0.244399,-0.144878,-0.218822,-0.033259,0.227673,-0.375184,-0.022031,0.215891,0.139755,0.475735,0.285968,0.439258,0.273443,-0.208977,-0.193769,0.126645,0.137045,-0.473490,-0.015198,0.544534,-0.020141,-0.035231,0.072538,-0.391263,-0.253297,0.081846,-0.225083,0.211590,-0.023213,0.474549,0.441834,-0.245206,0.143096,-0.016566,0.391207,-0.330860,0.039516,0.285894,-0.007492,-0.283297,0.202859,0.463870,-0.154513,0.147472,-0.143868,0.199286,-0.310378,0.360816,-0.206663,-0.188339,-0.488041,-0.572879,0.024474,-0.192200,0.345647,-0.404168,-0.046376,-0.145659
-0.463181,-0.362593,-0.096034,-0.043904,-0.190670,-0.054803,-0.049595,-0.600117,-0.095995,0.494095,0.018940,0.164722,-0.170760,0.273656,0.222465,-0.080513,0.173548,-0.588376,-0.473285,0.315021,0.303038,-0.313137,-0.373415,-0.544629,-0.202670,0.272664,-0.006754,-0.074166,-0.236999,-0.326136,-0.137147,0.187293,0.370630,0.275999,-0.425259,0.425205,0.290679,0.287533,0.032165,0.008833,-0.204943,-0.521658,-0.140519,-0.262141,-0.064239,0.196994,0.180273,-0.451647,0.453930,0.448948,0.336269,0.646389,-0.067474,0.149788,-0.553672,-0.348820,-0.383764,-0.253220,-0.140711,0.145318,0.279178,0.081685,-0.266128,0.506368,-0.001096,-0.480760,-0.017982,-0.309010,-0.191584,0.606225,0.117670,-0.002543,0.427381,0.242285,-0.365359,-0.253897,-0.655881,-0.058276,0.008297,-0.366500,0.436710,0.134110,-0.085762,0.038748,0.170412,-0.425707,-0.185107,0.348349,-0.058359,0.057021,-0.110738,-0.497545,-0.291527,0.036167,-0.170102,-0.440163,0.353245,0.498939,0.216959,0.228187,-0.338844,0.478941,-0.248990,0.531481,0.483003,0.132599,0.603073,0.066661,-0.233166,-0.042917,0.009535,-0.474481,-0.002134,0.470905,-0.348673,0.312276,0.425345,0.313715,0.474738,0.030218,0.510424
0.300263,-0.313905,0.002352,0.247401,-0.159683,0.163244,0.157733,-0.289149,0.046671,0.258127,0.002680,-0.456486,-0.421368,-0.150788,0.455537,-0.336870,0.170233,-0.301929,-0.023880,0.585585,0.327301,-0.269709,-0.039163,-0.488926,-0.008715,0.192547,-0.354516,-0.257663,-0.191714,0.497408,0.499080,-0.467295,0.131042,-0.089233,-0.109179,0.247845,0.445913,0.458613,0.071211,-0.135551,0.143656,-0.442135,-0.054711,-0.181683,0.111876,-0.286823,-0.378690,0.444818,-0.353814,0.013074,-0.277082,-0.386086,-0.518436,-0.577418,0.154290,-0.091681,0.650484,0.163428,-0.093934,0.105093,0.079749,0.233329,-0.202134,-0.089771,0.469576,0.377319,0.161930,-0.009347,0.507497,0.026957,-0.008213,-0.260373,0.137280,-0.262620,-0.137502,0.393981,-0.233863,-0.419783,-0.543943,0.468249,-0.054547,-0.119837,0.342024,0.422022,-0.082807,0.221994,0.283428,0.114179,-0.222774,0.388909,-0.083963,-0.264855,-0.170914,-0.382418,-0.331748,0.298357,-0.462011,-0.063702,0.039941,-0.452587,0.498102,-0.209279,-0.208484,-0.090441,-0.334311,-0.496017,0.275626,0.453768,-0.208992,0.246295,0.263856,0.372693,0.028222,-0.203001,-0.108403,0.096000,0.322545,-0.149655,-0.003884,0.440566,0.328596
0.570972,0.358215,-0.057247,0.184930,0.228245,-0.432656,-0.014725,0.292365,-0.248245,0.342545,0.109457,0.508571,-0.393923,-0.273534,0.179135,-0.029078,0.151073,0.260511,-0.276930,0.208620,0.104828,-0.192657,0.417258,0.208197,0.224904,0.242605,-0.053313,0.413824,0.125481,0.235466,0.413229,-0.061976,0.183218,-0.310202,-0.216821,-0.197627,0.511563,0.402573,0.109773,0.131046,-0.020975,0.404156,-0.046935,-0.204674,-0.492852,0.108320,0.196052,-0.135864,-0.370855,0.371788,-0.577412,0.263484,0.309386,-0.014603,-0.049267,0.310456,0.279825,0.073528,0.485493,-0.434398,0.094657,0.238769,0.231372,-0.314995,0.184309,0.148489,-0.120704,-0.670670,0.273728,-0.322993,-0.221070,-0.191710,0.441908,0.186356,0.258469,-0.306078,-0.058401,0.253314,0.233207,0.043120,-0.631845,0.083101,-0.484828,0.070804,-0.098514,-0.133665,-0.221556,-0.095975,-0.374010,0.357028,-0.206882,-0.606391,0.248070,-0.336479,-0.159777,0.252571,-0.082897,-0.459810,-0.234868,0.147705,0.123266,0.499843,0.247639,-0.229939,-0.152758,0.095844,-0.563173,-0.294906,-0.164731,-0.048532,0.488391,-0.469313,-0.020380,-0.264721,0.544113,-0.301080,-0.016769,0.264169,0.271894,-0.005663,-0.079456
-0.018155,-0.151440,-0.282703,-0.035038,-0.220494,-0.375601,-0.009235,0.263571,-0.023563,-0.479100,-0.380782,0.506081,-0.123784,-0.383381,0.058870,0.131058,0.057318,-0.197783,-0.462057,0.458518,-0.256276,0.176572,0.454866,0.191325,-0.170819,-0.207003,0.036294,0.268882,0.251895,-0.419537,-0.296306,0.394309,0.254906,0.584830,-0.103917,0.053334,0.220117,0.216792,-0.125355,-0.556381,-0.056104,-0.261474,-0.095765,0.446513,0.009748,0.641700,-0.123796,0.154954,0.526837,-0.344221,-0.542742,-0.101738,-0.435113,0.282262,0.322075,-0.027911,-0.126410,0.101736,0.249588,-0.489699,0.165521,0.173506,0.092647,-0.422335,0.154477,-0.327728,-0.192212,0.543593,0.314394,-0.376880,-0.364349,-0.296319,-0.173870,-0.171636,-0.408222,-0.206988,0.151065,-0.048782,0.253820,-0.514380,0.598128,0.548207,0.172232,0.391076,0.506613,0.128559,-0.201597,0.150524,0.065001,-0.022174,0.012898,-0.385536,-0.082553,0.491622,0.103871,0.124659,-0.137071,0.012190,0.514486,0.390243,0.397609,-0.160127,0.234003,-0.306571,0.075240,-0.085712,-0.011461,0.265685,0.517547,-0.325607,0.407084,-0.019210,0.103589,-0.460366,-0.047900,0.017404,-0.529669,-0.086930,0.390961,-0.312583,0.344894
-0.234399,0.098973,-0.311210,-0.471432,-0.425945,-0.529433,-0.306845,0.155226,0.269004,0.199726,0.033773,-0.435155,-0.289283,-0.244835,-0.317565,-0.096216,0.024180,-0.143063,-0.074047,0.326030,0.206472,-0.227623,0.326390,0.399494,-0.278301,-0.198157,-0.046695,0.372932,0.360535,-0.370849,-0.120665,-0.058794,-0.127986,-0.380912,0.275744,0.133456,0.215361,0.299835,0.217862,-0.109985,0.134545,-0.287430,0.107282,-0.372093,0.088762,-0.318236,-0.391780,-0.372735,-0.624868,0.153070,0.188843,-0.035010,-0.311925,-0.340283,-0.472622,-0.295244,0.367637,-0.350697,-0.146836,-0.450695,-0.438710,-0.066785,0.042905,-0.323890,-0.406984,-0.064147,-0.313791,-0.264639,0.454761,0.051461,0.061128,-0.206640,-0.215737,-0.057863,0.158759,0.186217,-0.279086,0.077333,-0.179752,0.326623,0.048538,0.014923,-0.391194,-0.021197,-0.526935,-0.277159,-0.406283,0.157101,-0.259280,-0.034058,0.306213,-0.342534,-0.008880,-0.066922,-0.532187,0.149508,-0.574995,-0.097485,0.005300,0.090237,0.208232,-0.185024,-0.523524,0.216808,0.114602,0.370358,0.251925,0.194757,-0.153940,-0.269320,0.216587,-0.095085,-0.321062,0.329957,0.296736,-0.104627,-0.391847,-0.121140,0.190237,0.281289,-0.423316
-0.313126,0.374889,-0.091293,0.108679,0.440373,-0.380836,0.152900,-0.421062,-0.012845,0.340991,0.044296,0.474123,0.112427,-0.204084,-0.385538,-0.099882,0.008693,-0.266572,-0.080388,-0.013890,0.308000,0.173758,0.030131,-0.534635,-0.220330,0.199159,-0.021254,-0.473697,0.541670,0.364751,-0.077315,-0.498907,0.310094,0.007318,0.047852,0.306069,0.378779,0.055263,-0.369807,0.085152,0.119882,0.309829,-0.240994,-0.280163,0.324237,0.027464,0.321086,0.325607,0.132216,0.212369,0.396109,0.098623,-0.118998,-0.271690,0.240753,0.392699,-0.233243,-0.421751,-0.159285,-0.178787,-0.172655,-0.004103,0.493392,-0.019733,-0.621637,-0.603780,0.425144,-0.027094,0.316038,0.173023,0.468008,-0.087219,0.298123,-0.197340,0.417806,0.095632,-0.321535,-0.305560,-0.318961,0.175559,-0.188119,-0.050184,-0.226795,0.266180,0.446510,0.382130,0.178171,-0.339951,-0.362122,0.057023,-0.224785,-0.194860,-0.470028,-0.279522,-0.417991,0.466698,-0.139940,0.045195,-0.612299,0.141176,-0.136791,0.291972,0.209899,-0.373616,0.301858,0.433424,0.446310,0.417196,-0.139588,0.042734,-0.481385,-0.568427,0.324141,-0.089102,0.415692,0.374740,0.295152,0.428980,-0.221396,-0.425671,0.014190
-0.418453,-0.535645,-0.130683,0.291277,0.202368,-0.089855,0.181500,-0.250731,-0.500568,0.212011,0.247387,0.306594,-0.504771,0.295811,0.061917,0.103900,0.209228,0.372978,0.027232,-0.023150,0.439638,0.049464,0.037815,0.228703,-0.168265,-0.314872,0.068555,0.362058,0.502233,-0.146395,0.040897,-0.410765,0.583334,0.442662,0.225933,0.269156,0.168130,0.046595,-0.510078,0.004318,0.210718,0.154232,-0.103012,0.419380,-0.262441,0.038346,0.231153,0.143609,0.082496,-0.261521,-0.358629,0.165320,-0.052703,-0.321150,0.258161,0.011818,-0.124842,0.189440,-0.350256,-0.528022,0.221698,0.087811,0.194163,0.304019,0.005459,0.319801,0.116994,0.064791,-0.113477,-0.252922,0.131520,-0.239506,0.368299,0.044654,0.055221,-0.213806,-0.805054,-0.561389,0.119140,-0.448738,0.302165,0.820136,0.489226,0.112059,-0.302561,0.354607,0.363372,-0.344347,-0.140445,-0.378007,0.341887,0.255900,-0.288688,0.647220,0.211454,0.438282,-0.081721,0.315078,-0.447006,-0.147753,-0.680840,0.316851,0.293190,0.258048,0.161324,-0.520298,-0.147203,-0.452690,-0.334695,-0.307926,-0.084865,-0.309756,-0.424729,-0.315786,-0.154292,0.589238,0.109484,0.138983,-0.091903,-0.259906,0.220088
-0.319931,-0.276012,-0.330201,-0.408895,-0.263843,-0.134435,0.176070,-0.407384,-0.349891,0.245669,-0.414404,-0.197188,0.245988,-0.374555,-0.365692,-0.003149,-0.249767,0.079335,0.296152,-0.354010,0.024551,-0.023023,-0.312680,0.156271,-0.336513,-0.090136,-0.419011,-0.047598,-0.262824,0.299438,-0.481505,-0.063870,-0.015064,0.207485,0.090253,0.113838,0.134068,0.287409,-0.224766,0.058989,0.388193,0.487377,0.294426,-0.185021,-0.230744,0.009628,0.178347,-0.072267,-0.157678,0.259836,-0.150501,0.264011,0.023346,-0.196530,-0.150661,0.172108,-0.406256,-0.259284,0.443922,-0.399639,-0.078977,-0.009696,-0.042513,0.030562,-0.179916,0.177196,-0.112003,0.197318,-0.343810,0.049870,-0.359977,-0.306093,-0.416336,-0.408492,0.278189,-0.304075,0.482937,0.523786,0.083667,-0.306305,-0.120941,0.314809,-0.175112,-0.497314,-0.083842,0.249452,0.243267,-0.403150,0.148019,-0.234794,-0.202830,0.437213,-0.269450,-0.287423,-0.521378,0.269865,0.146442,0.065260,0.227830,-0.421112,-0.080170,-0.105539,-0.229093,0.047189,0.310493,-0.482634,-0.225535,-0.353954,-0.407277,0.321251,-0.065725,-0.055782,0.173603,-0.433797,-0.076457,-0.219492,-0.036416,0.522663,0.253263,-0.160711,0.182078
-0.595304,-0.625136,-0.427887,-0.262348,0.019690,-0.021368,0.339627,-0.054884,-0.097850,-0.499030,-0.585791,-0.102890,-0.244962,0.242969,-0.385665,-0.472532,0.001901,-0.304037,-0.388198,0.208090,-0.439228,0.170251,-0.302381,-0.410119,-0.300951,0.172840,-0.156064,0.240931,-0.300747,0.314125,-0.318941,0.105019,-0.077957,0.400999,-0.137163,-0.491247,-0.665475,0.190377,-0.009716,0.239716,-0.269325,-0.098835,-0.527209,0.398126,0.002193,0.363851,-0.254685,0.041031,-0.045640,-0.346021,0.318434,0.324200,0.450942,0.354149,-0.176979,-0.190269,0.442339,-0.613966,0.205467,0.101548,-0.143251,0.321969,-0.195683,-0.257336,-0.424591,0.054252,-0.183890,-0.010108,0.305467,0.333715,-0.341929,-0.275877,0.200444,-0.615533,-0.355676,-0.393865,0.082846,-0.296227,0.358706,0.027464,-0.094159,-0.286811,-0.018720,-0.030312,-0.019677,0.055069,0.103835,0.424316,0.233507,0.171073,-0.485264,-0.430583,-0.380315,0.159579,-0.117564,-0.290928,0.118574,0.244054,0.417124,-0.139820,0.182605,-0.282458,-0.215688,-0.230395,-0.083919,0.035040,0.242787,-0.571596,0.014344,-0.126124,-0.254676,-0.046789,-0.293133,0.011848,-0.089217,-0.281259,-0.343374,0.031499,0.275982,-0.353027,-0.032087
0.115937,0.400578,0.337158,0.070150,0.110719,0.313130,-0.218260,-0.308750,-0.560636,0.367637,0.347512,-0.391470,0.009254,-0.091257,-0.400978,0.489272,-0.286685,-0.475275,0.004708,0.104524,-0.577429,0.023005,0.113089,-0.411586,-0.389356,0.035518,-0.257643,0.430754,0.222390,0.430829,-0.255637,0.500591,0.172527,0.071945,-0.426144,-0.506406,0.111834,-0.098669,-0.295070,0.208825,-0.338620,0.000847,-0.104670,0.383695,0.482247,0.263768,-0.082386,-0.208578,0.268371,-0.250166,-0.325294,-0.382929,-0.107196,-0.100624,0.205873,-0.482141,-0.192249,0.318676,0.350437,-0.175407,-0.069537,-0.257325,0.386788,-0.350727,0.277335,0.205455,0.033326,-0.543251,-0.266145,-0.179718,-0.327251,0.114500,0.428429,0.012517,0.137862,-0.450141,-0.178262,-0.312275,0.219042,0.444128,0.154965,-0.407204,-0.168177,0.048392,-0.123714,0.297358,0.227163,0.055359,-0.165192,-0.291838,-0.394587,-0.124388,-0.053821,0.192104,0.201636,-0.442554,-0.142924,-0.331518,-0.418578,0.224206,-0.527589,-0.243777,-0.504734,0.097149,-0.024626,-0.154670,-0.013441,0.238644,0.417546,-0.291752,0.353005,0.417075,0.297959,0.078098,0.055739,-0.143357,0.101272,-0.126751,0.120769,-0.076114,0.183315
0.390835,-0.321467,0.357752,0.066203,0.565835,0.273731,0.241415,0.703168,-0.178194,0.427885,0.019482,0.055537,-0.140737,0.128638,-0.187170,-0.485866,-0.086177,-0.368819,0.638676,0.663663,-0.079901,0.170242,-0.096826,0.170395,0.408790,0.527597,-0.104963,0.183708,-0.304227,0.315600,-0.228620,0.319684,0.209185,0.108987,-0.414767,0.431580,-0.228678,0.191898,-0.256526,-0.262807,-0.149773,-0.038752,-0.279885,-0.077999,-0.158336,0.361525,0.423169,-0.376850,-0.028873,-0.324349,-0.535290,0.106054,-0.042995,-0.417893,-0.450591,-0.600497,0.075357,0.605667,-0.407808,-0.197655,0.446725,0.489539,-0.095175,-0.499130,-0.443456,-0.016499,-0.183254,-0.561249,-0.029517,-0.537036,0.226184,-0.149009,-0.403552,0.124882,-0.087476,0.454559,0.214605,-0.121701,0.132570,-0.101524,0.331123,-0.503245,-0.059677,-0.436765,0.019342,0.400871,0.330456,-0.342859,-0.059088,0.388880,0.287659,-0.324553,0.134692,-0.387393,0.265540,-0.410350,-0.221452,0.327005,-0.433144,-0.105888,-0.016144,-0.310723,-0.294646,-0.096662,-0.327452,0.097557,0.233351,0.280867,-0.297699,-0.333521,-0.173841,-0.073739,0.012335,0.132426,-0.675217,-0.467535,-0.034073,0.170175,-0.291895,0.174764,-0.135232
0.468568,0.503824,-0.152045,-0.215287,-0.105764,-0.268447,0.113648,0.275392,0.200714,0.409574,-0.025058,-0.276477,0.341190,-0.084806,0.124983,-0.213648,-0.287306,0.532024,-0.340187,0.496833,0.533872,0.370872,0.285564,0.121808,0.432974,-0.139819,-0.034782,0.070015,-0.164074,-0.082372,-0.145133,0.124232,0.259840,-0.335968,0.405362,0.247089,0.386419,0.138669,0.297235,-0.414900,0.296317,-0.474065,0.560924,0.637449,-0.406999,-0.339407,0.244110,-0.187305,0.424385,-0.319428,-0.348664,0.507750,0.282756,0.437614,0.042876,-0.032416,-0.063865,0.104243,0.194977,0.128320,-0.010074,-0.135322,0.288786,-0.220323,0.237807,-0.138614,0.249163,0.004511,-0.406014,-0.421280,-0.319419,0.158195,0.417591,-0.388392,0.220766,-0.128876,-0.102743,0.380040,-0.132388,-0.149182,-0.553031,-0.414258,-0.222917,-0.437210,0.234344,-0.006974,0.030335,-0.343076,-0.239191,0.213091,0.358154,-0.387686,0.228252,-0.004471,0.055281,0.070789,-0.358812,-0.334457,-0.115220,-0.118344,0.471667,-0.104860,-0.368112,0.098974,-0.263708,-0.121072,0.230205,0.499141,0.363709,0.179401,0.089127,0.457212,-0.106616,-0.591746,-0.326889,-0.249974,0.011450,0.111383,0.124868,-0.443531,0.307081
-0.302652,0.087465,0.010797,-0.201466,-0.379161,-0.462113,0.261955,0.350490,0.066318,-0.391745,-0.073169,0.205128,0.134554,-0.449482,-0.547474,0.216927,-0.114716,-0.189907,-0.523674,-0.007341,0.393430,0.517446,0.039977,0.016028,-0.479031,-0.000498,-0.205077,0.095532,-0.002410,-0.124851,-0.398262,-0.214561,-0.371578,-0.267731,0.455521,-0.075747,-0.060989,0.290358,0.387542,0.088576,0.421743,-0.178602,-0.196046,-0.161396,0.120434,0.170609,-0.209191,-0.385329,0.077511,-0.447179,-0.020872,0.195398,0.316908,0.317170,0.410862,-0.092199,0.105481,0.046101,-0.286891,-0.495606,-0.351351,-0.143313,0.029148,0.370291,-0.315804,-0.247284,0.476590,-0.450618,-0.032265,-0.011411,0.120255,-0.434361,-0.583582,-0.481012,0.014364,0.019413,-0.274162,0.283299,0.285537,-0.516606,-0.013786,0.166723,-0.154327,-0.242517,-0.013623,0.327435,0.221214,0.068652,0.200594,-0.033821,0.171039,-0.252379,-0.324662,0.291757,0.088313,-0.221144,0.282468,-0.547163,-0.181293,-0.443813,0.184634,0.233318,-0.233857,0.059331,-0.065204,0.338395,-0.011385,-0.148279,0.307320,-0.276756,-0.324374,0.134245,0.374532,-0.162205,-0.419091,-0.093300,0.029497,-0.237641,0.232127,0.452102,-0.169282
-0.076696,-0.119437,-0.428421,0.345420,-0.117004,-0.217043,0.083663,-0.097830,0.296686,-0.446366,0.180449,0.292049,0.160781,0.439369,-0.314691,0.124869,0.199004,0.096291,-0.260183,-0.244765,-0.255086,-0.018023,-0.438971,0.196927,-0.278302,-0.460090,0.043733,0.166568,0.415449,0.336729,-0.242821,0.206573,0.119745,-0.279165,0.046955,0.348925,-0.051269,-0.209331,-0.366341,-0.320777,-0.042077,0.247730,-0.303817,0.428847,0.174214,0.313256,0.324213,-0.447320,0.017437,0.129946,0.357926,0.259168,-0.307309,0.667798,-0.035469,0.431846,0.414205,-0.285648,0.199817,-0.470912,-0.026894,0.061507,0.116065,0.384085,0.092845,0.159658,0.542665,0.476728,-0.534437,0.550221,-0.502044,0.310329,-0.151642,-0.329487,-0.032153,0.048045,-0.080591,-0.358963,0.174392,0.232389,-0.090668,-0.200396,-0.075678,-0.408899,0.370785,0.387924,0.104816,-0.407110,0.308862,0.120002,0.344694,0.266929,0.353249,0.160032,-0.060065,0.502768,0.111571,0.157994,-0.256799,0.157420,0.150888,-0.335958,-0.510991,-0.057504,0.586528,0.141772,-0.329815,0.181437,-0.364885,-0.039043,-0.320222,-0.221117,-0.235885,-0.131566,-0.489449,-0.108560,0.168754,0.144700,-0.204087,0.390542,-0.287394
-0.139111,-0.498477,-0.483734,0.070589,0.106444,0.463227,0.120078,0.548588,-0.309234,-0.329341,-0.408720,-0.335569,-0.067626,0.076920,-0.426474,0.466510,0.504555,-0.010395,-0.542713,-0.478038,-0.443436,-0.432087,0.105394,-0.347235,-0.237469,0.431899,0.136849,0.502150,-0.160114,-0.174655,-0.055323,-0.542581,-0.342526,0.316369,0.196047,-0.231902,-0.098098,-0.163635,-0.543396,-0.178927,-0.231829,-0.384315,0.437075,0.085021,0.393406,0.020560,-0.089545,-0.377694,-0.439456,-0.452255,0.221631,0.142418,0.288230,0.042526,0.348180,-0.478437,-0.172228,-0.110669,0.213037,0.383063,-0.337597,0.273949,0.203587,-0.332003,0.063774,-0.101433,0.497987,-0.271942,0.318190,-0.289556,0.029969,-0.151846,-0.048292,0.234453,0.210742,0.314925,-0.225463,0.151205,-0.361200,-0.000021,-0.004055,-0.087456,-0.046904,0.404508,-0.506913,0.056688,-0.147149,-0.335432,-0.141469,0.388700,0.427169,0.413340,0.491738,-0.295400,-0.038195,0.078406,-0.160602,-0.146627,-0.128700,0.238548,0.190463,-0.387578,-0.262859,-0.325152,-0.145354,-0.173367,0.266571,-0.551831,-0.275386,0.188834,0.030876,-0.150510,0.142796,0.019477,0.198395,0.179843,0.150732,-0.009069,-0.400051,-0.354998,-0.235353
0.215130,0.030319,-0.084313,-0.412112,0.059082,-0.200433,0.224286,-0.489510,0.104512,0.477968,-0.214490,0.078700,-0.354023,0.147131,0.094966,-0.018403,0.005186,0.399519,-0.317433,-0.479322,0.292266,0.073370,0.476143,0.198003,0.345058,-0.048375,0.246967,0.460432,0.120895,-0.295136,-0.187924,-0.271093,-0.231358,-0.111849,0.170568,0.160716,-0.017716,0.138668,-0.370061,-0.345859,-0.253912,-0.055914,-0.273965,-0.231375,-0.018163,0.385081,-0.439208,0.220427,0.252794,0.346008,0.435755,-0.484000,-0.309370,0.298378,-0.001560,0.053433,0.188329,0.210736,0.487740,0.522278,0.303955,-0.084003,0.403948,-0.455433,-0.150982,0.268896,-0.245722,-0.238231,-0.347906,0.412590,0.014632,0.211444,-0.145332,0.342696,0.293631,-0.258278,-0.016410,-0.290965,0.509703,0.090238,0.448654,-0.162602,0.303546,0.308675,0.283075,0.527109,-0.030528,-0.432783,0.148995,0.229691,0.144702,-0.300227,-0.029678,-0.241635,-0.065022,0.232908,0.361006,-0.091468,-0.043773,-0.197804,-0.309115,0.347273,0.386273,-0.096513,0.222913,0.418755,0.418253,-0.198037,0.539075,0.007489,-0.074680,-0.400572,-0.019801,-0.304538,-0.197354,-0.143389,0.316099,0.359389,-0.177296,0.483939,0.472595
0.290017,-0.363199,0.058865,0.323322,0.112450,-0.137162,0.008995,0.060458,-0.118339,-0.426631,-0.225374,0.291336,0.354064,-0.307982,0.401193,-0.308589,0.131609,0.341480,0.467640,0.476061,-0.102872,0.263758,-0.294632,0.226876,0.281140,0.218027,-0.268682,0.253868,-0.395575,-0.468663,0.282038,-0.006003,0.372655,-0.073567,-0.394164,0.340611,0.071757,-0.248758,0.230003,-0.094265,-0.035484,-0.209571,0.391049,0.305577,0.098668,-0.452179,0.261574,0.191492,0.205868,-0.108213,0.338516,0.158361,-0.513976,-0.345003,0.387295,-0.462518,0.404877,0.173593,0.080641,-0.246329,-0.225906,0.499411,-0.229800,0.206845,-0.166712,-0.466527,-0.443213,0.066789,0.421822,-0.173640,-0.158116,-0.166358,0.032193,-0.041359,0.307777,-0.068835,-0.036302,-0.438077,0.523779,-0.241437,-0.477480,0.183967,0.088501,-0.113040,0.024328,0.293376,-0.408940,0.129392,0.132265,-0.135100,0.000167,-0.345302,0.200241,-0.018965,-0.261093,0.064115,0.520926,-0.141966,0.214382,-0.348033,-0.637235,-0.286507,0.010202,-0.409813,-0.628407,0.331251,0.281252,0.176877,-0.357852,-0.369188,-0.440817,0.176853,0.425466,0.006574,-0.108702,0.057411,-0.195657,-0.128999,0.087396,0.218252,-0.391621
-0.547617,0.433278,-0.287165,-0.492356,-0.334501,-0.558502,-0.188940,0.235536,-0.253382,-0.052594,0.122738,-0.025176,0.277462,0.343477,-0.477330,0.212712,-0.083853,0.493943,-0.022873,0.459851,0.205597,-0.265668,0.013922,0.434633,0.307033,-0.418033,0.214156,-0.149892,-0.486775,-0.069111,-0.285220,0.236404,-0.228457,0.207358,-0.500022,-0.232525,-0.309350,-0.304766,-0.434341,-0.274638,0.119593,-0.206289,-0.096326,-0.129278,0.344052,0.422737,0.017841,-0.229246,-0.444766,0.416998,-0.477320,-0.152624,-0.130241,-0.165978,-0.304565,0.238680,-0.410078,0.161869,-0.372034,-0.491594,0.326157,-0.345881,0.276239,0.088381,-0.398989,0.432662,-0.257158,0.391784,-0.258304,0.418073,-0.478970,-0.037709,0.198606,0.393005,0.372875,0.364194,0.450402,-0.349182,-0.299060,-0.153052,-0.051221,-0.078054,0.051541,-0.394707,0.089508,-0.393254,-0.200310,0.075227,0.289582,0.310896,0.109262,-0.307886,0.089018,-0.380637,-0.113477,-0.169153,-0.543395,-0.254714,0.435498,0.549329,-0.153382,-0.440433,-0.327392,-0.123019,0.442908,-0.356432,0.257863,-0.476755,0.399929,-0.172464,0.261454,-0.111999,0.118304,-0.333605,-0.494496,0.362192,0.391563,0.416688,0.157003,0.272207,-0.490121
-0.046917,-0.112502,0.194636,-0.060766,-0.325328,0.123065,0.356866,-0.085455,-0.335877,-0.267707,-0.187579,-0.156363,0.233117,0.144314,0.175117,-0.099829,0.219447,-0.317802,-0.105752,0.268957,-0.270523,-0.461825,0.327898,-0.148723,0.225953,-0.411120,0.221293,-0.103239,-0.366234,0.171862,-0.171196,-0.069625,-0.384712,-0.340095,-0.254373,-0.359178,0.470323,-0.400563,0.035904,-0.352621,-0.112939,0.446801,-0.186216,0.444484,-0.320368,0.273578,0.049759,0.413558,0.145292,0.134835,-0.248507,-0.264921,0.491241,-0.237006,0.068279,0.097984,-0.194502,0.595281,0.246090,0.111331,0.486397,-0.337834,-0.221292,-0.012973,-0.237825,-0.013833,0.372155,-0.117879,-0.153490,0.645133,0.002374,0.016367,-0.036811,0.489748,0.107303,0.277592,0.398639,-0.318136,-0.117789,0.447098,-0.022485,0.543674,0.403272,0.162264,0.340882,0.414974,0.425835,-0.088231,-0.413661,-0.159974,0.171555,0.057557,0.350221,-0.048780,0.149529,-0.225638,0.367682,0.119443,-0.349485,-0.165360,0.256966,-0.056970,-0.298925,0.531550,0.249759,0.488533,-0.072531,0.040173,0.465059,0.111847,0.226153,-0.188092,-0.036345,-0.313303,-0.248899,-0.403798,-0.386924,0.454075,-0.188011,0.269551,0.461172
-0.139187,-0.373085,0.148054,0.043681,0.147146,0.137255,0.424974,0.026351,-0.184733,0.063484,-0.547854,0.343149,-0.496747,-0.154153,0.324138,0.237075,-0.043625,-0.050230,0.300826,-0.187412,0.343476,-0.401522,0.207291,0.305071,-0.404390,-0.087502,-0.363595,0.244748,-0.092501,0.038422,-0.311459,-0.233512,-0.317089,-0.203710,0.050476,0.323492,0.078791,-0.096946,0.419129,0.203408,0.382532,-0.033416,-0.249063,-0.471015,0.370898,-0.380072,-0.331663,-0.004692,-0.011005,0.002753,-0.335949,-0.249000,0.260697,0.409518,0.171299,0.423873,0.318320,-0.022590,-0.310256,0.100500,-0.000146,0.014145,-0.068136,-0.012837,-0.053000,0.114524,-0.377810,0.229385,-0.274185,-0.474257,-0.163307,0.094006,-0.224772,-0.280787,-0.051164,-0.066149,0.562994,0.493447,-0.098278,-0.162195,0.248516,-0.360562,-0.042036,-0.244583,0.233643,-0.571136,0.014239,0.166026,0.074712,-0.296897,0.383765,0.114741,0.220259,-0.315960,-0.155590,-0.120415,-0.614669,-0.439216,0.280786,-0.165859,-0.450697,0.161965,0.451812,-0.163641,0.029354,-0.521891,-0.460020,-0.527894,0.147677,-0.490122,-0.492144,0.116231,0.333622,-0.425602,-0.198371,-0.565336,-0.215009,0.180481,0.135954,-0.277983,-0.346706
-0.292194,-0.079197,-0.406313,0.272141,0.414454,0.508066,0.446605,0.121449,0.240124,-0.143149,0.113177,-0.086452,0.028751,0.257765,-0.221679,-0.176081,0.458380,-0.488171,-0.103204,0.302090,0.204678,0.168202,-0.189714,-0.196882,0.357155,0.055004,-0.024367,-0.398791,-0.429408,0.420706,-0.231448,0.063808,-0.265327,0.182992,0.465267,0.075756,-0.357599,0.090955,0.230607,-0.057587,0.436884,0.023714,0.429398,0.181267,-0.194759,-0.159477,-0.291746,0.379616,0.308135,0.196196,-0.220707,-0.214842,0.349977,-0.054166,-0.044676,0.126728,-0.687590,-0.208710,-0.060521,-0.381469,0.582159,-0.223151,-0.408770,-0.164818,0.409114,-0.115260,0.034158,-0.634726,-0.724727,-0.112258,0.342672,0.334629,-0.361368,0.074561,0.317510,-0.099097,0.411809,-0.384725,0.448077,0.127975,0.316084,0.122864,-0.142257,0.509827,-0.121591,-0.075461,0.107906,0.211119,0.515970,-0.281932,0.333376,0.244782,-0.504857,-0.166318,-0.342062,-0.125040,0.592958,0.183627,0.085534,0.347085,-0.217665,0.348461,-0.020119,0.473164,-0.176354,0.363905,-0.316997,-0.104813,0.331150,-0.031604,0.126046,-0.062771,0.207332,-0.264085,-0.366024,-0.140906,0.035576,-0.361537,-0.231770,-0.027067,-0.342269
0.213385,0.420340,-0.255413,0.223148,0.218486,0.005673,0.157618,-0.084957,0.142335,-0.363018,0.306992,0.230067,-0.401333,-0.109328,0.454594,-0.005900,0.095036,0.502682,0.173642,0.173861,0.302905,0.478357,0.050228,-0.027096,-0.047385,0.495598,0.207599,-0.370236,0.385936,0.072971,-0.427945,0.082333,-0.059065,0.424606,-0.202700,0.328836,0.113953,-0.397066,0.461079,0.018879,-0.133967,0.036570,0.302562,-0.202511,-0.276242,-0.311662,-0.147761,0.263170,0.058665,-0.189739,-0.341885,-0.224986,0.404729,-0.228661,0.465589,-0.096551,-0.358892,0.477809,-0.033965,0.234343,0.614935,-0.366536,-0.359876,0.236843,-0.228601,-0.361398,-0.322031,-0.484948,0.288511,-0.225460,-0.017593,0.179207,0.026846,-0.390927,0.316487,-0.476140,0.307094,0.296263,0.062634,-0.001473,-0.075000,-0.030172,0.436019,0.499604,-0.032061,0.253483,0.477756,0.363871,-0.023237,-0.022311,-0.130543,0.568303,-0.397562,0.024580,-0.159630,-0.102724,0.035096,0.671687,-0.364857,0.065919,-0.487908,-0.285649,0.063636,0.103732,-0.231599,-0.210201,-0.338406,-0.083962,0.597581,0.588687,-0.124224,0.103022,0.423735,-0.393444,0.386143,0.460308,-0.308989,-0.306542,0.539894,0.157762,-0.355215
-0.222659,-0.090273,0.212116,0.239011,0.432534,-0.199326,0.014571,0.011355,-0.183825,-0.331549,0.485401,0.358857,0.048299,0.158538,-0.222548,0.006173,0.390036,0.178866,0.537311,-0.056928,-0.282402,-0.006618,-0.307831,-0.074193,-0.102706,-0.034296,0.290139,0.061889,0.326523,-0.026703,-0.058383,0.352941,0.065885,-0.073575,0.047917,-0.213683,-0.457972,0.203905,-0.016847,-0.201150,0.372522,-0.127798,0.448903,-0.407242,0.206868,0.693852,0.159857,0.287971,-0.109812,-0.354429,-0.014306,-0.193506,0.392584,-0.305274,0.656513,0.333593,-0.387602,0.118003,0.436398,0.531983,-0.036443,-0.159079,0.066427,0.102044,-0.146113,0.291980,-0.460636,-0.609015,-0.197135,-0.183623,-0.181239,0.046892,-0.140159,-0.319706,-0.152515,0.313996,0.001383,-0.132372,0.088062,0.501511,-0.167041,0.161370,0.297492,0.143300,-0.371386,0.189578,-0.417220,0.016969,0.344690,-0.295745,0.092728,-0.440768,0.438733,0.053613,-0.180674,-0.356645,0.478419,-0.425446,-0.370016,0.051410,0.260918,-0.109266,-0.489612,-0.330096,-0.373428,-0.302506,-0.118995,0.223294,-0.275734,-0.229206,-0.198292,0.431695,0.491440,0.195601,-0.383850,-0.746403,-0.390921,-0.597560,-0.183212,0.269281,0.355990
0.366774,-0.184320,0.187882,-0.190249,-0.537221,0.199675,-0.525140,-0.154151,-0.318505,0.126308,0.291037,-0.135611,0.329383,-0.254073,-0.113288,0.103558,0.116155,0.557759,-0.151253,0.225936,0.087082,0.320729,-0.370590,0.149180,0.059678,-0.256492,-0.016618,-0.235606,0.143506,0.426414,0.190726,0.156681,0.022464,-0.553943,-0.381295,-0.098902,-0.181077,-0.327812,-0.072954,-0.342259,-0.205911,0.000455,-0.348868,0.361328,0.343893,0.062077,-0.542867,0.193904,0.312883,0.259561,-0.449954,0.067155,0.281099,0.019555,0.026441,-0.056270,0.008343,-0.612593,0.003456,-0.448314,-0.005672,-0.210692,0.011278,-0.484617,0.103027,0.116929,-0.465298,-0.361431,-0.399069,0.267485,-0.070561,-0.061244,-0.360111,0.162013,0.369363,0.218127,0.010422,-0.382310,-0.429508,-0.408817,-0.158093,-0.516159,-0.328761,-0.128812,0.480579,0.129597,0.329813,0.096243,-0.444035,0.205003,-0.214866,0.118700,-0.137411,0.330523,-0.217544,-0.223673,0.452582,-0.518479,0.049357,0.058655,0.453560,0.592710,0.428979,-0.532191,0.263637,0.036972,0.134735,-0.416819,0.170138,0.448811,0.321342,-0.238899,-0.392384,0.091344,0.345408,0.199728,-0.099172,-0.510280,-0.124929,-0.045776,0.464770
0.035059,-0.221044,-0.034391,-0.461992,0.400333,-0.151503,0.021642,-0.127286,0.086972,0.088117,0.144625,-0.323235,-0.243690,-0.367430,0.061803,-0.661156,0.088250,0.380344,0.558717,0.026279,0.007780,-0.406907,0.026298,0.292624,-0.255209,-0.061193,0.308242,0.240366,-0.180028,0.105664,-0.194789,-0.365905,0.435266,0.214961,0.119307,-0.443075,0.308113,-0.059829,-0.136223,0.046503,-0.466187,0.167198,0.171434,-0.314314,-0.377858,-0.423830,-0.498776,0.094212,0.277127,-0.541098,-0.415374,0.062762,0.514650,-0.169827,-0.198310,-0.024144,-0.304799,-0.536487,0.165331,0.116097,0.012809,0.141112,0.207720,-0.242205,0.062729,-0.446090,-0.475515,0.072369,0.452164,0.356953,0.075577,-0.331709,-0.516031,0.185211,0.078790,0.257119,0.523754,0.131414,0.206173,-0.460249,0.301583,0.346345,-0.246190,0.109831,-0.293885,0.294172,-0.478670,0.249161,0.007014,0.108538,-0.414422,-0.324796,0.129479,0.485750,-0.279551,-0.444145,0.154365,-0.156687,0.301330,-0.098730,0.376248,-0.420094,-0.398395,0.139569,0.297995,0.411363,-0.153606,-0.099234,-0.186867,0.400690,-0.223850,-0.068551,-0.075447,-0.087551,-0.329818,0.473004,-0.209344,0.522545,-0.332472,0.070283,0.316615
-0.264259,0.449910,-0.003317,0.515205,0.204627,-0.243331,-0.366982,-0.200388,-0.325449,-0.350581,-0.371637,-0.113401,0.317905,-0.366658,-0.390694,0.225165,-0.410764,-0.491852,-0.328320,0.415170,0.316071,-0.217076,0.125293,0.016486,0.191568,0.180060,0.095962,-0.316984,-0.382844,0.001664,0.394651,0.002970,0.394747,0.458032,-0.289745,0.172334,0.204531,0.477031,0.451295,0.063768,-0.011886,0.397483,-0.452144,0.153108,0.441059,-0.028069,0.182321,-0.102587,-0.017991,-0.195751,0.220812,0.390807,0.501020,-0.105711,0.445500,0.328969,-0.107944,-0.423597,-0.224129,0.386170,0.218303,0.253955,-0.276604,0.174377,-0.457320,-0.027410,0.192466,-0.347880,0.355295,-0.265394,0.127486,-0.091644,0.147247,-0.381913,-0.524846,0.330811,-0.206803,0.356271,0.436461,-0.390375,-0.077311,0.246340,0.420109,0.376514,0.056676,0.318199,-0.414766,0.327629,0.448849,-0.294881,-0.358680,-0.455501,-0.180414,0.258680,-0.129656,-0.382400,-0.069566,0.463703,0.115977,-0.225467,-0.344297,0.620065,0.308409,-0.148946,-0.425474,-0.470457,-0.427826,0.092706,0.504665,0.030474,0.322626,-0.177766,0.241629,0.320176,-0.201875,-0.050012,0.108936,-0.472866,-0.165435,0.055888,0.567769
-0.030610,0.328076,-0.046847,0.383103,0.090859,0.270752,-0.324061,-0.102220,0.024646,-0.195133,-0.231669,-0.354216,-0.485379,0.319617,-0.347889,-0.417558,0.292337,-0.293609,-0.164314,-0.410363,0.435828,0.406028,0.369932,-0.138975,0.228629,-0.393347,-0.528557,-0.432775,0.447473,0.076850,-0.191045,-0.538031,-0.033127,0.415278,0.102702,0.224804,-0.255208,0.286271,0.083647,-0.291931,-0.007989,0.253967,0.121522,-0.055072,-0.110765,0.410263,0.259940,-0.070725,0.024927,-0.321337,0.132309,-0.174911,0.633440,0.139527,-0.100001,0.225836,0.553656,0.275420,-0.005337,0.228449,0.102823,0.001917,-0.229624,0.020935,-0.297899,0.555345,-0.167642,0.491089,0.188350,0.263219,0.148727,-0.308592,-0.110982,-0.386083,0.157040,-0.015738,0.199364,-0.172016,-0.431594,-0.078611,0.308713,0.233139,0.023744,0.084912,-0.420948,0.501368,0.172969,-0.165188,0.217350,-0.367614,0.278794,-0.239567,0.072103,-0.196766,0.372137,0.343028,0.167706,0.112575,0.323283,-0.510441,0.126073,-0.260539,0.343091,-0.268641,0.244384,0.317527,-0.258668,-0.223683,-0.187459,-0.118752,-0.253740,-0.494903,0.395349,0.625120,-0.124052,-0.105004,-0.413556,0.224074,0.343701,-0.342019,-0.347453
0.356234,0.143120,-0.429292,0.183971,-0.194081,-0.029844,0.386786,0.382660,0.020514,0.443517,-0.167141,0.316025,0.023978,0.439668,0.359051,-0.378355,0.416297,0.421099,0.454562,-0.146983,0.405298,0.321285,-0.340085,0.450169,-0.362561,-0.306762,0.002588,0.068628,0.083836,-0.521300,0.564959,-0.377158,-0.296307,-0.434128,-0.038399,0.478902,0.238850,0.363884,-0.499893,0.053096,-0.134289,-0.030754,-0.344131,0.204576,-0.007931,0.225555,-0.050022,-0.295127,0.236767,-0.265577,0.366613,0.084011,-0.443706,0.378158,-0.034586,-0.430285,0.075344,-0.282313,0.351263,0.372094,0.571961,0.049539,-0.079718,0.228166,-0.464318,-0.011807,0.121463,-0.421701,-0.106800,0.370312,0.401438,-0.360689,-0.343130,-0.207248,0.280925,-0.409799,0.208239,-0.415221,0.141364,-0.222611,0.225779,-0.200214,0.153023,-0.233995,0.282273,0.403101,-0.427728,0.264399,0.184775,-0.333787,-0.067372,-0.419847,0.185913,0.340096,-0.398367,0.030985,0.380831,0.446911,-0.052558,0.399681,0.025989,-0.022621,0.345015,-0.060717,-0.082037,-0.005574,0.345289,0.353564,-0.051338,-0.116574,-0.043173,0.119098,-0.177835,0.377864,0.083475,-0.046684,-0.324341,-0.241995,0.461411,-0.122320,-0.248795
-0.157821,-0.248577,-0.518228,-0.194614,-0.028416,-0.037864,-0.205895,-0.121841,0.381333,-0.149462,-0.257259,-0.302490,-0.137027,0.187946,-0.356537,0.221868,-0.430897,-0.085087,0.264818,-0.154977,0.061339,-0.241189,0.222142,-0.507037,0.256423,-0.346934,0.329801,-0.125705,0.246757,-0.181344,0.359610,-0.400971,-0.313606,0.054690,-0.420005,-0.344131,0.336521,0.410995,-0.165841,0.440544,0.032762,-0.228568,0.168906,0.111161,0.477666,-0.257618,0.140610,-0.499075,-0.487878,-0.555862,0.491422,0.286874,0.262746,-0.012254,-0.229925,-0.370579,-0.260180,-0.193233,0.256918,-0.009925,-0.533795,-0.536581,-0.423300,-0.113606,0.370766,0.129300,0.242917,-0.018388,-0.089979,-0.423769,0.354224,0.212360,-0.448049,-0.045654,-0.013252,0.116303,0.396850,0.075824,-0.013759,-0.370190,-0.386635,-0.272452,-0.449142,0.170745,0.111411,-0.421442,0.294934,-0.290257,-0.194012,-0.269257,-0.180238,-0.234266,0.021799,-0.035383,0.483960,-0.516725,-0.476444,-0.493617,0.106729,-0.382609,0.357613,0.013698,0.001616,0.067124,-0.309261,-0.251768,-0.182872,0.027819,-0.403063,-0.420707,0.450560,-0.545649,0.219607,0.230289,-0.239841,-0.382408,-0.379296,0.145350,0.111895,0.210546,0.319007
0.232193,-0.317937,-0.232398,0.335725,-0.263191,-0.511988,-0.022094,-0.301693,0.297192,0.185126,-0.305273,0.547536,-0.205199,-0.110406,-0.110824,-0.312097,0.114952,-0.300650,-0.294103,-0.439109,0.115852,0.236589,-0.134198,0.006383,-0.103194,-0.320534,0.280882,0.299147,-0.224946,-0.230702,-0.526834,0.002274,-0.333893,0.506365,0.427573,-0.046336,0.082504,0.474193,0.093758,-0.310991,-0.080876,0.365681,0.241788,0.275584,0.530595,0.531553,0.557865,-0.363427,0.068868,0.301804,0.207811,0.115519,-0.255393,0.360260,0.339679,-0.415632,0.151022,-0.253817,-0.170836,-0.507622,-0.117493,0.131224,0.170595,0.114842,0.433059,-0.266094,-0.376565,0.306309,-0.299312,0.580470,0.360879,-0.026459,0.521534,-0.395940,-0.183749,0.101598,-0.025212,0.391940,-0.284143,0.206459,0.268176,0.352627,-0.183173,-0.174608,0.348473,-0.293761,0.341049,0.045420,0.169826,0.253848,-0.244000,0.255999,0.318804,-0.064745,0.557985,-0.013721,-0.318308,-0.082535,0.531521,-0.000925,0.332206,0.301773,-0.098042,-0.303692,0.078794,-0.101232,0.367128,0.041700,-0.005051,0.282824,-0.056149,-0.031742,-0.099121,-0.100844,0.146736,0.353660,-0.074064,0.036309,0.216782,-0.203045,-0.194241
0.259034,0.108854,0.000786,0.122176,-0.560826,0.012087,-0.041024,-0.097701,-0.324776,-0.546893,-0.207930,0.460066,-0.215676,-0.041059,-0.390602,-0.557170,-0.034643,-0.126629,-0.079125,-0.489977,-0.235027,-0.441152,-0.287182,0.034797,-0.281813,-0.251066,0.223976,0.180668,0.376159,-0.134095,-0.445933,-0.467397,0.253951,-0.002498,0.394175,-0.398962,-0.096132,-0.555918,0.157717,0.483072,0.430553,-0.026229,0.045657,0.312538,0.283107,-0.295499,0.141634,-0.200312,-0.175987,-0.101499,0.191854,-0.115186,-0.397216,0.225688,0.233874,0.124180,-0.250660,0.325964,0.486737,-0.269965,-0.620972,0.104298,0.384387,0.538664,0.397190,0.125619,0.072371,-0.544401,-0.365773,-0.124168,0.221282,0.030770,0.068836,-0.301235,0.120492,-0.279620,-0.015609,0.314120,0.140135,0.391674,-0.302077,-0.188910,-0.193209,-0.088924,0.061275,0.148727,0.403081,-0.228711,0.293910,-0.351652,0.365937,-0.214205,-0.295256,0.016349,0.516244,-0.533413,-0.310748,0.317841,-0.053219,-0.244332,-0.080005,-0.140598,0.490347,0.335793,0.269372,0.542242,0.026951,-0.500628,-0.366737,-0.206041,-0.306714,0.439555,0.325129,-0.012109,0.112402,0.412912,0.614753,0.632062,-0.010614,0.155215,-0.011585
0.020115,-0.356828,-0.300722,0.065120,-0.148038,-0.512971,0.250644,-0.456575,0.015890,0.018027,0.504585,0.029431,-0.459467,0.022390,0.408131,0.437587,-0.106713,-0.189969,0.463134,-0.309907,0.085523,-0.122949,-0.363763,-0.139903,-0.218268,0.163985,0.523188,-0.151788,0.315329,-0.371130,0.282750,-0.324398,0.319220,0.176005,0.261647,0.381643,0.131812,0.436078,0.298181,0.616124,0.080375,-0.338438,0.174837,-0.309011,-0.086164,-0.113033,0.134678,-0.473856,-0.298334,-0.037603,0.523397,-0.057533,0.063400,0.194143,-0.033081,-0.308785,-0.281909,-0.306579,0.507101,-0.344076,-0.162388,-0.507050,-0.207131,0.377884,-0.153880,-0.509052,-0.142389,-0.520208,-0.439806,0.302267,0.343780,0.439434,0.317292,0.150673,-0.341678,0.396614,0.445207,0.349384,-0.011146,-0.296896,0.418304,0.216013,0.498959,-0.350787,-0.264138,-0.336807,0.374164,-0.095358,-0.369406,0.546513,-0.458621,0.308596,-0.038841,0.351453,0.040937,0.397366,0.392329,-0.488775,-0.346643,-0.194160,0.110443,0.237845,-0.196397,-0.036540,-0.375926,0.399949,0.517242,-0.206473,-0.008991,-0.411944,0.212534,0.029023,-0.349128,-0.067255,-0.228048,0.087242,0.143482,-0.330526,0.383558,0.199581,-0.114756
-0.389452,0.319605,0.463105,-0.213557,-0.202212,-0.327756,0.130194,-0.290788,-0.106771,0.175159,0.083482,-0.114509,0.031647,0.066239,-0.498313,-0.512467,0.248933,-0.365582,0.328588,0.472963,-0.164668,-0.181576,0.045429,0.299997,0.479043,0.276204,-0.406983,0.120313,-0.138859,0.070741,-0.350170,-0.366547,0.141788,-0.128744,-0.267439,-0.099026,0.400863,0.309352,-0.245703,-0.529883,-0.334555,0.566838,0.162310,-0.071212,-0.021450,-0.261376,0.238411,0.042291,-0.333370,-0.343581,0.037012,0.369709,-0.247236,0.318644,0.317070,-0.378211,-0.516412,-0.391019,0.159466,-0.301606,-0.034387,0.016750,0.196601,-0.479203,-0.157336,-0.153169,0.172229,0.348797,-0.279942,0.401474,0.131663,0.070606,0.256568,-0.037963,-0.373853,0.146826,0.090840,-0.004859,-0.189137,0.442460,0.169040,-0.345706,-0.109744,0.276351,0.340466,0.039808,0.364650,-0.211726,0.036325,0.291854,0.333558,0.276490,0.494999,-0.455235,0.320637,-0.126262,-0.259605,-0.261783,-0.177968,-0.220543,-0.048157,-0.422849,-0.242951,0.172099,0.056319,-0.225194,0.174167,0.363031,0.320173,-0.133031,0.244412,-0.290897,-0.297302,-0.045899,0.416325,-0.196995,-0.339982,-0.315204,0.391010,0.140194,-0.188304
-0.068460,0.043052,0.171566,-0.252025,0.419725,-0.165119,0.281742,-0.398294,-0.056737,-0.148273,0.081981,-0.422633,0.232998,-0.242469,0.231981,0.375357,0.171772,0.166411,0.066026,-0.241160,0.200893,-0.309821,0.143647,0.258353,-0.135030,-0.147742,0.041652,0.409226,0.452484,0.015956,0.104302,0.468824,-0.283853,-0.060989,0.276551,0.373839,0.313179,-0.037756,-0.337491,0.101382,-0.305643,-0.268046,0.250929,-0.289642,0.409047,-0.109160,0.144000,-0.349981,-0.195244,-0.384357,0.534703,0.421115,-0.084338,-0.350713,0.344459,-0.209613,-0.400051,-0.044469,0.630715,-0.427938,-0.351753,0.456771,-0.277675,-0.308679,-0.093094,0.227637,-0.126577,0.488418,-0.008219,-0.497077,0.620388,-0.089977,-0.320014,0.094927,-0.112401,-0.283611,-0.562980,0.023365,0.389454,0.337729,0.319934,-0.183671,-0.094445,-0.358153,-0.448432,-0.185150,0.371013,0.591844,0.367545,-0.195007,0.409700,-0.012032,-0.457947,0.407189,0.152094,-0.377904,-0.192029,-0.200591,0.376957,-0.003250,0.242374,-0.525360,-0.261552,-0.177647,-0.098385,-0.143138,0.224676,0.304201,0.316411,0.290224,0.340425,-0.037328,0.127369,-0.269950,-0.224483,-0.265482,-0.201416,-0.406487,0.425585,-0.232396,-0.518265
-0.025100,-0.477259,-0.392228,-0.199926,-0.005866,-0.138053,0.331556,0.253549,-0.050365,-0.063364,-0.173028,0.212042,-0.458600,-0.570798,0.238336,0.062605,-0.401983,-0.311615,0.464842,0.364096,0.210723,-0.011544,-0.028498,0.432201,0.394632,-0.358761,0.277270,-0.273157,-0.366277,0.117116,-0.074194,0.369196,-0.443036,-0.094661,0.328193,0.351674,-0.410667,-0.214363,0.066153,-0.316111,0.447367,0.370187,-0.373494,-0.516199,-0.389185,0.392499,-0.322869,-0.130061,-0.115216,0.023919,-0.476222,-0.254380,0.366270,0.379769,0.398409,-0.503546,-0.245338,0.096718,-0.254705,0.363353,0.083824,-0.500327,0.333381,0.421766,-0.502382,0.023861,-0.206439,-0.039638,-0.235854,0.005213,0.399597,-0.060742,-0.486181,0.044560,-0.208823,0.325642,-0.111381,-0.347383,-0.394807,0.206931,-0.201938,0.269812,-0.363304,-0.215053,-0.107270,0.423005,0.390007,-0.346215,-0.196165,-0.361987,-0.035500,-0.109616,0.363095,0.449138,-0.204629,-0.035452,0.351242,0.329418,-0.520691,-0.153278,-0.106139,-0.296632,-0.183566,-0.454725,0.111291,-0.278600,-0.552478,-0.297977,0.246770,0.287531,-0.101811,-0.104516,0.428511,-0.368378,-0.263665,-0.227929,-0.406511,-0.249800,0.329100,0.053628,-0.143262
0.419588,-0.450556,-0.300340,0.062440,0.068067,-0.468860,-0.117854,0.204112,0.196419,0.011727,-0.253039,-0.375654,0.010688,-0.404649,0.309247,-0.262364,-0.291120,0.349271,0.029764,-0.140853,0.381224,0.302565,0.005022,-0.419930,0.056566,0.261646,-0.404541,-0.327901,0.283838,-0.549254,0.328187,-0.206343,0.021818,-0.423827,0.354289,-0.144096,0.016502,0.177325,0.169591,0.469539,-0.066732,-0.138526,0.256759,0.105677,-0.068862,-0.161549,0.307222,-0.143713,0.161236,-0.024426,-0.309724,0.083046,-0.521853,-0.197894,-0.151542,-0.049011,0.329372,0.327556,0.234417,-0.455718,-0.326009,0.041216,0.400905,0.201395,0.257562,-0.238902,-0.238786,-0.174740,-0.202214,-0.429597,0.421278,-0.245641,-0.216133,-0.384248,0.404835,0.029263,0.170310,0.505955,-0.302495,-0.281083,-0.471345,-0.012400,0.334504,0.327396,-0.208368,-0.135240,0.017693,-0.407441,-0.247375,-0.147197,-0.369375,-0.082574,-0.460492,-0.048559,0.031802,0.391757,-0.244761,-0.384486,-0.117352,0.351444,0.314041,0.547630,0.586979,0.408079,-0.073335,-0.156909,-0.532415,0.524598,-0.123629,-0.327883,0.125671,-0.158862,0.318912,0.309253,0.444539,0.776378,-0.041628,-0.385389,-0.036626,0.125677,0.270782
-0.202251,0.084424,-0.306223,0.444685,-0.144627,0.322536,-0.306480,-0.132521,0.149628,0.447478,-0.049794,0.385972,-0.088320,-0.013756,-0.288940,0.184677,-0.397450,0.380712,0.388045,0.338684,-0.113495,0.116705,0.055449,-0.326657,0.012883,-0.504026,0.094495,-0.325828,-0.496973,-0.204863,-0.151745,0.047264,-0.280730,0.195409,-0.387659,0.083811,0.066138,0.011533,0.283647,-0.141785,0.007947,-0.241261,0.084919,0.007307,-0.410614,0.272753,0.150850,-0.127456,-0.503611,-0.455913,0.437102,0.163718,-0.603045,-0.319456,0.024459,0.031300,-0.551653,-0.171681,0.430894,-0.453178,-0.384234,0.401965,0.119929,-0.250981,-0.658932,-0.451286,-0.117821,0.405088,0.006619,0.465861,0.485503,-0.068972,-0.402791,-0.071341,0.371756,0.283791,-0.656783,0.303403,0.254343,0.597298,-0.327203,0.156734,0.492622,-0.067362,-0.078336,-0.492050,-0.264639,-0.239934,0.372130,-0.163296,0.005372,0.174498,-0.179525,0.163687,0.319374,0.346317,0.027023,0.166481,-0.328540,0.220747,-0.508409,0.337131,-0.313747,0.451664,0.328570,0.213923,-0.224342,-0.111488,0.050966,0.210834,-0.438321,0.399702,0.095986,-0.351395,0.240136,-0.007321,-0.232155,-0.314184,0.087423,0.222000,-0.237852
0.246256,0.222063,0.292638,-0.331926,0.356625,-0.124997,-0.370054,-0.359347,-0.152644,0.219806,-0.205430,0.290976,-0.321343,-0.015178,0.521234,0.571044,-0.163578,-0.094975,-0.192426,0.113044,0.490995,0.664631,-0.246422,0.287026,0.146718,-0.089877,-0.025189,0.126236,0.091731,-0.020763,0.034793,-0.203823,0.212533,0.090008,-0.575701,0.231033,0.507080,0.514844,-0.213432,-0.449319,0.012977,-0.282870,0.327324,-0.274594,-0.413483,-0.356698,-0.301713,0.262362,0.109930,-0.298415,-0.269074,-0.180434,-0.349449,0.155497,-0.023994,0.298526,0.326880,0.200169,0.169639,-0.265841,-0.207011,-0.146752,0.342521,0.319187,0.382210,-0.296150,0.600274,-0.020110,-0.725587,-0.253916,-0.788412,0.061303,-0.037852,0.056333,0.145842,0.175687,0.007502,0.047066,0.233948,0.358834,-0.407845,-0.319888,-0.295304,-0.461838,0.333714,0.381676,-0.388256,0.170669,0.338903,0.491470,-0.203015,0.413019,-0.036430,-0.313290,-0.633098,-0.421794,0.328183,-0.059185,-0.307440,-0.328279,0.232621,-0.228025,0.150988,-0.384016,-0.227059,-0.234890,-0.103833,-0.155303,-0.058643,0.561829,0.144095,-0.499876,0.026825,0.461353,-0.289000,-0.357744,0.295896,0.360889,0.212208,-0.404927,-0.242783
-0.084271,-0.385749,-0.076820,-0.034310,-0.290415,0.323505,0.224667,0.151077,-0.510028,-0.457565,-0.101286,-0.412277,0.307249,-0.427775,-0.073735,-0.182791,0.092903,-0.375317,-0.065911,-0.183732,0.314600,-0.446065,0.346465,0.250106,-0.354731,0.223441,-0.522263,0.437521,0.021552,-0.198051,-0.129754,-0.446923,0.419956,-0.484553,0.134558,-0.112507,0.268041,-0.346357,-0.063534,-0.060564,0.251828,-0.427048,-0.335595,-0.342288,0.227770,-0.365949,0.043822,-0.378228,0.198783,0.339871,-0.075235,-0.211715,-0.104673,-0.365785,-0.269410,0.183615,0.066549,0.341097,-0.149738,0.093840,-0.209746,-0.079934,-0.332757,-0.100380,0.062232,0.242983,0.343247,-0.106975,-0.393292,-0.056689,0.033360,-0.443124,0.049086,0.379382,0.388862,-0.313284,0.464404,0.268440,-0.120527,0.080051,0.326201,-0.034098,-0.122757,-0.134201,-0.120341,-0.391031,0.337042,0.177785,0.133971,-0.313155,0.064192,-0.407545,-0.453341,0.032009,-0.119966,-0.049391,-0.617657,-0.128903,-0.381222,0.500943,0.081492,0.210857,-0.100896,-0.371638,0.523441,-0.183711,-0.113109,0.013875,-0.670284,0.206590,-0.021674,-0.262356,-0.477596,-0.347756,0.339104,0.135963,-0.300821,-0.425405,0.148896,-0.040492,-0.300532
-0.183751,-0.255967,0.207100,0.452662,-0.217442,0.200307,0.050366,0.055220,-0.218283,0.326923,0.084409,0.146063,-0.227446,-0.354673,-0.420688,0.179592,-0.028460,0.246378,-0.145631,-0.155658,-0.110689,0.024408,-0.317145,-0.138127,0.147761,0.139544,-0.146386,-0.097815,-0.108624,-0.162410,-0.531455,0.229644,-0.366393,-0.119767,-0.149644,-0.363375,0.093404,-0.469497,-0.322331,0.162626,0.046793,0.348307,0.044748,-0.243349,0.198590,-0.363630,-0.066127,-0.083170,-0.266409,0.061689,0.440374,0.435997,0.266990,-0.105599,-0.334903,-0.327452,0.007642,-0.192993,0.528066,-0.081560,-0.195304,-0.209385,0.363398,0.105896,0.169232,-0.065017,0.250719,-0.671611,0.347866,-0.070104,-0.033624,0.034249,0.092545,-0.554937,0.418464,0.015555,-0.121052,-0.106632,0.049323,-0.376552,-0.441180,0.201583,0.079441,0.489126,0.068705,0.270036,-0.374272,-0.042249,-0.131892,0.240526,0.467000,-0.749193,-0.570402,0.268784,-0.212882,0.173847,-0.001369,0.311657,-0.283756,-0.326126,0.187037,0.538740,-0.078250,-0.351890,0.021271,0.399729,0.420959,0.526497,-0.463112,-0.367784,0.149573,0.175841,-0.217449,-0.255740,0.337531,-0.342301,-0.026278,-0.019398,0.060464,0.187264,-0.178251
0.001438,0.044481,0.005755,0.147963,-0.195410,-0.472639,-0.403653,-0.337554,-0.107700,0.264070,0.126473,0.225524,-0.221263,-0.112870,-0.076572,-0.245587,-0.460627,0.131683,0.509236,-0.288891,-0.433180,0.295183,-0.271291,0.333147,0.144295,0.381552,-0.123749,0.129102,-0.105116,0.140292,-0.052378,-0.269785,0.060900,0.053403,0.255063,0.208651,0.094947,-0.438585,0.201529,0.011345,0.362440,0.462695,-0.457991,0.300685,-0.349622,-0.039306,0.003457,-0.383757,0.154519,-0.572565,-0.361495,0.076104,0.242869,0.446642,0.311720,0.251833,-0.159913,-0.500188,-0.414534,-0.020850,0.086807,-0.152021,0.194141,-0.030070,-0.402458,-0.245537,0.270811,0.216541,0.395456,-0.398161,0.481829,-0.358276,-0.600118,0.434541,-0.243328,0.157711,-0.317097,0.176500,0.452966,-0.173161,0.145801,-0.163134,0.151640,-0.217568,-0.387465,-0.249827,-0.358394,0.380434,-0.081670,-0.174152,-0.031403,-0.171610,0.159551,0.553388,-0.032748,0.293383,-0.034117,-0.371264,0.195511,0.055314,0.131844,0.450145,-0.018607,0.415395,0.282555,0.015955,0.100189,-0.231416,0.372494,0.095710,-0.566768,-0.193525,0.142110,-0.451543,-0.460690,-0.068221,-0.205089,-0.059592,-0.312820,-0.450122,0.072847
0.103359,-0.248572,-0.056915,0.321289,-0.131528,-0.083558,-0.164942,0.530492,0.488144,0.403390,0.275755,0.196201,0.055778,0.176847,-0.416945,0.256399,0.420950,0.160096,-0.021809,-0.139963,0.365055,0.307101,0.401092,-0.136517,0.320875,0.092042,0.415880,0.020472,0.018878,0.006968,0.322047,0.472187,-0.409127,-0.413917,0.462013,0.053020,0.178473,0.023546,-0.379789,0.257428,0.254119,-0.227723,-0.148174,0.274613,-0.393039,0.431544,-0.226664,0.128338,0.495837,0.220060,-0.051672,0.238695,-0.149052,-0.182462,0.615994,0.264722,0.219197,-0.060205,-0.471156,-0.426297,0.142837,0.303048,0.061814,0.382864,-0.372749,-0.098603,-0.249187,-0.137920,-0.351340,0.493474,-0.271382,0.485875,-0.019196,0.505668,0.068217,0.465034,-0.403896,0.195189,0.382501,-0.453963,-0.396768,-0.014720,0.482266,0.129915,0.151095,-0.311994,-0.462560,0.339578,-0.315818,0.055647,0.415964,-0.292543,0.153665,-0.392307,0.142203,-0.247747,0.332119,-0.159113,0.024652,0.096732,-0.414342,0.246775,-0.172298,0.270907,-0.307375,0.195770,-0.280224,0.001247,-0.170969,0.287435,-0.259517,0.390571,0.383609,-0.353537,0.196603,-0.350448,-0.017554,0.247861,0.196247,0.185586,-0.131539
-0.189374,-0.424837,0.183345,-0.057167,0.120485,-0.436249,-0.350537,-0.306577,-0.506443,-0.245266,0.258321,0.405226,-0.018991,-0.068854,-0.548691,0.408191,-0.488228,0.493232,0.075581,-0.005305,0.472317,-0.404224,0.096570,0.004882,-0.336597,-0.101148,0.071717,0.248746,-0.547752,0.431806,-0.285831,-0.175677,-0.103231,-0.288364,-0.342357,0.454194,-0.239732,-0.403009,-0.482428,0.230840,0.388164,-0.305216,-0.531668,-0.165227,-0.428925,-0.325370,-0.093853,-0.320002,-0.006308,-0.260094,0.344884,0.367607,0.158699,-0.303671,-0.405767,-0.247234,0.234514,0.005198,0.394766,0.398937,-0.228143,0.027102,-0.497936,-0.306618,0.010020,-0.200840,0.388713,-0.237264,-0.097744,-0.007867,0.249320,-0.191487,0.301739,0.052691,-0.161848,-0.303487,0.074812,0.343659,0.155651,0.450280,0.008696,-0.415706,-0.384389,-0.220344,0.183950,0.277088,-0.262566,0.091442,0.040933,-0.033456,-0.214427,-0.260460,-0.338962,-0.526213,-0.225004,-0.554620,0.059109,-0.217953,0.481934,-0.290588,-0.045976,-0.048388,-0.414011,0.263707,-0.590867,0.424934,0.454765,0.028191,0.007562,0.144826,-0.139765,0.093099,-0.355710,-0.319171,0.051004,0.110238,0.364445,-0.352401,0.397969,-0.314421,-0.147273
-0.114096,-0.051459,-0.308831,-0.065363,0.262691,-0.118932,-0.084296,0.298095,0.160255,-0.100359,-0.209328,0.429886,0.136130,-0.236156,-0.333281,0.104224,-0.546875,0.515770,-0.254107,0.332709,-0.145114,0.057581,0.368088,-0.041919,0.091029,-0.393609,-0.568811,-0.361490,0.186010,-0.383299,-0.377653,-0.120743,0.124204,0.229728,-0.311807,-0.445062,0.478624,-0.203181,0.351772,0.351093,0.292288,-0.371589,0.332427,0.346234,0.071966,-0.191801,-0.243136,-0.379693,0.080759,0.122450,-0.141967,-0.088334,-0.137354,0.144633,0.438825,-0.289612,-0.118999,-0.426382,0.085764,0.242147,0.489171,-0.137327,0.553032,-0.423510,-0.025940,-0.556740,0.405464,0.016804,0.055611,0.391811,-0.363527,-0.457040,0.440443,-0.209685,-0.295817,-0.001972,-0.022556,-0.652720,-0.174832,-0.488705,-0.011464,0.502954,0.465192,0.108666,-0.338933,0.360481,0.077655,-0.201040,0.311132,0.052050,0.178234,0.238590,-0.242938,-0.318633,0.223779,-0.234504,0.005254,0.297875,0.321109,0.147545,0.369112,0.244388,0.168193,-0.250027,-0.266897,-0.158884,-0.272537,-0.127412,-0.276275,-0.032016,0.478531,-0.268036,0.267269,0.282035,-0.283541,0.526302,0.114667,-0.162296,0.275854,-0.198382,0.255905
-0.614518,0.297504,-0.082058,0.120928,-0.204224,0.249676,0.337199,0.032566,0.126529,0.001586,0.372786,0.000335,0.265669,0.263688,-0.111702,-0.205238,-0.053284,0.406007,-0.299583,-0.030329,0.200242,-0.084313,0.101555,-0.231274,-0.516572,0.250198,-0.363524,-0.281783,0.147538,-0.190150,0.407935,0.407965,-0.305599,-0.311655,0.283361,-0.073859,-0.528134,0.130091,-0.363831,0.353390,-0.557504,-0.378783,-0.358436,0.452005,0.123551,0.339250,-0.067689,-0.227718,-0.377472,-0.098689,0.155215,0.026904,-0.230402,0.288907,-0.600878,0.192788,-0.549768,-0.056973,-0.158642,-0.116148,-0.075376,-0.151430,-0.033269,0.069224,0.179173,0.306185,-0.584489,0.059248,0.206973,-0.096982,-0.057299,-0.267351,-0.504255,-0.352158,-0.319887,0.066835,0.290973,0.552587,0.146220,-0.273513,0.452666,0.547433,0.036236,0.069783,0.298565,-0.060917,0.468706,-0.326023,-0.147464,0.146645,0.043067,0.516766,0.560688,-0.042734,-0.355502,0.264650,-0.051519,-0.311474,0.044381,0.319559,0.444554,0.272458,-0.180376,0.508624,-0.000510,-0.050990,-0.050952,0.208512,-0.391320,-0.403114,0.018733,-0.147729,0.176091,-0.512448,-0.044098,-0.413930,-0.655915,-0.200183,0.467055,0.338257,-0.462696
0.286257,0.050681,0.377423,-0.234344,0.178824,-0.294096,0.001921,0.536588,0.010762,-0.270511,-0.394342,0.214436,0.127813,-0.069569,0.441384,-0.502935,-0.156276,0.483342,-0.117295,-0.312143,0.064559,0.216315,-0.251769,0.527189,0.329718,-0.319419,0.263316,-0.030066,-0.040766,0.223225,0.408030,-0.403565,0.125075,0.149584,-0.016351,-0.110476,-0.436715,0.194205,-0.040944,-0.152565,0.452608,0.211556,-0.112160,-0.178662,0.135967,0.015770,-0.170557,0.215356,-0.465644,-0.404506,-0.489948,-0.285904,-0.428584,0.514601,-0.317783,-0.294862,-0.379222,0.560062,0.123193,-0.141667,0.375147,-0.110140,-0.086723,-0.195569,-0.180820,-0.133508,0.195325,-0.214341,-0.126147,-0.378849,-0.216756,-0.083540,0.431187,-0.168470,0.225608,-0.131442,-0.416095,-0.509912,-0.161255,-0.307294,-0.320199,0.335798,-0.413813,0.080415,-0.091568,-0.013924,0.103846,-0.182817,-0.211471,0.134666,0.499930,-0.412711,-0.372995,0.429763,-0.035613,0.048862,-0.126949,-0.366031,0.195372,-0.161846,-0.481162,-0.109133,0.272741,0.077426,-0.574316,0.097983,0.304322,0.333235,0.136412,-0.357507,0.196552,0.016223,-0.604809,-0.068636,-0.067614,0.318991,-0.256655,-0.009832,0.311907,0.299294,0.426819
0.462383,-0.425161,0.084541,-0.189190,0.392103,-0.244103,0.517905,0.111631,0.341128,-0.344436,-0.339228,0.309874,-0.384403,0.431867,-0.472857,-0.120750,-0.381538,-0.090265,0.124944,-0.271717,-0.426994,-0.572642,-0.009799,0.043664,0.326696,0.139576,-0.010008,-0.185699,-0.719586,-0.174188,0.412995,0.176686,-0.014837,0.153427,0.280594,-0.017552,-0.423280,-0.299707,0.137056,0.394730,-0.066213,-0.542294,-0.309125,0.305201,0.495421,0.323539,0.098984,-0.400205,0.367753,0.348126,-0.117940,0.150119,-0.337631,-0.568655,-0.227885,-0.244175,-0.102883,0.041544,-0.074201,0.034260,-0.267440,-0.412949,0.259636,-0.097959,-0.137984,-0.027611,-0.143246,0.201066,-0.002430,-0.257165,0.140567,-0.261258,-0.031093,-0.407796,0.491560,-0.272849,0.564059,0.256162,-0.059155,0.043525,0.165677,0.476308,-0.102070,0.338005,-0.086321,0.464421,0.091230,0.071298,0.512419,0.282245,-0.067752,-0.233452,-0.098515,0.473620,0.281303,0.309584,-0.483239,-0.004290,0.136129,0.462006,-0.305123,0.414459,0.361995,-0.131239,-0.262431,-0.415736,-0.024254,-0.464166,-0.352547,0.304971,-0.305858,-0.280782,0.012061,0.065962,0.447454,0.019877,0.461552,-0.048715,-0.593777,-0.409804,-0.029257
-0.215494,0.170284,-0.023641,-0.183261,-0.404556,-0.332183,-0.021434,-0.163304,-0.091650,-0.471259,0.078593,0.283411,-0.317766,-0.040359,0.385106,-0.157780,0.123522,-0.314294,0.109846,-0.360757,0.532936,0.302362,0.205369,0.157248,0.022467,-0.087009,0.275246,0.439527,0.048049,0.444276,0.049168,0.057270,-0.013645,-0.227162,-0.473527,-0.285355,-0.070525,-0.171331,-0.098984,0.469226,-0.132374,-0.069710,-0.335721,-0.362726,0.271829,0.108034,0.288800,-0.390224,-0.024020,-0.293424,-0.318415,-0.484378,-0.303847,-0.164191,-0.338561,0.505653,-0.194915,-0.373726,-0.305456,0.012122,-0.550659,0.302877,0.399275,-0.250097,-0.010417,-0.432562,0.095467,-0.063028,-0.274306,-0.313558,0.150854,-0.180333,-0.422103,0.107517,0.058817,0.410773,-0.321345,0.243621,0.109127,-0.350063,0.212045,0.015527,0.472600,-0.450320,0.029335,-0.190634,0.461870,-0.076902,0.507384,0.345567,-0.314018,0.294220,0.530794,-0.130219,-0.061592,-0.089030,-0.301931,-0.545750,-0.268644,-0.139286,-0.004507,-0.323304,0.384867,0.259632,-0.230048,0.260018,0.106249,0.360869,-0.606974,-0.345772,0.385801,0.447007,0.186948,0.175181,-0.546764,-0.056811,-0.275797,-0.359450,0.192221,-0.480939,-0.143852
0.525386,-0.294290,0.478224,0.463830,0.047975,-0.293175,-0.151499,-0.049911,-0.150789,-0.154771,0.485796,-0.344403,0.262988,-0.464205,0.057970,0.355974,-0.209298,-0.220998,0.206215,0.261777,0.257051,-0.231962,-0.279998,0.410942,0.495810,0.015002,0.297897,-0.129220,-0.100554,-0.296240,-0.006717,0.113055,-0.401796,-0.093339,0.208030,0.160646,0.207494,0.474482,-0.545053,-0.028681,0.227286,0.075025,-0.117362,-0.305300,0.348703,-0.071791,0.311159,0.069392,0.251809,0.368469,0.108484,-0.079429,-0.050580,0.282795,-0.091707,-0.068476,-0.430417,0.435538,-0.477963,0.133179,-0.000153,-0.023093,0.128736,-0.406882,0.122263,0.224355,0.368028,-0.304388,0.412993,0.145824,0.306804,-0.024373,0.128653,0.497477,0.354564,-0.042432,-0.182480,-0.108317,-0.107660,-0.235241,-0.174747,0.349042,-0.535629,0.174856,-0.238570,-0.075872,-0.474637,-0.302531,0.324612,0.434412,-0.320904,-0.079505,-0.016471,0.353913,0.193368,0.017655,0.256340,0.362577,-0.523710,-0.133957,0.376003,0.269549,-0.019894,0.070491,-0.104600,-0.045083,0.086293,-0.081030,0.246512,0.411849,-0.309866,-0.036961,-0.033138,0.241123,-0.202815,0.236969,0.420464,-0.034105,0.427173,0.520582,-0.307185
-0.331026,0.414498,0.425919,-0.418498,-0.564448,-0.465413,0.416702,-0.403733,-0.030318,0.252276,-0.539004,0.067964,-0.235716,0.380182,-0.224215,0.140108,0.142679,-0.349254,-0.479625,-0.132820,-0.266222,0.282654,0.213765,-0.048390,0.117923,0.122306,0.340343,-0.043207,-0.137958,-0.270650,-0.023306,-0.158618,-0.030409,-0.408824,0.197249,-0.253051,-0.286349,-0.097287,-0.250034,0.076276,-0.054461,0.012518,-0.032058,-0.258783,-0.298444,0.363494,-0.089705,-0.056776,-0.455650,-0.016920,0.105786,0.044006,0.296694,-0.208946,-0.387166,0.370898,0.545535,-0.421215,-0.009689,-0.262078,-0.481979,-0.213698,-0.316258,0.235113,0.053112,-0.259416,-0.437743,0.418196,-0.162772,0.105005,-0.201945,0.109136,-0.196079,-0.399542,-0.232526,-0.257331,-0.001277,0.205746,-0.302044,-0.423465,0.013963,0.073399,0.441403,0.101034,-0.160414,0.072573,0.464973,0.422646,-0.079693,-0.231803,-0.318474,0.119419,0.230944,0.029583,-0.423915,0.195679,0.244484,-0.233411,0.175242,0.063639,0.501797,0.210020,-0.059697,0.166496,0.368327,0.019034,-0.178533,0.196699,-0.332708,-0.146551,0.382962,0.326517,-0.009696,-0.350549,-0.435121,-0.182955,-0.232536,0.319798,-0.237141,-0.095121,-0.166666
0.424553,-0.072482,-0.309961,-0.367980,0.252101,0.214749,0.120915,0.159110,-0.203346,0.125151,0.003590,-0.262892,-0.411592,-0.303318,-0.238178,0.296317,-0.279103,-0.300569,-0.257531,0.556334,0.449493,-0.123603,-0.102168,-0.287620,-0.033224,-0.402058,0.321027,0.064911,0.413822,-0.389045,0.276792,0.330209,-0.539655,-0.210083,-0.410533,-0.186446,-0.253928,0.099730,0.056219,0.509742,-0.318005,0.448722,-0.171705,0.308577,-0.309744,-0.711780,0.382503,-0.112331,0.194145,0.138994,0.093066,0.083889,0.218195,-0.423262,0.281234,0.302227,-0.741618,-0.406047,0.344284,-0.009384,-0.178332,-0.320600,0.063675,-0.315909,-0.144345,0.182911,-0.043298,0.161366,0.475064,0.121988,0.495812,-0.032490,0.227918,-0.414542,-0.368649,-0.193028,-0.130656,0.251435,-0.097886,0.297805,-0.029228,-0.026583,-0.095400,0.112844,-0.214594,-0.406781,0.563268,-0.166534,-0.475527,0.333509,-0.063131,0.307394,-0.259461,-0.067076,-0.229328,-0.171128,-0.143739,0.252595,0.191525,0.670009,-0.490144,-0.137840,0.120363,0.374628,-0.369021,0.054798,0.359147,-0.274211,0.332063,-0.467891,0.354093,0.628663,0.250316,-0.136843,-0.517752,0.470269,0.073829,-0.323571,0.336980,0.050644,-0.394603
-0.361981,-0.455997,-0.033317,-0.016942,-0.007374,0.350927,0.471232,0.184195,-0.529210,0.116965,-0.107483,0.074860,0.117977,-0.128628,0.453938,-0.218014,0.284399,-0.347108,0.587166,-0.194008,-0.354592,-0.156939,-0.180956,-0.263018,0.065832,-0.036486,-0.376004,-0.145440,0.191265,0.204012,0.279316,0.211272,-0.249430,-0.396769,-0.293625,0.367244,0.423534,0.009883,-0.462333,-0.348440,-0.322746,0.190458,-0.516256,0.294189,-0.202745,0.340365,0.279499,0.281268,0.068476,0.146539,0.141593,0.076174,-0.046944,0.425365,0.208458,0.378551,0.389204,-0.302132,-0.362182,-0.033795,-0.060887,0.292771,-0.085586,-0.006616,0.051218,-0.427172,0.209416,0.538019,-0.180564,0.129869,0.171954,-0.358232,-0.452792,0.472114,-0.150853,-0.285285,-0.247955,0.209335,0.085358,0.183108,-0.430092,0.365470,-0.072401,-0.262768,-0.104094,-0.122329,0.342298,0.471206,-0.193750,0.415041,0.344393,0.389618,-0.270271,0.159699,-0.240753,0.241142,-0.574067,0.056593,-0.111322,-0.099936,0.182079,0.423369,0.158324,0.394635,-0.275666,0.029340,-0.023012,-0.613826,-0.019138,0.150067,0.046805,0.289942,0.178631,-0.365293,-0.237473,0.153223,-0.247266,-0.336982,0.016095,0.017681,-0.237137
0.177044,0.099708,-0.167256,0.277180,0.146002,0.138389,0.128086,-0.493062,0.147532,-0.142524,0.378357,0.288415,0.016824,-0.320571,-0.374023,-0.167084,0.122112,-0.054448,0.083339,-0.302651,0.468529,-0.350309,0.410934,0.377944,-0.021116,0.174273,-0.143797,0.107191,-0.044256,-0.146862,0.159965,0.112644,0.060116,-0.116927,-0.182033,-0.442325,-0.509505,-0.295187,-0.473959,-0.447849,0.365497,-0.420540,0.157037,-0.246741,0.264841,0.102256,-0.146362,-0.025637,-0.149901,0.017757,-0.405362,0.421911,0.003193,-0.122883,0.101004,-0.242701,0.247747,0.094779,0.429007,-0.424531,0.311660,0.171847,-0.342997,-0.312168,-0.075050,0.557321,-0.110350,-0.065461,-0.634174,-0.103278,0.136407,0.365472,-0.029186,0.301656,0.067934,-0.385127,-0.051458,0.228569,0.523677,0.303975,-0.544786,-0.514488,-0.408558,0.387188,0.313488,0.246265,-0.166608,-0.051960,-0.075008,-0.148319,0.112083,-0.502985,-0.508754,0.229409,0.131751,-0.121001,-0.026176,-0.147380,0.224724,0.285976,0.136514,0.246761,-0.323144,-0.265181,-0.031012,-0.162152,0.109731,-0.247954,-0.406706,-0.086035,0.515872,-0.273125,0.071248,-0.073713,-0.439447,0.006600,0.253681,0.060244,0.311112,-0.233652,-0.453996
0.469527,-0.130185,0.080117,0.372534,-0.121242,0.300750,-0.314364,-0.118847,-0.226788,0.371139,-0.274787,0.168853,0.458905,0.002242,-0.003031,-0.072625,-0.188209,0.064443,0.158249,0.468173,0.328827,0.284529,0.352969,-0.066719,0.144368,0.358259,-0.148866,0.448935,-0.058358,0.148617,0.274786,0.519580,-0.224884,0.218903,0.061744,-0.253250,0.280388,0.048015,0.129909,-0.197572,0.111746,0.014068,-0.216194,-0.437968,0.520385,0.079540,0.322693,-0.121520,-0.128863,-0.095064,-0.125380,0.068780,0.112311,-0.070854,-0.459366,-0.039713,-0.268946,-0.190238,0.493579,0.081255,0.219629,-0.139524,0.380966,0.168429,0.450983,-0.112590,0.373829,0.329855,0.402755,-0.199946,-0.252860,-0.237510,-0.197029,0.353175,-0.401594,-0.416223,-0.107586,-0.252167,-0.139704,0.425630,0.076369,-0.551482,-0.131041,-0.079386,-0.362132,0.210937,0.234416,0.160567,0.274050,-0.625300,0.581706,0.466889,0.442282,-0.552425,0.378398,0.334409,0.371625,-0.381315,0.302802,0.373690,0.163195,-0.010755,0.536049,0.034088,0.264603,0.051891,0.329542,-0.447931,0.032146,0.202925,0.282164,-0.076282,0.378492,0.352697,-0.433599,-0.158937,-0.506648,-0.055787,0.013764,0.434476,0.383087
-0.421714,-0.398688,0.079504,-0.008782,-0.395744,0.279361,0.375794,-0.142896,0.318461,-0.124736,0.193556,-0.033723,-0.386135,0.433273,0.015784,0.286791,-0.151162,-0.462827,-0.196520,0.143989,0.207763,-0.153974,0.158330,0.221725,0.171087,-0.011919,0.468946,-0.076566,-0.083725,-0.387143,-0.235121,-0.492596,0.155624,-0.225016,-0.253594,0.281039,-0.212323,-0.261947,-0.281857,0.260386,-0.397094,-0.128097,-0.073797,0.065044,0.157685,0.291415,-0.382403,-0.167098,-0.253540,-0.356973,-0.145805,-0.184172,-0.068665,0.266990,-0.067613,0.339457,-0.074701,-0.206622,0.039730,-0.451375,-0.456458,-0.103075,0.464377,0.187998,-0.499242,0.484137,0.399793,0.295307,0.526227,-0.183241,-0.312460,0.025673,0.001431,0.063391,0.125387,0.395981,0.250278,0.372331,0.316384,0.400281,-0.396018,-0.182503,-0.059351,0.341795,-0.055690,0.235259,-0.296802,-0.241428,0.088797,-0.378434,-0.160373,-0.271461,-0.154179,0.236100,-0.121672,0.051720,-0.447638,0.312667,-0.025976,0.335670,0.277082,-0.314171,0.406150,0.181754,0.006173,-0.302884,0.432532,0.254496,-0.336792,-0.126095,0.312975,0.231183,0.376284,-0.131806,0.403724,-0.116607,-0.294823,0.185894,0.477747,-0.193155,-0.093751
0.224448,0.047015,0.436362,0.316519,-0.270222,0.555247,0.191678,0.222112,0.115708,0.412092,-0.264209,-0.069855,0.337548,-0.269565,-0.346815,0.241648,0.208647,-0.257541,0.350886,0.086966,0.214277,0.522813,0.080532,-0.208928,-0.211672,0.055971,0.144278,0.236478,0.440044,0.227944,0.241160,-0.096674,-0.462621,0.271056,-0.516387,-0.306774,0.217733,-0.028145,0.414260,-0.136519,-0.348520,-0.296370,0.109314,-0.165986,-0.134795,0.168617,0.318711,-0.249554,-0.022149,0.092562,0.499549,0.458759,-0.192133,0.230791,-0.024729,-0.416286,-0.606156,-0.075624,-0.130912,-0.479330,0.206365,-0.134377,0.136997,-0.142391,-0.171588,-0.210972,-0.381300,0.125823,-0.230403,0.029366,-0.437310,0.161703,0.304176,-0.343082,0.006516,-0.482549,0.116637,-0.345179,-0.124995,0.151360,0.624954,0.171583,0.122779,-0.132843,0.569142,0.316477,-0.161869,0.268734,-0.036056,0.187938,0.240631,-0.286511,0.404810,-0.269707,-0.292729,-0.197746,0.252316,-0.242927,-0.528049,-0.057964,-0.697896,-0.399225,-0.368453,0.002639,0.016467,-0.604339,0.381132,0.272720,-0.134046,-0.140575,-0.060027,-0.037357,-0.523132,-0.500822,0.304562,-0.247186,-0.164249,0.228241,0.075030,-0.141863,0.209383
-0.447699,0.213804,0.017061,0.360783,0.448985,0.415527,0.304488,-0.005875,-0.135062,-0.051095,0.222667,0.412276,-0.312126,0.355432,0.354640,0.669046,0.333010,-0.231326,-0.511520,-0.368880,-0.135772,0.127408,0.312924,0.370028,0.092000,-0.557157,-0.269157,-0.265736,-0.039093,-0.042177,-0.589513,-0.209600,-0.283260,0.232717,0.027501,-0.068144,-0.115755,0.377799,-0.337462,0.054107,0.277883,0.100083,0.295944,-0.263794,0.036597,-0.328647,0.138109,-0.290629,-0.321633,0.001219,-0.003627,-0.373306,0.081519,0.230740,-0.293461,0.050170,0.378667,0.079019,-0.162721,-0.239288,0.124256,0.368927,0.104888,-0.404146,-0.217527,0.612632,-0.294190,0.730950,0.471728,-0.425250,0.360781,-0.141908,0.372136,-0.153832,-0.143643,0.040655,0.032644,-0.261133,0.067519,-0.303474,-0.230407,-0.167805,-0.088056,-0.196380,-0.387426,-0.380946,-0.568367,-0.184624,0.292425,-0.234263,0.407367,-0.039171,0.005283,0.125170,0.381265,-0.389384,0.037159,0.152236,0.048555,0.259287,-0.466815,0.209791,0.044359,-0.268637,-0.368997,0.036232,0.440457,-0.036493,0.348623,-0.122580,-0.417315,-0.341919,-0.445122,-0.146636,-0.172388,0.155259,0.159707,-0.645304,-0.315959,-0.224641,0.079842
-0.479943,-0.391139,0.413984,0.343091,-0.172294,-0.156753,-0.197438,0.223738,-0.054396,-0.397020,0.239543,-0.028824,-0.337026,-0.154682,0.050721,-0.060001,-0.126155,-0.079419,-0.467202,0.195601,-0.364861,-0.338405,0.162589,0.315266,0.259233,-0.025807,-0.245267,0.366399,0.258211,-0.147663,0.381235,-0.435304,0.351563,0.449743,0.296493,0.491473,0.164780,-0.346827,-0.005883,-0.227251,-0.064828,0.216019,-0.035604,-0.189188,-0.027326,0.461582,-0.315422,-0.078279,-0.370928,0.148075,-0.356755,0.302436,-0.053787,-0.372932,0.492078,-0.477185,-0.073802,-0.435622,0.106128,0.043387,-0.286433,-0.400025,-0.100465,0.372563,0.436005,0.128371,0.117060,-0.441781,-0.225554,-0.219162,-0.142945,-0.248026,-0.069510,0.025634,0.483129,-0.101888,0.310045,0.404199,0.097967,-0.268142,-0.335297,-0.400495,-0.046146,0.221047,-0.581774,-0.365062,0.203645,0.462274,0.059491,0.293847,-0.045905,-0.418336,-0.121406,0.191875,0.536849,-0.454874,-0.117049,-0.211144,0.059779,-0.297470,-0.253533,0.359807,0.041857,-0.206363,-0.129563,-0.059893,-0.064949,0.292781,0.381263,-0.128613,-0.068795,0.311162,-0.242627,-0.183466,-0.415592,0.202971,0.137789,0.410119,0.267923,-0.357102,0.113226
0.366905,-0.125919,-0.281350,-0.558385,-0.168226,-0.038177,0.141513,-0.332335,0.342283,-0.210937,-0.316913,0.013772,0.019620,-0.247100,-0.171146,-0.421523,0.078415,0.304231,0.113879,0.288594,0.415758,-0.348233,0.319231,0.387416,-0.265728,-0.296184,-0.270790,-0.343707,0.335928,0.061542,0.234492,0.165135,0.273204,0.259135,-0.544934,-0.125189,0.161662,-0.473315,-0.382544,0.404091,0.312591,-0.271348,0.175556,0.061026,-0.079213,-0.393157,0.620094,-0.090559,-0.356456,0.022924,0.412088,-0.214571,-0.246240,-0.163990,0.808845,-0.344663,-0.036110,0.423134,-0.159693,0.520423,0.510955,0.414672,-0.157698,0.365258,0.123133,0.631471,-0.264598,0.072799,-0.222393,-0.430377,0.123183,0.352912,0.019637,0.052787,0.540038,0.039877,0.011779,-0.084557,-0.028745,0.020667,0.292774,-0.009783,0.457201,-0.350364,-0.214247,0.010788,-0.462476,-0.201173,0.081286,-0.502928,-0.066095,-0.095738,0.008212,0.511511,0.251606,-0.050221,0.501852,0.284668,-0.275592,-0.319026,-0.002735,0.008033,0.454824,0.306285,0.157985,0.518382,0.045572,-0.317761,0.401965,-0.187872,0.393407,0.517142,0.067537,0.011394,0.128991,-0.147569,-0.044524,0.314757,0.295650,0.232658,-0.243260
-0.089150,0.190666,-0.104407,-0.031081,0.220286,0.159486,-0.128778,0.342041,-0.346920,0.488421,-0.393329,-0.532048,0.291146,-0.292790,0.162771,0.313894,0.347146,0.507821,-0.279122,0.131890,-0.399868,-0.086218,0.410083,-0.114954,0.005182,-0.065500,0.129943,0.470328,-0.385726,0.149558,0.309195,-0.033876,-0.224542,-0.033829,-0.082689,-0.390064,0.302969,-0.063926,0.449097,0.356758,0.222608,-0.485857,-0.115216,-0.270665,0.488162,-0.306611,-0.081581,-0.024848,-0.325454,-0.374259,0.105735,-0.419503,-0.448947,-0.038917,0.196653,0.103004,-0.105627,0.003303,-0.014103,0.382431,-0.534430,0.113666,0.408869,0.330673,-0.325347,0.048202,0.254926,-0.452296,0.170279,0.085859,0.196770,-0.454196,0.156391,0.170875,0.335696,-0.462065,-0.488155,-0.044356,-0.347662,0.017715,0.363946,-0.166890,0.340112,-0.558333,-0.410455,-0.501788,-0.169063,0.366647,-0.493070,0.160491,0.026696,0.453583,-0.450442,-0.334061,-0.466613,-0.122707,-0.300013,0.334278,0.144386,0.118866,-0.079049,-0.278815,0.127839,0.598310,0.285488,0.327884,0.270159,-0.432767,-0.354163,-0.522545,-0.169702,-0.394555,-0.086634,0.171084,0.474370,0.247464,0.502712,-0.367025,-0.557515,0.130969,-0.305753
-0.196062,-0.090626,-0.178416,0.063253,-0.068768,0.001005,0.277465,-0.114101,-0.306629,-0.319641,-0.091711,0.268134,0.267153,0.244319,-0.180575,0.190810,0.039436,-0.093379,0.032049,-0.000456,0.070529,0.273702,-0.390496,0.264152,-0.317278,-0.369192,0.533092,0.500147,-0.335625,0.020661,-0.331252,0.028621,0.389134,0.490096,0.111833,-0.057021,0.163207,-0.103556,0.462809,0.338692,0.114494,-0.304402,-0.304313,-0.551610,0.405186,-0.150078,-0.212708,0.061023,0.330540,-0.293907,0.460396,0.389644,0.556044,-0.115952,-0.309456,-0.105414,-0.236760,-0.282413,0.102941,0.069445,0.434403,-0.411084,0.249586,0.260570,0.521369,0.306993,0.146721,0.337832,0.053236,0.122246,-0.483528,-0.403278,-0.209559,-0.329101,-0.187850,-0.384472,-0.290771,0.430850,-0.440820,0.196146,-0.317835,0.483162,0.424880,0.245664,0.223471,-0.420615,0.478495,0.255360,0.533618,0.176459,-0.049672,0.590029,-0.067182,0.120935,-0.304660,0.499724,-0.320450,-0.207791,0.033174,0.096156,0.147737,-0.210906,-0.419897,0.485991,0.699405,0.254261,-0.005505,0.461096,-0.050209,0.092533,0.015511,-0.135845,0.336180,-0.140315,-0.164926,-0.183950,-0.312634,0.280014,-0.175119,-0.267667,0.204290
0.001737,0.178666,-0.084294,0.277804,0.270255,0.178932,0.018565,-0.292299,0.303637,-0.379323,-0.392230,-0.129985,-0.562901,0.457770,0.049964,-0.014980,0.064464,-0.021755,-0.441975,0.094556,0.105498,-0.066468,0.218452,-0.291961,-0.378294,-0.359345,-0.133568,0.247513,0.290962,-0.121125,0.071345,0.155935,-0.366072,-0.349699,0.373896,0.104225,0.351990,-0.226366,0.197491,-0.331595,-0.265509,-0.006448,-0.248305,-0.390608,-0.188628,-0.572144,0.134528,-0.012814,-0.554979,-0.423014,-0.436888,0.068840,-0.357625,0.307296,-0.525286,-0.251217,0.400198,0.058726,-0.499121,0.283501,-0.178049,0.248154,0.055201,0.133602,0.495716,-0.187192,0.033072,-0.010507,-0.383106,-0.537647,-0.401171,0.057144,-0.121043,-0.046524,-0.518612,-0.009741,0.356204,-0.047722,-0.001182,0.274492,0.267834,0.018000,0.296627,-0.212150,0.209752,-0.355541,-0.270150,-0.438473,0.232996,0.019093,-0.330268,-0.305812,0.398588,0.374277,0.029572,-0.026355,-0.206340,-0.197875,0.328870,-0.381819,-0.050127,-0.114972,0.002788,-0.081478,0.002067,-0.347243,0.025330,-0.417524,-0.494707,-0.571909,0.138582,-0.119520,0.047174,0.159862,0.119785,-0.088779,-0.210870,-0.127933,0.081880,-0.139349,0.178996
0.332294,-0.390195,-0.435235,0.052413,-0.132832,-0.376200,0.430360,-0.183788,0.543228,0.355433,0.257080,-0.366814,-0.306803,-0.036626,-0.413245,-0.383013,-0.107885,-0.435416,-0.549239,0.140540,-0.421674,-0.625940,0.043462,0.446988,-0.283180,-0.430051,0.056137,0.376714,0.275278,0.014501,-0.238592,0.106238,-0.135342,0.289760,0.176664,0.435703,-0.315769,-0.534898,-0.005285,0.162958,0.303171,-0.372233,-0.332623,0.112928,0.019831,0.278952,-0.159678,0.221357,0.034599,0.210522,-0.159463,0.208407,-0.089923,-0.040987,-0.442069,-0.054999,-0.141894,-0.276259,0.394163,-0.424936,0.244937,0.468206,-0.457012,0.069335,-0.156443,-0.456584,-0.073767,0.494282,-0.474012,0.004748,-0.016992,0.309962,-0.452888,0.112967,0.214318,0.061786,0.460671,0.311921,-0.292686,0.142702,-0.056605,-0.267749,-0.047676,-0.160299,-0.111025,0.428825,-0.394977,0.449090,0.118794,0.059858,0.182205,-0.097558,-0.074332,-0.181936,-0.221268,0.389320,0.271477,-0.438341,-0.511123,-0.083669,-0.126857,-0.006625,-0.454392,-0.154953,-0.546207,-0.285615,0.160550,-0.028979,0.436742,0.283501,-0.305890,-0.552406,0.521778,0.437850,0.275734,-0.595201,0.263803,-0.409329,0.189326,0.373626,-0.314121
0.426279,-0.177514,0.546450,-0.069556,0.555774,-0.454579,0.194674,0.036387,-0.139361,-0.334026,0.240556,-0.170495,0.118558,-0.142097,0.525443,-0.425332,-0.277849,-0.193379,-0.052087,-0.293477,-0.116801,0.309250,0.246913,0.220806,-0.353612,0.271703,-0.276776,0.295285,-0.165865,-0.131946,-0.046417,0.267465,-0.450437,0.074578,-0.293629,0.312745,0.472307,0.009833,0.055667,0.363480,-0.006997,-0.020402,0.134756,0.070529,-0.291372,0.426822,-0.026897,-0.360291,0.332361,-0.063961,-0.329426,0.142251,0.436095,0.407914,0.524233,0.438969,-0.323932,-0.097712,0.282243,-0.150920,0.141865,0.178114,-0.045933,0.408648,0.158530,-0.111180,0.465870,0.027420,-0.254090,0.175676,0.331286,0.303688,0.385976,0.292407,-0.152190,0.355806,0.418638,-0.308435,-0.483521,0.582829,0.490212,0.586694,0.429985,0.030089,0.146833,0.041526,-0.363124,0.318832,0.021026,0.077388,-0.118551,-0.022556,-0.293475,-0.141945,-0.184703,-0.282667,0.496188,-0.327842,-0.229832,0.190564,0.254073,-0.300648,0.307327,0.299328,-0.291243,-0.101233,0.476416,0.333577,0.208218,-0.450303,-0.134333,0.108111,-0.169789,0.050753,0.091041,-0.153212,0.228452,0.281632,-0.175865,0.349982,-0.410016
0.156942,-0.393365,-0.455314,0.120134,-0.036736,0.300816,-0.201102,-0.242264,-0.047340,-0.054434,-0.178016,0.171538,0.146504,0.303992,0.488438,-0.205073,0.238722,-0.147465,0.218766,0.004781,0.418695,0.173060,0.431938,0.331283,0.317828,0.250444,-0.024175,-0.246676,-0.123470,-0.515115,0.009706,0.004422,-0.034905,0.394917,0.388768,-0.345061,-0.239758,-0.187094,-0.105273,0.321901,-0.001019,0.096370,0.288997,0.272043,-0.373511,0.116378,-0.102896,-0.214641,-0.547355,-0.103472,-0.082938,-0.217608,0.236620,0.401188,-0.298418,-0.369952,0.375574,-0.573177,0.413324,0.112999,-0.361119,-0.394147,-0.427790,-0.207509,-0.373489,0.249065,-0.345141,-0.019798,0.119303,-0.295637,-0.451548,-0.495805,-0.640654,0.103176,-0.156583,0.384713,-0.132568,0.029646,-0.017497,0.094863,-0.256921,-0.460820,0.049280,-0.247609,-0.238358,-0.002895,0.045084,0.241527,0.022671,0.232660,0.120813,-0.057425,0.140248,0.311846,-0.060835,-0.206646,0.083465,0.000752,-0.337462,0.525026,-0.437391,0.251630,0.200757,0.374757,-0.489527,0.135182,-0.047162,-0.249226,-0.554849,-0.056485,-0.076524,-0.366740,0.066012,0.064459,0.107091,0.308972,-0.249494,0.395457,0.363509,-0.355233,-0.483144
-0.081935,-0.127278,0.065428,0.112789,0.260934,-0.018358,-0.273155,0.411912,-0.239678,0.379761,-0.413356,0.436379,-0.416912,-0.276827,-0.386794,0.371844,0.426271,0.027533,0.582123,0.207397,0.201914,0.406339,-0.296015,-0.158724,0.412040,0.388208,0.536561,0.454276,-0.297368,0.246030,-0.134837,0.521583,-0.013573,-0.055191,-0.005457,-0.188452,-0.446372,0.388006,0.274193,-0.361618,0.277432,-0.122796,-0.144640,-0.321948,0.347832,0.152721,0.019127,0.104454,-0.431665,-0.043692,-0.344435,-0.240984,0.187067,0.340987,-0.030540,-0.194651,-0.026176,0.308397,0.250719,0.354021,0.035566,0.196172,-0.420246,-0.092419,0.036890,0.257525,0.534752,0.353908,-0.293752,-0.315329,-0.192908,-0.219392,0.097577,0.423485,0.429584,0.213545,0.530895,0.070831,-0.360813,-0.179689,-0.187105,0.156327,-0.343957,-0.093703,-0.115784,0.466581,-0.075939,0.217813,0.321303,-0.237586,0.136558,0.287217,-0.160608,0.464799,-0.295484,-0.433411,0.377121,0.347380,0.593244,0.272395,0.331772,0.308402,0.394626,0.101172,-0.124979,0.341854,-0.124809,-0.004873,-0.028384,0.109961,0.066570,-0.288984,0.546583,0.133151,0.583949,-0.159056,-0.276221,-0.100798,0.255513,-0.396825,0.388867
-0.570591,-0.357662,-0.357855,-0.375414,0.289420,0.272654,0.014342,-0.422950,-0.298831,-0.122720,0.383862,-0.330585,0.009350,-0.251057,-0.165112,0.092047,-0.401136,0.220239,-0.341519,0.211050,-0.469286,0.537443,-0.267051,0.366073,0.057924,0.283691,-0.001755,0.397666,-0.022880,-0.350955,-0.140452,-0.462929,0.225578,-0.321751,0.189758,0.099529,-0.243476,-0.020845,-0.277254,0.193309,-0.147566,0.376736,0.143232,0.256639,-0.500305,-0.165930,-0.294031,-0.537348,-0.538764,-0.006320,-0.150664,0.059977,0.499460,0.237236,-0.253650,-0.160224,-0.024547,-0.474278,0.113369,-0.184575,0.066858,0.073189,0.234316,-0.083713,-0.293640,0.335733,-0.077792,-0.306056,-0.254881,-0.336529,0.252824,-0.404782,-0.256237,-0.236713,0.203405,0.488375,0.264498,0.008425,-0.420842,-0.140738,-0.079087,-0.003549,0.153808,-0.486017,-0.134412,-0.507135,0.352649,-0.027258,0.038124,-0.517010,-0.021462,0.310321,-0.438309,0.195705,0.131628,-0.055831,-0.432286,-0.049163,0.239240,0.026001,0.103804,-0.072686,-0.157450,-0.225973,-0.518034,-0.113354,0.243589,0.153187,-0.516747,0.333621,-0.062462,0.330384,0.083950,0.083384,-0.469731,-0.279342,-0.557966,0.164179,-0.248109,0.080011,-0.427225
0.311278,-0.400519,-0.361867,-0.056233,-0.094233,-0.017429,0.333949,-0.291696,-0.144346,0.283141,-0.391058,0.461055,0.496067,-0.374986,-0.113362,0.147819,0.211927,0.083762,0.169878,0.405620,-0.297244,0.282363,-0.009271,0.079569,0.412367,0.235760,-0.157449,-0.009952,0.015007,-0.561884,0.306554,-0.337160,0.256014,-0.047691,-0.490678,0.398747,0.363755,0.017681,-0.192049,-0.365781,-0.309241,-0.229414,-0.171912,0.390483,0.218514,0.589151,0.298015,-0.036638,0.359570,-0.040407,0.498109,-0.180210,-0.579240,0.387661,-0.014799,0.669687,0.710327,-0.148439,0.059299,-0.104678,0.143910,0.180397,-0.167447,0.006423,0.177196,-0.263953,0.393748,0.224198,0.596377,-0.227982,-0.473273,0.011993,-0.422018,0.466365,-0.374450,0.218995,0.099731,0.098436,-0.589765,-0.041604,0.036882,-0.357583,0.219101,-0.170502,-0.157364,0.092532,-0.370573,0.327211,0.009170,-0.183934,-0.247830,-0.027878,-0.077099,0.151849,-0.448459,-0.200480,0.312954,-0.400620,0.425922,-0.452633,0.368503,0.099380,0.131089,-0.257105,-0.481265,-0.422432,-0.395745,-0.283998,0.008103,0.085453,0.267155,0.021821,0.074656,-0.203502,-0.248840,-0.150995,0.414394,-0.318995,-0.485344,0.146841,-0.292044
0.226651,0.265219,-0.558396,-0.492219,-0.101100,0.048562,-0.243710,0.189171,-0.043185,-0.334467,-0.605983,0.160534,-0.363941,0.278770,-0.157215,0.027351,0.287681,0.320090,-0.054510,-0.241635,0.254654,-0.156463,-0.337967,0.331366,-0.361864,-0.520965,-0.531841,0.075071,0.058363,-0.230120,-0.150177,-0.154866,0.118072,-0.513248,0.332734,-0.270739,0.419396,-0.389677,0.171331,-0.370833,-0.468603,0.356418,0.261594,-0.105259,0.197546,-0.052560,0.224208,-0.184884,-0.123175,-0.093962,-0.231238,0.302188,-0.267082,-0.348982,-0.044988,0.170983,-0.301301,-0.226782,0.385843,-0.259255,0.023011,0.129133,-0.129808,0.277325,0.263060,-0.009422,-0.023278,0.234534,0.108508,0.232919,-0.188739,-0.250068,-0.447765,-0.574565,-0.509455,0.303187,0.193237,0.190310,0.036899,0.322996,-0.026852,0.321297,-0.186295,0.354047,0.033962,-0.339416,-0.016492,0.024192,-0.308464,0.177146,-0.214749,-0.506474,0.432322,0.130300,0.339259,0.069756,-0.303067,-0.099691,0.090033,0.406268,-0.129693,0.385985,0.468932,0.137824,0.341068,-0.123030,0.372611,0.080632,-0.619272,0.255234,-0.102172,-0.178357,0.011501,-0.364134,-0.034523,0.309988,-0.558033,-0.364573,-0.617985,-0.199415,0.078777
0.412828,0.505727,0.141660,-0.197116,0.402681,0.339862,0.148666,0.265458,0.449642,0.220847,-0.094157,0.259266,-0.321124,-0.014895,-0.082630,-0.329297,-0.582110,-0.369680,0.233748,0.276656,0.457828,-0.089420,0.108334,0.421407,-0.216970,0.319775,0.242377,-0.416597,0.228515,0.306490,-0.362189,-0.405319,-0.390699,-0.156560,-0.009856,0.020771,-0.115242,0.507476,-0.153307,-0.414094,-0.323858,0.021023,-0.035779,-0.168205,-0.293443,0.483337,0.553445,-0.130271,-0.013347,0.217603,0.196416,-0.103003,0.308455,0.129589,0.063833,0.207018,0.512195,0.417021,-0.457238,-0.113876,0.074069,-0.072111,0.164982,0.319289,0.128003,0.480763,-0.122479,0.342334,0.167574,-0.119447,0.158762,-0.364331,0.396931,0.120859,-0.195609,0.146831,0.107622,-0.324538,-0.435739,-0.105695,0.106849,0.432002,0.374021,0.076823,0.364870,0.024082,0.251419,-0.311019,-0.203192,0.090246,-0.408213,0.247138,0.428651,-0.049397,-0.048330,0.399583,0.389711,-0.131932,-0.153164,0.231359,0.000926,-0.324702,-0.120210,0.434181,0.241976,0.499047,0.244920,0.469863,-0.171812,0.324877,-0.408770,0.304680,0.049816,-0.041199,0.415219,0.384784,-0.363431,0.196356,-0.171633,-0.032566,0.446053
-0.305026,0.378366,-0.411676,0.072304,0.131578,-0.280901,-0.196999,0.288194,0.120947,-0.291862,-0.081630,-0.491559,-0.359850,-0.029667,-0.462454,0.291290,0.216254,0.359186,0.142101,0.358404,0.002907,0.056146,0.372513,0.088178,-0.556179,0.165717,0.330035,0.308640,0.093221,0.176996,0.468176,-0.461596,0.211590,-0.151347,0.091632,0.044894,-0.427921,-0.359166,0.053923,-0.439315,-0.379992,0.338499,-0.243934,-0.019898,0.396748,-0.194339,-0.129829,0.008599,0.158126,0.374063,0.361104,0.249915,-0.388890,-0.639750,-0.287161,-0.339459,0.237492,0.220693,-0.429893,0.265431,-0.364504,-0.163289,0.093579,-0.142848,-0.103346,-0.521115,-0.180712,0.301417,0.425613,-0.036458,-0.122812,0.120522,0.390891,-0.234204,-0.110132,0.296291,0.150994,-0.328738,0.133310,-0.193968,-0.067904,0.096963,0.403079,-0.069849,-0.342296,-0.338042,0.360701,-0.370648,-0.033135,-0.264667,0.271860,0.029666,-0.212978,-0.032257,0.404708,-0.046971,0.121263,0.361016,0.441498,-0.135492,0.395230,-0.479311,-0.083808,0.395219,-0.167741,-0.159398,-0.253842,0.046373,-0.166911,0.180636,0.454861,0.163178,-0.330863,0.395592,-0.400885,-0.373166,-0.333203,0.161741,-0.410717,-0.436474,-0.306743
-0.153773,0.065457,0.279221,0.310213,-0.197833,-0.234428,0.396216,-0.496346,0.404386,-0.308698,0.420365,-0.193695,0.010683,0.156462,0.009500,-0.129999,0.299757,0.277341,-0.255843,-0.343907,0.171147,-0.301904,0.260702,-0.353308,-0.085311,-0.360114,-0.066212,-0.469608,-0.474130,-0.509018,0.394508,-0.297926,0.458652,-0.294294,-0.357785,-0.090130,-0.056764,0.470522,0.256404,0.366306,0.005993,-0.240888,-0.165977,0.387343,0.309945,0.333496,-0.255424,-0.573598,0.465554,-0.153751,-0.247432,-0.345798,0.207940,-0.616473,0.267591,-0.270128,0.585052,0.350990,-0.377282,-0.023853,-0.099871,-0.318941,0.174788,-0.108114,-0.060064,-0.355649,-0.072430,0.628211,-0.018825,0.588375,0.300433,-0.431925,-0.248900,0.422572,-0.227372,-0.481648,-0.197167,0.119562,0.261845,-0.258105,-0.178973,0.592780,0.225134,0.067923,0.358225,0.014699,0.157571,-0.227918,-0.289731,0.286804,-0.232022,0.393168,-0.141405,0.517538,0.389078,-0.228268,0.367515,-0.055625,0.412409,0.022704,0.313079,0.050885,-0.382934,-0.370819,-0.262660,0.288528,0.047733,0.170454,-0.181789,0.001634,-0.463992,0.375059,0.507196,0.014986,-0.423647,-0.441590,-0.021038,0.013284,0.284814,-0.179103,0.267268
-0.050452,-0.279987,-0.020167,-0.397405,-0.143109,0.252112,-0.175521,0.198019,-0.107724,-0.351219,0.044061,-0.053792,-0.289256,-0.499264,-0.167650,-0.463574,-0.370099,-0.101082,-0.285702,0.349839,-0.172544,0.286694,0.019586,0.122141,-0.391209,0.314292,-0.018316,0.321287,-0.068808,-0.401332,0.103109,-0.590741,-0.125871,-0.299861,0.095805,0.409211,-0.228229,0.172929,0.007628,-0.037109,0.413921,0.419327,0.230123,-0.286700,0.045542,-0.327100,-0.063859,-0.086318,0.120210,0.270803,-0.100066,-0.522678,0.345197,-0.272371,0.059959,-0.480019,-0.049521,0.430106,-0.451278,-0.148178,-0.442971,0.232092,0.350932,-0.332424,-0.458839,0.170019,-0.238048,0.154458,-0.443262,-0.450225,0.167768,-0.388295,0.123098,-0.590747,-0.299642,0.439887,-0.170803,0.314500,-0.351610,0.068864,0.118803,-0.279542,0.278480,0.000199,-0.347367,-0.083437,0.060804,-0.308153,-0.143419,-0.036424,-0.196303,0.178554,-0.103542,0.425389,-0.187617,-0.234377,0.064946,-0.058687,0.056760,-0.461769,-0.114179,-0.172226,0.427978,-0.308912,0.244156,0.145668,-0.154272,-0.082543,0.120785,0.253605,-0.349008,-0.207798,-0.264301,-0.541184,-0.001936,0.252598,-0.293449,0.135594,0.091138,-0.284634,-0.587355
0.292081,0.368451,0.183121,-0.505408,-0.290521,-0.416438,0.053332,0.199092,-0.446153,0.384062,0.092190,0.157695,0.514371,-0.403662,0.335120,-0.397477,0.058986,0.448309,0.338775,-0.096376,0.072393,0.161278,0.387590,-0.365881,0.357247,0.003518,-0.134132,-0.162665,0.024516,0.376225,-0.065896,0.422204,-0.208694,0.269998,0.346068,0.154243,0.147163,0.088843,0.337240,0.221962,-0.242813,0.403914,-0.192729,-0.168775,0.482216,-0.139953,0.225085,-0.230228,-0.458799,0.021705,-0.422748,0.117423,-0.179156,-0.029323,-0.307284,-0.193365,0.214896,-0.484127,0.024890,0.412112,0.283942,0.344291,-0.371771,-0.397336,0.494727,0.236830,0.267153,0.195895,-0.178457,-0.608062,0.261181,0.219714,0.027658,0.399985,-0.153556,-0.383712,0.466569,0.162461,0.153955,-0.303472,-0.181826,0.208440,-0.130077,0.355195,0.502744,0.336512,-0.095074,0.249612,-0.025513,-0.450260,-0.511129,0.040063,0.426128,-0.258602,-0.278862,0.523408,-0.396644,0.325221,-0.171212,-0.413168,0.510603,-0.646378,-0.166210,-0.316825,-0.278075,-0.322624,-0.385514,-0.365607,0.313372,0.018689,-0.101315,-0.031624,0.402251,0.241373,0.151920,0.340606,-0.136755,-0.000656,0.135406,0.179080,0.048090
-0.021891,0.582945,0.366338,-0.028327,0.253701,-0.208463,-0.364213,-0.030103,-0.123724,-0.542414,0.324326,-0.087965,0.172448,-0.357548,-0.326188,0.402121,0.020324,0.559094,0.583930,-0.061590,0.135030,0.441655,0.457254,0.207699,0.311906,0.358611,-0.114349,0.087097,0.272444,0.301940,-0.540342,-0.263033,-0.326068,-0.347795,0.364520,-0.375196,-0.253953,-0.086243,0.166771,0.138729,-0.275968,-0.209947,-0.215421,0.035243,-0.176308,0.471892,-0.065302,-0.385723,0.235668,-0.082783,0.227887,-0.171880,0.121139,0.393939,0.651363,-0.232214,-0.140401,-0.122544,0.390154,0.427791,-0.351468,-0.240449,0.074152,-0.363808,-0.073534,-0.320902,0.113916,0.498773,0.710976,-0.014853,0.017163,0.386075,-0.310757,0.268560,-0.032656,-0.324220,-0.039967,-0.610131,0.105651,-0.144183,-0.007930,0.035409,0.447998,0.024412,0.159591,0.131574,-0.023177,-0.321126,0.189531,-0.520697,-0.483263,0.257693,-0.231717,-0.059213,0.009526,0.025843,0.286078,0.162376,0.190542,0.325085,-0.289989,-0.336181,-0.059436,-0.037000,0.259921,0.254420,-0.315961,-0.470740,-0.379724,-0.164857,-0.362592,0.068028,0.298117,0.194967,-0.144533,-0.012988,0.146381,0.157103,0.370314,0.485736,0.074762
0.154237,-0.468824,0.072612,-0.245746,0.066509,0.281776,-0.243513,-0.436868,-0.507726,-0.575949,-0.470632,-0.383353,-0.317448,-0.315054,0.410824,-0.294284,-0.193654,0.006263,0.250115,0.068637,-0.247335,-0.037595,0.299078,0.196744,0.140768,0.329389,0.337215,0.251388,-0.043912,0.158802,0.263711,-0.522577,0.432663,-0.226255,0.107452,0.385362,-0.321293,-0.055103,-0.411068,0.022606,-0.278164,-0.113459,-0.133925,0.471722,0.612271,-0.252546,0.268424,-0.474594,-0.515920,-0.435437,0.475157,0.542591,-0.320964,-0.550895,-0.572594,-0.143078,0.149188,-0.228984,0.208040,-0.244387,0.419954,0.124552,-0.010825,0.283456,0.326607,-0.604664,-0.549321,0.587385,-0.347027,-0.365332,0.009785,0.292913,0.230677,0.379776,0.081319,-0.423995,0.158973,0.377479,-0.447834,-0.020528,-0.134368,0.184476,0.462778,0.159606,0.464293,-0.402136,0.432402,0.378619,-0.027325,0.487196,-0.167095,0.460808,0.565781,0.376499,0.126649,-0.434731,-0.008094,-0.112383,0.252809,0.095637,0.233426,-0.357992,0.203896,0.296924,0.361184,0.017730,-0.413448,-0.574454,0.088704,0.103528,0.490174,-0.253521,-0.384637,0.120144,0.157690,0.419682,0.210526,-0.047244,0.106928,0.306937,-0.050277
-0.281267,-0.264547,-0.520867,0.159246,-0.367784,-0.299505,-0.139977,0.168128,-0.169736,0.147913,-0.506449,-0.418416,0.079309,-0.089151,-0.140635,-0.340471,0.355390,0.250346,-0.244827,-0.218173,0.653327,0.202369,-0.103712,0.199623,0.317891,0.353853,0.022322,-0.081720,-0.663560,0.397234,0.260323,-0.150654,0.449236,0.200890,0.465289,0.423965,0.549641,-0.193884,0.316245,0.258169,-0.368437,-0.460360,0.527517,-0.064933,0.289718,-0.732501,-0.558990,0.013023,-0.243132,0.234834,-0.033694,-0.463073,-0.410236,-0.088520,-0.117903,0.399282,-0.323714,-0.635426,-0.101055,-0.374734,-0.369718,-0.217827,0.237384,0.374865,0.290575,-0.197230,-0.290988,0.242138,0.316139,0.369286,-0.387966,-0.415566,0.197508,0.370358,0.277419,0.230207,0.433127,0.050082,0.316252,0.590697,0.515034,0.004309,-0.407668,0.045600,-0.043778,0.381389,-0.452759,-0.174124,0.149269,-0.339707,-0.154525,-0.102328,-0.076441,-0.034126,0.328396,-0.021201,0.422662,-0.002365,-0.183033,-0.106634,-0.671330,-0.073613,-0.421291,-0.053369,0.133798,-0.102678,-0.320888,0.269506,0.450313,-0.374243,-0.281881,0.679712,-0.248199,0.680845,-0.133789,0.564967,-0.202308,0.411734,-0.199797,0.134232,-0.428328
-0.354673,0.199017,-0.017568,0.424527,-0.036487,0.370128,-0.016160,0.509070,0.520527,-0.072739,0.324548,0.290229,-0.365020,0.027381,-0.430951,0.387045,-0.242587,-0.401789,-0.198619,0.044074,0.290331,0.414703,-0.064299,-0.500971,0.153492,-0.048921,-0.061188,-0.207944,-0.021586,-0.176698,0.120099,0.023775,0.301103,0.038471,-0.248884,0.314140,-0.036204,-0.405917,0.151876,-0.043355,0.402352,0.022845,0.226625,-0.389655,-0.037703,0.625087,0.287554,-0.397303,-0.300508,-0.267966,0.130483,0.250803,0.288268,0.156102,0.324978,-0.030836,-0.373315,0.121538,0.520716,0.234914,0.002887,0.056535,0.380965,-0.022901,-0.247006,0.531767,0.479867,-0.223927,-0.109654,-0.231824,-0.372421,0.359011,-0.190400,0.292082,-0.342293,0.019994,-0.540378,0.285681,0.115781,0.009400,-0.608366,-0.515349,-0.468924,-0.295498,0.028191,-0.039194,0.125963,-0.019742,-0.409840,-0.200296,-0.330196,0.423572,0.015023,-0.392938,-0.393531,0.325662,0.151715,0.133255,-0.071023,-0.209036,0.392586,0.225772,-0.137428,0.408127,0.246281,-0.213207,-0.137920,-0.350049,-0.433695,0.143866,-0.303494,0.284993,0.381680,-0.400296,-0.029493,0.324749,0.193298,0.199383,-0.172619,-0.126741,0.039095
0.555385,-0.144979,0.422184,-0.211842,0.507844,0.199966,-0.039068,0.071895,-0.275575,-0.265441,-0.307205,-0.289779,-0.079971,0.325502,0.022238,-0.273128,0.309087,0.137097,0.670152,0.313483,-0.196440,0.007927,0.073098,-0.449948,-0.459457,-0.310898,-0.272246,-0.111521,-0.064185,-0.140288,0.179459,0.061160,-0.113508,-0.499975,-0.387638,-0.076528,-0.303855,-0.039063,0.120558,-0.050417,-0.280282,-0.111055,0.069682,0.352582,0.396606,-0.073624,-0.110511,-0.115600,0.434025,-0.380672,0.489733,0.079023,0.118269,-0.561721,0.143496,0.037805,-0.286851,-0.360714,0.420987,0.095384,0.000587,-0.353418,0.208492,0.087772,-0.028237,-0.058927,0.056538,0.264182,-0.303745,0.471434,0.219395,-0.136725,0.031107,0.390152,-0.305166,-0.344697,0.102894,-0.226140,0.443937,-0.228942,0.315876,-0.334154,-0.368030,0.449615,0.163436,-0.037003,-0.250557,-0.153349,-0.044770,0.504418,0.528024,0.215983,-0.167936,-0.019375,0.246335,-0.316903,-0.090150,-0.340046,-0.413513,-0.492344,-0.082820,0.346872,0.086763,-0.173414,-0.375264,0.042847,-0.201654,0.131785,0.558672,-0.344550,-0.284649,0.014661,0.445326,0.402273,0.636354,-0.101035,0.499651,-0.430534,-0.483409,0.430163,0.507478
-0.553263,-0.378434,-0.465258,-0.418487,-0.336121,0.377759,0.140411,0.251123,0.236451,0.081506,0.291610,0.017891,-0.302404,0.040765,0.010385,0.375962,0.431424,-0.200046,0.242094,-0.375402,0.312289,-0.114916,-0.532447,-0.229629,0.010794,-0.409599,0.449422,-0.374973,0.335678,0.090473,-0.198375,-0.089878,0.270687,0.020661,0.055394,-0.184206,-0.130220,0.454720,-0.319041,-0.048521,-0.350478,0.223464,0.262464,-0.155916,-0.405235,-0.570737,-0.184924,-0.168778,0.344872,-0.064624,-0.284499,0.409388,-0.005266,0.106562,-0.403982,-0.056663,0.360306,-0.015790,-0.245907,0.032192,0.265913,-0.269795,-0.037774,0.418836,-0.301449,0.235611,0.046935,0.226530,-0.232395,-0.322239,0.115924,-0.399102,-0.236738,-0.396997,-0.496865,0.440214,-0.103125,0.429459,-0.428304,0.130142,-0.358803,0.242122,0.199518,-0.522076,0.268212,-0.367774,0.112594,0.453733,0.266625,0.400563,-0.159936,-0.361805,-0.369450,0.063809,0.183934,-0.494853,0.015892,-0.263873,-0.211839,0.177728,-0.071040,0.256416,-0.347690,0.244689,-0.414737,-0.273027,0.055102,0.220693,-0.391146,-0.210858,0.001326,-0.292638,0.199827,0.259682,-0.362592,0.021206,0.258953,-0.136228,0.091085,-0.546804,-0.021425
-0.360720,0.354512,-0.148622,-0.399377,0.270713,-0.432647,-0.036712,-0.073615,-0.157337,0.502811,0.264920,-0.400744,0.191859,0.097914,0.523344,-0.343570,0.115644,0.039351,-0.053323,-0.059082,-0.171654,0.392863,0.068805,0.536865,-0.226760,0.254616,0.512159,0.116908,0.390218,0.383485,-0.171075,0.033401,-0.282754,0.097943,-0.342607,0.237615,0.028205,0.001365,-0.126768,0.335212,-0.466923,-0.200829,-0.258759,0.581569,0.320376,0.046467,0.415700,-0.260030,0.444322,-0.307083,-0.304233,-0.562067,-0.029331,0.568100,-0.026739,0.561255,-0.271389,-0.291697,0.035207,0.164018,0.278946,0.033290,0.273119,-0.271520,0.120476,0.644936,-0.306106,0.358713,-0.036522,-0.250091,0.453568,-0.040439,-0.181551,-0.302960,-0.135458,0.331094,0.076895,0.435190,-0.253392,-0.414411,-0.684427,-0.165771,0.484870,0.186402,-0.203949,0.345758,0.312336,-0.336534,0.416431,-0.210104,-0.423465,-0.340431,-0.114828,-0.166967,-0.199450,-0.359141,0.248310,0.485449,0.368556,-0.016320,-0.081880,-0.305342,-0.454558,0.008020,0.167942,0.250703,0.193429,-0.141889,-0.181923,0.181332,-0.190854,-0.232616,0.003822,-0.204673,-0.375264,0.296210,0.464676,-0.204657,-0.379485,0.200683,-0.282215
-0.224600,-0.508176,-0.412000,0.061636,0.137168,-0.300055,-0.124460,-0.396738,-0.464676,0.377891,-0.029943,-0.083871,0.147965,0.236952,0.221763,-0.528131,-0.287390,0.217371,-0.239326,0.435212,0.255193,0.686491,-0.297881,0.343670,-0.315249,0.364364,-0.456392,0.051126,0.261012,-0.075036,-0.183885,0.393722,0.075841,0.262389,-0.427333,0.269054,0.046077,-0.237405,-0.506498,0.236450,-0.377748,-0.533797,-0.105497,-0.384345,-0.154158,0.254031,-0.478491,-0.259913,-0.495659,-0.055911,0.174639,0.259614,-0.110039,-0.300544,-0.603025,0.045118,0.480435,-0.346545,-0.298730,-0.459202,-0.029557,0.044358,0.144769,0.410995,0.038645,-0.243227,-0.261131,0.165557,0.080002,-0.074018,0.130538,0.069630,0.237119,0.023371,0.325207,-0.173033,0.070833,0.373731,-0.023858,0.145439,0.237943,-0.501123,0.036630,-0.401314,0.349504,0.265973,-0.329179,-0.359936,-0.093812,-0.142030,-0.385329,-0.014272,-0.295985,-0.378374,0.203749,0.374188,0.123914,0.336309,-0.139355,-0.285651,-0.443686,0.261015,0.553708,0.268957,0.377279,0.230535,-0.172508,-0.090856,-0.561288,-0.533081,0.200961,-0.242080,-0.090817,0.046572,-0.234238,-0.122073,-0.159880,-0.206618,0.255032,-0.083467,-0.029941
0.412488,0.347275,0.371414,-0.225279,-0.453940,-0.225950,-0.226012,0.347213,0.127968,-0.403269,-0.370875,-0.367027,0.146032,0.264893,0.378305,0.263247,-0.349918,-0.159603,-0.165672,-0.069197,0.485242,0.144998,0.204337,0.002364,-0.445819,-0.399951,0.062644,0.132098,-0.377667,0.249147,0.387443,-0.070509,0.142542,-0.084514,0.148519,0.255733,0.530751,-0.121959,-0.088959,-0.383581,-0.369607,0.157462,0.443364,-0.191368,-0.385321,-0.096004,0.023471,-0.151040,-0.244191,0.258321,-0.494665,0.014879,0.196470,-0.321815,0.024720,0.049152,0.171411,-0.000291,-0.081402,0.401647,0.282138,-0.149843,-0.382187,-0.417305,-0.367240,0.118201,-0.606623,-0.277044,0.258124,-0.266078,0.325849,0.300829,-0.237156,0.228483,0.233387,-0.131056,-0.262458,0.119091,0.457684,0.115639,-0.296384,0.031077,0.007994,0.187517,0.265683,0.021937,0.337643,0.205496,0.174160,-0.443968,0.344628,0.408449,-0.454485,-0.086227,-0.138321,0.286046,0.242326,-0.344829,0.452092,-0.331568,0.244648,-0.129662,-0.240103,-0.454985,-0.451423,0.077812,0.092730,-0.344908,-0.361480,-0.412056,0.232826,0.188009,-0.454882,-0.066590,-0.439916,0.299667,0.358883,0.069333,0.359339,0.326736,0.305403
-0.128074,-0.280815,-0.352094,-0.215922,0.036018,-0.380737,-0.254190,-0.038058,-0.373154,0.022696,0.324905,0.154383,0.003589,0.003926,-0.074144,-0.354268,0.399085,-0.262222,-0.418957,0.236252,-0.319705,-0.097715,-0.497060,-0.457055,-0.480176,-0.524933,0.093559,0.382411,-0.022517,0.330582,-0.341159,-0.241700,-0.362637,0.169383,-0.114610,0.066244,0.106612,-0.038555,0.073877,0.423612,-0.153849,-0.228173,0.092434,-0.038954,-0.314498,-0.145321,-0.034555,-0.129234,-0.488846,0.319692,0.211313,-0.011334,0.231193,0.376164,-0.409459,-0.283594,0.016500,0.292883,-0.433504,0.426039,-0.228901,-0.248156,-0.250896,-0.313354,0.328943,0.416574,-0.184204,0.347529,0.276697,-0.024202,0.161744,-0.130433,-0.133698,-0.551027,0.149451,-0.394469,0.288162,0.251763,-0.390214,-0.268513,-0.186159,0.140212,-0.249252,0.006398,-0.399785,-0.554698,-0.535338,-0.285924,0.271590,0.439448,-0.229055,-0.047322,-0.326891,0.063817,-0.359380,0.004808,0.235561,-0.403346,0.223021,-0.420138,-0.117510,-0.287645,-0.071610,-0.210695,-0.103617,-0.080790,-0.265409,0.063970,0.221093,-0.213809,-0.368742,-0.269388,0.306659,0.064504,-0.038631,-0.372445,-0.167420,-0.344152,0.348035,0.262104,-0.613378
0.099249,-0.183664,-0.021157,0.425874,0.121427,-0.137761,-0.240892,0.346027,0.197512,0.025579,-0.229676,-0.071979,0.558665,0.096480,-0.116546,0.028366,0.279599,-0.098810,-0.228809,0.151300,0.130974,0.156243,0.399993,-0.109272,-0.349226,0.548148,-0.054279,0.126595,0.164313,0.128084,-0.168028,0.313945,0.213239,-0.006433,0.011200,-0.330607,-0.365054,-0.076245,-0.146464,0.418509,0.251287,0.281202,0.061538,-0.254048,0.419680,-0.193712,-0.338961,0.032953,0.440843,0.471083,-0.443414,0.376261,-0.252385,-0.425621,0.388909,0.348667,0.088739,0.064720,0.380070,0.319370,0.473591,0.121056,0.531357,0.526746,-0.399780,0.306569,0.045258,-0.136543,0.147686,-0.377437,0.058032,0.404934,-0.203986,-0.027335,0.483267,-0.035104,-0.111551,-0.125651,0.054482,0.164842,0.368945,-0.016423,0.349916,0.069657,-0.095262,0.200688,0.291627,0.100219,-0.417100,-0.371313,-0.230172,-0.113583,0.202547,-0.492731,0.357761,-0.182099,-0.107383,0.080123,-0.225550,0.485010,-0.352060,-0.078156,0.251110,0.114751,-0.150134,-0.089812,0.302838,0.513278,0.459508,-0.112060,0.573019,-0.419549,-0.430504,0.345388,-0.314841,-0.409999,-0.192356,0.042425,0.312348,0.162433,-0.179789
0.068830,0.435738,0.226570,-0.284412,0.395181,0.307404,-0.353701,-0.476457,-0.326476,0.275528,-0.385567,-0.065271,-0.410459,0.411579,-0.216424,0.330304,0.494622,-0.405985,0.014562,-0.463903,0.460762,-0.018113,-0.446055,-0.418181,-0.119748,0.432746,0.140451,0.352062,-0.136261,-0.464190,0.510033,-0.518896,0.323191,-0.213336,-0.537203,0.134620,0.472012,0.477307,-0.437049,-0.328089,0.209527,0.052889,0.366400,-0.269312,0.313934,0.051326,0.251567,-0.021244,-0.081513,0.490739,-0.056043,0.334414,0.499343,0.101223,0.167783,-0.571231,-0.666558,-0.301265,-0.366824,-0.295624,-0.146663,-0.110986,-0.190902,-0.438120,-0.494033,0.198281,0.100732,-0.117594,-0.112075,0.298161,-0.076221,0.093003,0.473167,0.361870,-0.193025,0.101351,-0.411669,0.031800,0.600323,-0.091562,0.313796,-0.200052,0.467322,0.056252,-0.366859,0.160153,-0.335182,-0.609652,0.235752,-0.297231,0.356504,-0.264025,-0.409603,0.381303,-0.217055,0.104580,0.171999,0.037049,0.255378,-0.008317,-0.198783,0.323696,-0.329321,-0.117493,0.378710,0.078973,0.245038,0.116101,0.364155,0.486881,-0.237522,-0.381079,0.005537,0.329364,-0.134291,-0.528064,-0.161334,0.335610,0.160844,-0.048697,-0.250824
-0.192238,-0.367353,-0.433853,0.375350,0.484740,-0.421322,-0.393306,-0.209191,-0.111194,-0.308196,-0.174062,-0.396440,0.224090,0.151203,0.086906,-0.222265,0.425460,0.573631,-0.289543,-0.286378,0.094524,-0.400813,-0.026352,0.040619,-0.054441,-0.225530,0.016239,0.325430,-0.315840,0.311443,-0.495256,-0.486358,0.046024,-0.411149,-0.438070,-0.359483,0.010641,0.166666,-0.357648,0.104492,-0.313628,0.235106,-0.149108,0.066651,0.461645,0.425725,-0.503628,0.351604,-0.494087,0.433238,-0.268028,-0.114384,-0.313326,-0.302449,0.123274,0.327725,0.034130,0.188298,0.244966,-0.283405,-0.502781,-0.530933,-0.222735,-0.228794,-0.344453,-0.263976,-0.320579,0.343786,-0.377541,0.037554,0.118242,-0.028852,-0.462394,-0.200931,-0.500286,-0.063733,-0.226967,0.069803,0.290507,-0.050291,-0.115228,-0.119180,0.315403,-0.338570,0.187213,0.255417,-0.096803,-0.181544,-0.039401,-0.405256,-0.366921,-0.364566,-0.371558,0.027734,0.297159,-0.311918,0.386472,0.443676,0.449008,0.315567,-0.175850,-0.465360,0.088416,0.084812,0.399188,0.528942,-0.013765,-0.201563,-0.370394,-0.526144,0.020242,0.064524,0.313593,-0.030183,0.435051,0.188897,0.373180,-0.297796,0.366650,0.134034,-0.379303
-0.150993,0.445865,-0.403607,0.036780,-0.043789,0.221720,0.308152,-0.159127,0.041536,0.617212,0.377550,0.459126,0.041501,-0.213168,-0.189222,0.291005,-0.375364,-0.241250,-0.518002,-0.062336,0.240036,-0.500020,0.134163,0.427542,-0.176475,0.254864,0.381360,0.474796,-0.214811,-0.383973,-0.288804,0.291159,0.200205,0.162017,-0.152404,-0.370724,0.159771,0.048695,0.149260,-0.024763,-0.166669,-0.248470,-0.201336,-0.181169,-0.439109,-0.255577,-0.444034,-0.362458,0.343219,-0.050544,0.081692,0.238424,0.033234,0.402052,-0.393432,0.257467,0.293642,0.369815,-0.292745,-0.238357,-0.227442,0.236614,0.196772,-0.107366,-0.020470,0.089247,-0.017167,0.511437,0.068357,-0.353913,0.132146,-0.262324,0.243210,0.586530,0.386920,-0.065295,-0.270468,-0.406307,0.115487,-0.330433,-0.100775,-0.504050,-0.180766,-0.325049,0.598668,0.300779,-0.123606,-0.333788,-0.104381,-0.493403,-0.007218,0.351937,0.127603,0.016634,-0.042784,0.442779,0.590980,0.106616,-0.130456,-0.001933,-0.357136,0.161559,0.017042,-0.326092,-0.199090,-0.013370,0.314990,0.130600,0.303185,-0.029369,0.164321,0.096113,0.204724,-0.282592,0.032475,-0.126454,0.006734,0.533938,-0.289718,-0.112428,0.166784
0.394829,-0.081662,0.205619,0.182001,-0.418652,-0.166264,-0.018304,0.488233,-0.440665,-0.268656,0.050432,0.016708,0.011190,0.065940,-0.321524,-0.404875,-0.300850,0.419837,0.189410,0.628189,0.354057,-0.362042,-0.156164,-0.535020,0.524773,0.400284,-0.152447,-0.341325,-0.095908,0.053919,-0.082672,-0.252623,0.190489,-0.381559,0.145547,0.294480,0.023790,0.379232,-0.215952,-0.531110,0.093996,-0.069341,0.045216,0.259329,0.357473,0.019428,0.174171,-0.372273,-0.291242,0.240526,0.025411,-0.116739,-0.367236,0.051993,-0.209034,0.072756,-0.431513,-0.541415,-0.239582,-0.208477,0.435624,-0.450085,-0.185781,0.083791,-0.193606,-0.513524,-0.522397,0.517393,0.280956,0.014083,0.088436,-0.181970,-0.117157,0.159934,0.533480,-0.279711,0.182759,-0.574077,-0.335329,-0.486802,-0.254136,0.531528,0.039273,-0.395997,0.444446,0.351123,0.280818,0.593377,-0.202210,0.181111,0.150877,0.247997,0.375135,0.017289,0.391938,-0.182611,-0.159911,-0.421013,0.478405,-0.149108,0.259110,-0.002338,0.591542,-0.145935,0.269200,0.385303,0.134170,-0.098244,0.278808,0.403419,0.240826,-0.376826,0.290245,-0.105654,0.200946,0.224849,-0.262312,0.161451,0.084226,0.415049,-0.311247
-0.175537,0.291818,-0.464609,-0.418166,0.399643,-0.281048,0.474184,-0.369341,-0.139938,0.189231,0.130588,0.023682,-0.042616,0.236505,-0.343977,-0.057697,-0.305253,0.135416,-0.257412,-0.195043,0.076375,-0.469713,-0.431505,0.040496,-0.189583,0.260819,0.113237,-0.567929,0.115691,-0.419939,0.241510,0.317438,-0.001267,0.076565,-0.425818,-0.201634,0.240535,-0.435959,-0.366318,-0.160245,0.212750,-0.039740,0.412151,-0.373009,-0.179736,0.024168,-0.421324,0.053263,-0.447067,-0.540931,-0.498185,0.367046,0.127068,0.257422,-0.018744,0.130682,-0.165705,0.361462,0.110903,0.111373,-0.570948,-0.024218,-0.198511,0.370690,-0.234224,-0.318638,-0.032804,-0.237056,-0.379370,0.279745,-0.042664,0.232983,0.211012,-0.274433,-0.211664,-0.460195,0.421486,-0.168089,-0.290946,-0.227978,-0.078404,-0.266196,-0.183463,0.212913,0.261796,-0.272339,-0.254659,0.317215,-0.299022,0.367395,-0.489317,0.153643,0.193228,0.063940,0.306996,-0.503590,-0.249175,-0.138646,0.159668,-0.313086,0.417716,-0.007595,-0.324756,0.260963,-0.298088,-0.044786,-0.523699,-0.216499,0.028849,-0.035708,-0.174555,-0.066052,-0.216208,0.067325,0.447491,0.321432,-0.338669,-0.451011,0.422366,-0.064455,-0.058354
0.241562,-0.210340,-0.075216,0.417208,0.124455,-0.444337,-0.400905,-0.344246,0.158785,-0.272630,-0.555878,0.418995,-0.349093,-0.517979,-0.306165,-0.211893,-0.144838,0.359343,0.385294,-0.010661,-0.123232,-0.029334,-0.299154,-0.560317,0.410468,-0.345459,-0.331488,-0.107801,-0.049713,-0.511826,-0.325100,-0.051627,0.183622,-0.380283,-0.237766,-0.027290,0.360496,-0.197485,-0.404317,-0.128758,0.248459,-0.405665,-0.087404,-0.395214,-0.462722,-0.116582,-0.337573,0.290503,0.085801,-0.071272,-0.143972,-0.131661,-0.446351,0.335814,0.465205,-0.289093,-0.350480,-0.453616,-0.016290,0.114465,0.321458,0.218756,-0.122655,-0.014844,0.220593,0.032422,-0.052439,0.122763,0.132385,0.022584,-0.034592,0.172476,0.105212,0.010811,0.107040,-0.183369,-0.183100,-0.497218,0.067600,0.137566,0.539146,-0.245687,-0.206143,-0.366426,-0.459538,0.242191,-0.343787,0.009101,0.261153,0.050707,0.305148,0.026319,-0.209472,0.270223,0.270698,-0.385711,-0.502590,-0.440010,-0.353408,0.403209,0.174855,-0.052895,0.332189,0.032977,-0.120857,0.352372,0.218765,0.293337,-0.009881,0.248544,-0.389547,-0.006035,0.474510,-0.138786,0.317224,0.088848,-0.357501,0.296527,-0.419884,0.083582,-0.433769
0.626360,-0.102686,-0.103315,-0.227859,0.601890,0.345797,0.268673,0.005638,0.127620,-0.229628,0.282625,-0.129888,0.558006,0.314412,-0.062136,-0.166402,0.315089,-0.344270,-0.337134,-0.315603,0.086322,0.420695,-0.019056,-0.359405,0.001235,0.276916,-0.250392,-0.135248,0.388447,0.425873,0.535268,0.248133,-0.368709,-0.235277,-0.044417,-0.182470,0.511348,0.322738,0.239863,-0.180462,0.377809,0.414690,-0.202984,0.387472,-0.309434,-0.318338,0.252749,0.142703,-0.348163,-0.087492,0.503144,0.307684,0.173065,-0.303699,-0.246765,-0.186445,-0.299668,-0.147256,-0.215579,0.094013,-0.033800,0.429856,-0.327187,0.059289,-0.543656,-0.168376,-0.345843,0.479206,0.204635,0.079336,-0.250004,0.116453,0.369887,-0.209726,0.027672,0.370010,0.242690,0.200104,0.515023,0.391311,-0.094863,0.101906,0.408260,0.282276,0.667402,-0.332233,-0.159290,-0.230121,-0.268992,-0.317792,0.327878,-0.476077,0.288242,0.165862,-0.262912,-0.123237,0.308016,0.408806,0.443267,0.326502,0.286594,0.063803,0.446910,0.267679,0.468127,-0.563183,0.506377,0.091147,0.465903,-0.222220,-0.028966,-0.273416,-0.228197,-0.292464,0.446583,-0.381942,-0.114977,-0.270768,0.198862,-0.081978,-0.059462
-0.047837,0.167230,-0.336954,-0.282801,-0.091159,0.387864,-0.227661,0.024674,-0.289686,-0.133350,-0.387182,-0.437217,-0.085816,-0.096830,-0.283843,0.285427,0.429776,-0.205697,0.061705,0.315012,0.287201,0.112841,0.213591,-0.351840,-0.008338,-0.214744,-0.239879,-0.002461,-0.421225,0.213606,-0.040453,-0.022763,-0.475685,-0.319046,0.071722,0.518607,-0.432844,-0.253427,0.458764,-0.353670,0.407925,0.181980,-0.075826,-0.175609,-0.233713,-0.154846,0.345897,0.212721,0.128699,0.276672,-0.192744,0.093218,0.153056,0.488881,-0.199972,0.343752,0.515293,-0.240546,-0.480175,-0.030518,-0.189784,0.156281,0.453232,0.041531,0.241654,0.351555,-0.485808,-0.091990,0.630697,0.048837,-0.501391,-0.315958,0.128517,0.242635,0.338699,-0.129967,0.624897,0.088077,0.157311,0.145958,-0.194056,0.333686,-0.311129,-0.205614,0.253040,0.074806,0.419691,0.085896,-0.099884,0.505243,-0.307908,0.382510,-0.300640,0.350884,-0.201231,0.064334,0.352000,-0.013063,0.412165,0.539598,0.207449,0.244307,-0.196040,-0.279849,-0.252663,-0.100796,-0.281902,0.066183,-0.348287,-0.435742,-0.358270,0.521293,0.250655,-0.161710,0.496849,-0.320675,0.722290,0.473864,-0.108910,0.155273,0.268417
-0.069328,0.334332,-0.387303,-0.309304,-0.418427,-0.297735,-0.239799,0.467879,-0.443652,-0.125388,-0.035647,0.367585,0.494936,0.240640,0.480342,0.132283,0.337121,0.174500,-0.335393,-0.108083,0.131111,-0.107806,-0.249705,0.088924,0.440638,-0.473118,0.290373,0.223088,0.324976,0.366242,0.305653,-0.017624,-0.430097,-0.163641,0.275031,0.377901,0.289825,-0.291683,0.137167,-0.151213,-0.593734,-0.324563,-0.448156,0.421256,-0.420511,-0.292677,0.467440,-0.138260,-0.489566,-0.204844,-0.362280,-0.331850,-0.543811,0.042161,-0.104378,-0.018775,0.226887,-0.046428,0.364390,-0.013674,-0.108985,0.235422,-0.406931,-0.407800,0.078823,0.030731,0.204056,0.314511,-0.173207,0.146287,-0.036999,0.462753,0.327789,0.394552,-0.205006,0.279350,-0.249741,-0.360745,0.402860,-0.575627,0.413369,-0.292601,0.320773,-0.219886,-0.111768,-0.303755,0.115656,-0.113998,0.109335,-0.573856,-0.456011,-0.515189,-0.115568,0.288794,0.336088,-0.283385,0.078056,0.243083,-0.132720,-0.055011,-0.108990,-0.505549,-0.382349,-0.174773,0.076202,-0.579543,-0.349350,-0.192501,-0.405913,-0.307662,0.431819,-0.502901,0.135925,-0.206745,0.162794,0.150084,-0.220262,0.278298,-0.087746,0.293156,-0.091140
0.464975,0.269890,0.418614,-0.004592,-0.044267,0.263319,0.301816,0.405043,-0.229823,0.219781,-0.329886,0.010216,-0.341390,-0.140390,0.457799,-0.369780,0.050810,0.137990,-0.339234,-0.047000,0.119930,-0.325121,0.156657,0.427221,-0.288073,-0.308286,-0.088973,0.294366,-0.241841,-0.451561,0.102217,0.419767,-0.185692,-0.192379,0.342848,0.161755,0.208645,0.071311,0.411004,0.188557,0.451293,0.273705,0.220683,-0.238463,-0.310787,0.129494,-0.365521,-0.038090,-0.271502,0.308502,-0.410463,0.314234,0.272345,-0.325071,0.086780,-0.245859,-0.223288,-0.251470,-0.595219,0.356674,-0.464269,0.166777,-0.189792,0.120760,-0.062549,0.070614,0.219778,0.238251,-0.338532,0.145429,-0.348823,-0.540977,-0.100607,-0.092206,-0.096416,0.151833,-0.094682,-0.239133,-0.542154,0.273147,0.193059,-0.041501,0.073926,-0.053139,-0.059268,-0.015771,0.122800,0.155305,-0.131808,-0.419271,-0.385990,0.211106,0.553508,-0.054651,-0.419650,0.209415,0.306806,0.345761,-0.022747,0.369736,-0.406988,-0.323763,-0.404249,0.317001,-0.325815,0.029701,-0.084728,-0.255446,0.355384,-0.381849,-0.184802,0.271938,-0.509818,0.194621,0.252424,0.498586,0.468471,-0.105009,0.061969,-0.467607,-0.252236
-0.468894,-0.249493,0.288430,-0.136407,0.100908,-0.057908,0.004674,0.481671,-0.203052,0.168044,-0.144682,-0.505030,-0.092124,0.272150,-0.408288,-0.382640,-0.215028,0.391935,0.181580,0.093104,0.083311,0.530958,0.284669,0.278184,0.301051,0.095756,-0.065978,0.368096,0.370371,-0.464687,-0.392720,0.472545,-0.241559,0.507112,-0.181500,-0.423041,-0.454816,-0.386540,-0.209400,0.028486,-0.014674,0.538437,0.134614,0.021086,-0.229592,0.156445,-0.026453,-0.522936,-0.539542,-0.457243,-0.384179,0.212949,-0.459080,0.431157,0.650897,0.336499,0.277339,-0.144045,-0.001514,-0.365962,0.240163,0.311981,0.352222,0.010404,0.169671,-0.374625,-0.470803,0.067821,-0.129010,0.547385,-0.385226,0.317165,-0.085338,0.238192,0.307310,0.517453,-0.101033,0.504160,-0.317249,-0.475753,-0.055236,0.387849,-0.027004,0.265242,0.191077,-0.374900,0.397094,-0.307018,0.461129,-0.136291,0.069610,-0.084020,-0.321520,-0.088333,-0.323025,-0.386482,-0.376070,-0.112778,0.262301,0.162771,0.284540,0.152672,0.174315,0.030158,-0.071491,0.216573,-0.410069,0.275450,0.207206,-0.326301,0.289257,-0.388798,-0.405695,-0.529912,0.221276,0.176433,0.293106,-0.365337,0.064080,0.115547,-0.421134
0.149104,-0.456246,-0.328776,-0.047103,0.094773,-0.461432,-0.430244,-0.405440,-0.344143,-0.344200,-0.111736,0.151334,-0.077211,0.194343,0.176264,-0.420341,-0.442985,0.364200,-0.479760,-0.374864,-0.437165,0.216543,0.055848,0.466270,0.319786,-0.172727,-0.167921,-0.223282,-0.318012,-0.323479,-0.511958,-0.486209,-0.108723,-0.093845,0.446143,0.051651,0.431254,-0.188352,-0.116469,-0.120540,-0.293804,-0.348561,0.327528,0.513631,-0.269424,-0.329221,-0.088543,-0.397211,-0.146246,-0.408236,-0.106258,-0.191414,-0.186731,-0.407824,-0.116446,0.582720,-0.101401,0.348724,0.335274,0.395434,0.301219,0.120172,0.305126,-0.413366,-0.076537,0.430569,0.214070,0.501965,0.245709,0.372948,0.192770,0.218940,0.027110,0.434043,0.308053,0.343056,0.104463,-0.221869,-0.368248,0.430789,-0.010367,-0.235061,-0.415396,0.309733,0.323223,0.330261,0.125787,-0.137689,-0.190762,-0.462838,0.309731,-0.413200,0.039611,-0.028896,-0.014597,0.429358,-0.469680,0.273911,-0.458227,-0.447603,0.039045,-0.363305,0.287701,-0.000194,-0.567391,-0.506180,0.098815,0.316185,-0.055321,0.068795,0.304298,0.090754,-0.314525,0.157778,0.093904,0.255730,0.104946,0.465229,-0.321240,0.453880,0.079338
0.147775,-0.411017,-0.087289,0.308560,0.229161,-0.520642,-0.010624,-0.480937,0.377494,0.426830,-0.361232,0.354928,0.409854,-0.177357,0.187845,0.011682,0.224238,-0.304117,-0.362029,-0.297707,-0.519816,0.353486,-0.066207,-0.134081,0.366642,0.004703,-0.048542,0.477684,0.494771,-0.373049,-0.086788,0.369559,-0.314726,-0.190967,-0.254010,-0.373921,0.209913,0.285179,0.387496,0.232591,-0.154323,-0.445783,0.498663,-0.197491,-0.135829,0.233975,0.076049,-0.326459,0.357274,0.470829,-0.547495,0.456919,-0.147486,-0.114428,0.425886,0.469445,-0.064012,-0.412997,-0.488167,-0.006479,-0.491715,-0.129079,-0.537150,-0.070643,-0.509171,0.163135,-0.394307,-0.102853,0.265914,0.317834,-0.272120,-0.465438,0.169814,-0.144506,0.262629,-0.063750,-0.204276,-0.084856,0.277175,0.449678,-0.335211,0.233974,-0.459930,-0.076987,0.366096,-0.168848,0.439462,0.249832,0.469066,0.154773,-0.526598,-0.519041,-0.029987,-0.244248,0.015225,-0.035380,0.431842,-0.114760,0.277549,0.318458,0.382451,-0.164541,-0.264456,-0.234177,-0.075081,-0.034558,0.341975,-0.127362,-0.002651,0.457509,-0.531968,-0.112607,0.105946,-0.380012,-0.032827,-0.426326,0.256699,-0.228623,-0.147955,0.068241,-0.345627
-0.352802,-0.136939,-0.176178,0.013175,0.102282,-0.071987,0.151198,-0.146353,-0.366331,0.096372,0.210611,-0.242389,-0.197445,-0.084036,0.113596,0.311234,-0.336376,0.252250,-0.379186,0.034800,0.369805,-0.157220,-0.462151,0.442721,0.289456,0.186018,-0.002804,-0.181062,0.371834,0.031444,0.251236,-0.339809,-0.201015,0.542807,-0.051720,-0.395378,-0.406233,-0.124295,-0.455396,0.032081,0.008010,0.317607,-0.199727,0.318189,-0.406149,0.238423,-0.457496,0.158091,0.415666,0.211143,0.045563,-0.036331,0.453793,0.505247,0.489004,-0.026272,0.495561,-0.297042,-0.266286,-0.514363,-0.363963,0.158909,0.280590,0.196752,0.342529,0.054240,0.073990,0.016272,0.428984,0.240347,0.136050,-0.123337,0.247254,-0.363069,-0.153453,0.256864,0.225129,0.446191,-0.299345,-0.104915,0.468719,0.148541,-0.055590,-0.345625,-0.360057,0.021121,-0.396806,0.374557,0.341016,-0.313616,0.176720,0.048937,-0.129599,-0.186113,-0.182704,0.057553,0.003986,-0.077077,0.235976,0.450281,0.169549,0.206708,-0.278384,0.404420,0.190303,0.296450,0.017335,-0.419666,-0.078473,-0.215174,0.135777,0.003650,0.507469,0.039753,0.036015,-0.307967,0.537260,0.390080,0.299176,-0.310708,-0.086477
-0.332188,0.055920,-0.309683,0.154121,0.147302,-0.145123,-0.120024,0.262981,-0.416041,0.357239,-0.224653,-0.455156,-0.366977,0.208870,-0.110131,0.546286,0.054957,-0.222424,0.248683,-0.460437,0.455866,-0.072436,-0.016489,0.194618,0.461252,-0.165406,0.293052,-0.179035,0.367803,0.240914,-0.331779,-0.092545,-0.295490,0.023417,-0.240671,0.011070,0.460068,-0.517687,-0.014323,0.213980,0.290752,0.071432,-0.005370,-0.060481,-0.315568,-0.419977,-0.038934,-0.530956,0.066732,-0.186288,0.012284,-0.309899,0.289430,0.374625,-0.275424,-0.174253,0.036478,-0.351140,-0.046938,-0.304425,0.407821,0.349380,-0.028933,0.097721,0.249864,0.350983,0.433237,-0.396823,-0.532174,0.019250,0.060158,-0.527241,-0.429775,0.400761,0.313305,-0.103975,0.289521,0.153968,0.378868,0.081205,-0.551834,-0.268938,-0.063455,0.007949,-0.316927,0.529556,-0.330613,-0.346258,-0.119323,-0.170135,0.120244,0.329700,-0.030118,0.148377,0.231206,-0.498499,0.105660,0.419607,-0.456580,-0.249346,-0.036654,-0.182656,0.182229,0.673631,-0.136571,-0.331173,0.313193,0.376273,0.002278,0.097300,0.483983,0.346092,-0.306719,-0.448113,0.054389,0.703867,0.561044,0.663390,0.478370,0.111459,-0.009783
0.313377,0.247985,0.005822,-0.403271,0.408229,-0.079547,-0.162083,0.148644,0.271288,-0.296443,0.338817,-0.280413,-0.356244,-0.109057,0.240275,0.523937,0.303574,0.362459,-0.335886,-0.368712,0.043808,-0.073609,0.234956,0.130499,0.450021,-0.249417,0.035655,0.103815,-0.361978,0.075626,0.044082,-0.032911,-0.227632,-0.438073,0.095430,-0.083602,-0.473194,-0.195609,-0.191367,-0.078543,-0.425615,0.049217,0.324212,0.269715,0.246519,-0.144058,-0.048359,0.263737,-0.059014,0.190855,-0.027939,-0.174498,0.193416,-0.223925,0.089319,-0.007244,-0.209124,-0.397498,-0.024631,0.244733,0.338818,-0.095012,0.605029,0.046400,-0.115689,0.480315,0.317501,0.330255,-0.288366,0.063563,0.360021,-0.000721,0.202288,0.097465,0.382560,-0.279989,0.077188,-0.110083,0.439302,0.179247,-0.483501,0.112595,-0.031433,-0.384133,-0.031751,-0.262320,-0.083617,-0.306743,0.256368,0.414985,0.277121,-0.509531,0.332796,0.046650,-0.494321,0.354954,-0.267231,0.111571,-0.151839,-0.144562,0.236330,0.000009,-0.493545,0.431727,0.453277,0.185760,-0.030645,-0.429404,0.329696,-0.397477,-0.411093,-0.038248,-0.554087,-0.556932,-0.073377,-0.357796,-0.246753,-0.315743,-0.163761,0.261102,0.352620
-0.062988,0.010840,-0.478972,-0.328114,-0.174469,0.101341,0.395780,0.285446,-0.022107,-0.327844,0.282207,-0.200753,0.304144,0.029849,0.300114,0.276883,0.392672,0.108310,0.244743,-0.095646,0.440095,-0.175181,-0.510357,-0.102924,-0.357154,0.035804,0.115512,-0.277565,-0.457577,0.316839,0.344226,0.346458,-0.265207,0.048380,-0.131561,-0.261323,-0.344922,-0.129986,-0.267351,0.302286,-0.554482,-0.099286,-0.013083,-0.329594,-0.046169,-0.477939,0.224912,-0.097112,0.139023,0.150108,0.480884,0.282192,-0.168348,-0.142516,-0.116040,0.205499,0.267979,-0.413037,-0.254191,0.323718,-0.020891,-0.233272,-0.044902,0.154652,0.417679,0.032810,-0.387066,-0.504335,-0.442599,-0.070568,-0.031752,-0.233466,0.181413,0.166349,-0.246205,-0.086043,0.417462,-0.095203,0.004434,-0.234597,0.215682,0.178618,0.055448,0.365373,0.430176,-0.003393,-0.332783,-0.089976,0.407883,0.146450,-0.574309,-0.685496,0.068538,-0.225838,-0.056580,0.282555,0.048159,-0.510594,-0.599952,-0.181337,-0.077479,0.025649,-0.119091,-0.271136,-0.329611,-0.427134,0.357614,-0.098577,0.351278,0.241093,-0.144653,0.179341,-0.142612,0.369665,-0.058163,0.543223,-0.347268,0.107999,-0.516182,0.308105,-0.213412
0.171416,0.004816,-0.131340,0.153278,0.502218,-0.493976,0.368494,0.071793,0.298943,-0.161942,0.082678,0.350596,-0.063688,-0.018890,-0.413848,-0.176564,0.357582,0.214712,-0.114442,-0.431340,0.007063,0.015011,0.006796,0.340111,0.290884,-0.414691,0.332283,0.104148,0.207455,-0.637413,0.090492,-0.271548,-0.022526,-0.442175,-0.421267,-0.469496,-0.230106,-0.414133,0.138079,-0.414134,0.145498,-0.446147,0.388963,0.473368,-0.292486,0.013263,-0.722537,0.363193,0.083362,-0.494477,-0.199576,-0.394860,-0.167592,0.075886,-0.052843,-0.097292,-0.402161,-0.375203,-0.575704,0.241348,-0.354829,0.093665,-0.284086,-0.197572,-0.028994,-0.112867,-0.232655,0.074317,-0.004699,-0.241170,-0.089724,0.170159,-0.456455,-0.017745,-0.417623,-0.219773,-0.078065,0.335988,0.344451,-0.491739,-0.019592,0.074017,-0.495929,0.339742,0.260275,0.376288,-0.472281,-0.046425,0.218747,0.003353,0.401446,-0.289827,0.040746,0.081938,-0.407037,0.048400,0.126531,-0.337068,-0.218096,0.235547,0.147203,0.576008,0.088693,0.106255,0.400936,0.441086,-0.479506,0.311919,-0.373605,-0.420073,-0.097655,-0.129814,0.369349,0.318808,0.651712,0.371185,0.019186,0.277960,0.570296,0.211232,0.268906
0.113659,-0.602798,0.042898,0.224559,0.258821,-0.492508,-0.087502,0.082457,-0.465430,-0.040976,-0.414633,-0.348163,-0.356662,-0.073317,-0.134935,-0.036961,-0.197783,-0.304066,-0.444890,-0.277265,0.055171,0.297042,-0.394727,-0.476054,-0.025536,-0.320438,0.360929,0.236284,-0.123208,-0.159598,-0.023334,-0.449646,-0.353985,-0.349980,0.220249,-0.115423,-0.735389,0.025455,-0.130210,-0.039385,-0.255675,0.077251,0.354256,-0.513084,-0.133512,-0.239085,-0.232635,-0.252135,0.015040,0.247280,-0.363461,-0.021532,0.319232,0.114515,-0.121163,-0.324677,-0.013407,-0.120880,0.243528,0.108661,-0.678255,-0.584235,0.337810,-0.059207,0.495632,-0.316405,-0.023259,0.029481,0.376655,-0.411236,-0.301026,-0.260619,0.047822,0.317132,0.462085,0.434140,-0.357941,-0.332172,-0.382837,-0.061531,0.258887,0.387972,-0.390570,-0.058463,0.090559,-0.131444,-0.411875,0.060287,-0.162335,0.131949,-0.057748,-0.421611,0.451736,0.013547,-0.059205,0.257909,-0.666538,-0.379504,0.289931,-0.169778,0.254648,-0.176430,-0.334586,0.091274,-0.313856,0.223846,0.112911,0.226120,-0.030803,-0.524739,0.175864,0.061423,-0.020296,0.259614,-0.036976,-0.175320,-0.039770,-0.287162,-0.406763,-0.058346,-0.586552
-0.366312,-0.424944,0.201418,-0.083212,0.282124,-0.087177,0.010892,-0.054541,0.127583,-0.117260,0.534051,0.557307,0.423946,0.471469,-0.015193,0.088875,0.273311,0.128953,0.309616,0.189486,0.438391,-0.193071,0.350728,0.292111,0.252665,-0.118529,0.289444,0.472469,-0.191437,0.104901,-0.094463,0.517830,0.053538,-0.204750,-0.080785,0.244655,-0.374581,0.170183,0.450230,0.354518,-0.367662,0.556974,0.235233,-0.291406,-0.443707,-0.275282,0.400976,-0.394095,-0.218878,0.327164,0.110619,0.286454,0.242180,-0.416711,0.407424,-0.294703,0.076599,0.182899,-0.253391,0.554874,0.022472,-0.384496,0.474968,0.089203,0.198058,0.051900,0.267136,-0.499241,-0.223787,0.009033,-0.355069,0.285595,-0.051518,-0.171899,-0.430573,0.243339,0.339525,-0.051620,0.058361,-0.236100,0.171209,-0.455678,0.079283,0.215395,0.466497,-0.084469,0.352107,0.155100,0.437292,-0.116588,-0.135268,0.429299,-0.396287,-0.344629,-0.317752,0.415370,-0.432000,0.421485,0.070314,-0.455659,-0.049084,-0.330496,0.133901,0.233296,-0.019153,-0.439870,0.235562,0.419444,0.282306,0.399579,-0.221999,0.440367,-0.154526,-0.467854,0.316536,0.455095,0.154338,-0.298709,-0.185913,0.044476,0.449929
-0.514405,0.253545,-0.274134,0.172558,0.307788,-0.157506,-0.115092,0.314877,0.022940,0.078358,0.013920,-0.395823,0.290931,-0.337987,0.427702,-0.324358,0.236790,-0.112890,-0.219717,-0.235148,0.088444,-0.171862,0.452618,-0.185056,0.095656,0.200844,-0.295886,-0.159323,-0.140902,-0.143494,-0.231983,0.110160,-0.280329,0.174453,0.432687,0.058244,0.035685,-0.499962,0.384315,-0.231631,0.044889,0.496859,0.164708,0.160590,-0.170128,-0.341252,0.296651,-0.469950,0.075252,-0.544286,0.371217,-0.388918,0.060975,0.104587,-0.147754,-0.248118,-0.168502,-0.175031,0.002237,-0.156712,-0.104784,-0.303991,0.433091,-0.116992,-0.288368,-0.079549,0.454162,-0.369396,0.259964,0.007348,-0.268801,0.242563,-0.283427,-0.225523,0.331463,0.092009,0.359977,0.050152,0.284966,0.337187,-0.532058,0.302752,0.172602,-0.489019,-0.147545,-0.442600,0.300237,0.042775,0.184362,-0.178351,0.178339,-0.348887,-0.173707,0.274142,0.199843,0.218045,0.193014,-0.432248,-0.063183,0.370375,-0.121252,-0.413285,-0.108202,-0.285448,-0.355951,0.154196,-0.166032,-0.545583,-0.590786,0.259349,0.419112,0.105161,-0.191819,0.428044,0.289561,0.440592,0.184941,-0.407847,-0.170738,-0.404288,-0.364347
-0.034457,0.484978,-0.045679,-0.136686,-0.349837,-0.546377,-0.191955,0.068131,-0.063208,-0.499331,0.248458,-0.021108,0.238560,0.015992,-0.356243,0.233099,0.126954,-0.057894,-0.052270,-0.171284,0.052132,0.355361,-0.235733,-0.058368,0.320811,-0.251554,0.022786,0.278326,0.019983,0.113906,-0.361059,-0.612006,0.360591,0.050002,0.371726,0.104772,-0.349434,-0.408547,0.275617,0.044694,-0.220048,-0.294928,-0.429238,0.080657,0.258530,0.517079,0.480497,0.390419,0.500165,0.165722,-0.138072,0.383317,-0.299421,-0.059331,-0.010031,0.177683,-0.206394,-0.128952,-0.129460,0.500567,0.010169,0.438869,-0.083073,-0.551906,0.296771,0.127647,0.134500,0.296766,0.053118,0.608489,-0.115542,-0.312448,0.283062,-0.448529,-0.037826,-0.112140,-0.003912,-0.332495,-0.556117,0.448563,0.038129,0.482413,0.122403,-0.312808,-0.418203,-0.278469,0.176845,0.431761,-0.406906,-0.137966,0.406352,0.077814,0.273202,-0.250095,-0.151436,0.269343,0.153964,0.094963,0.324135,-0.081177,0.111835,-0.100012,-0.300866,0.193329,-0.055837,0.086073,0.082717,0.526962,0.059233,-0.049942,0.439324,0.134455,0.206619,-0.073409,-0.132454,0.085987,0.415389,0.418177,-0.152684,-0.206720,0.187583
0.204678,0.054507,-0.206607,-0.371323,-0.067464,-0.599946,0.197981,0.370768,-0.091871,-0.319863,0.172251,-0.316767,-0.246446,0.099779,0.322818,0.241330,-0.240704,-0.219002,-0.609521,-0.111467,0.257421,-0.507742,0.305124,-0.013717,-0.174845,0.727082,-0.164823,-0.038560,-0.330843,-0.322618,-0.199063,0.044588,0.170864,0.326093,0.255954,-0.371021,-0.039782,-0.596958,0.017961,0.029181,-0.385573,0.269272,0.416908,0.488538,-0.305830,-0.041188,0.378288,-0.096093,0.517520,-0.497743,-0.416531,0.444465,0.722246,0.330007,0.591539,-0.209417,-0.277992,0.513493,-0.297218,0.348246,0.017244,-0.496615,0.093483,-0.315991,0.511912,0.748617,0.179765,0.093113,-0.280044,-0.378068,0.000326,-0.607552,-0.171116,-0.453509,-0.297797,-0.281144,0.166790,0.319670,-0.564393,0.618413,-0.510632,0.610749,-0.624352,0.413782,-0.736941,0.285473,-0.380231,0.436140,-0.129393,-0.467595,-0.001698,-0.441000,0.475107,-0.368038,0.214778,0.337831,-0.192432,-0.268106,0.422304,0.197903,0.281044,-0.021741,-0.179592,-0.377432,-0.176883,0.378042,-0.213013,-0.430398,0.003019,0.145082,0.551483,0.124929,0.084137,0.052305,0.117144,-0.217701,-0.485060,-0.450263,-0.013080,0.198223,-0.032308
-0.376688,0.540202,0.112512,0.073088,-0.164297,-0.554044,-0.557863,-0.244720,-0.322693,0.036899,-0.547948,-0.240683,-0.302042,0.014279,0.178144,-0.007636,-0.306088,-0.227580,-0.413526,-0.077168,0.197253,0.492681,0.330726,0.606909,0.127149,-0.449201,0.327563,-0.245137,0.107422,-0.037480,-0.275846,-0.032362,0.061299,-0.350068,0.044045,-0.277866,0.245537,0.323455,-0.020502,-0.100981,0.198310,-0.229058,-0.390578,0.053564,0.286868,-0.150740,-0.258514,-0.062555,-0.099807,0.060801,0.094678,-0.043248,-0.412698,-0.186372,0.458821,0.555961,-0.282913,-0.187168,-0.433387,0.259942,0.137659,-0.042702,0.392810,-0.012743,0.646205,-0.259161,-0.220613,-0.363344,0.155147,0.489606,-0.076419,-0.436992,-0.041090,-0.267973,0.228515,-0.155808,-0.310009,0.180209,-0.254434,0.203919,-0.431986,0.516534,0.136580,0.449190,-0.173991,0.516620,0.269422,0.252879,0.253871,-0.220542,-0.090082,-0.446816,0.042481,0.217455,0.418087,-0.301081,-0.133628,-0.461630,0.362723,-0.519299,0.249237,-0.078288,-0.323489,0.241039,0.062224,-0.360663,-0.099391,-0.327820,0.567334,0.019192,-0.083362,-0.023695,-0.382807,0.333202,0.493793,0.410331,-0.117414,-0.105002,-0.310649,-0.005388,0.146557
-0.233168,0.390323,-0.458103,-0.488694,-0.350379,-0.344446,-0.472137,0.037597,-0.248733,-0.411715,0.124588,-0.232932,0.132134,-0.178950,0.036067,0.304486,-0.471965,-0.013589,0.224458,0.251836,-0.336660,-0.124751,0.265185,0.480900,-0.503440,-0.296415,-0.242341,-0.158748,-0.248862,-0.170244,-0.386820,-0.493672,0.487842,-0.408790,-0.144042,-0.293651,0.283834,0.196439,0.270441,-0.266380,0.195981,0.025100,-0.313482,0.190076,0.236708,0.330362,0.450914,0.513900,-0.160676,-0.013773,-0.443145,0.385361,-0.394765,0.414922,-0.034638,-0.045932,-0.547945,-0.031536,0.295997,-0.350503,-0.056272,-0.344614,0.011285,-0.460310,-0.124236,0.471711,0.059553,-0.161670,0.006656,-0.189371,-0.239334,-0.008788,-0.120305,0.099767,0.077729,0.252155,0.474103,-0.477271,-0.234264,-0.003362,-0.312747,0.466025,0.197260,0.032799,-0.111994,-0.339027,-0.000502,0.444046,-0.058509,-0.258936,0.127152,-0.166674,0.040419,-0.038821,-0.047474,0.159858,0.379106,-0.565901,0.577105,-0.076203,0.091274,0.413508,-0.150714,0.273487,-0.283962,-0.325520,0.146625,0.436470,0.269432,0.081666,0.081965,-0.244065,0.420282,-0.146614,0.353838,0.090941,0.085128,-0.070934,0.513246,0.023910,0.483525
-0.728803,0.130764,-0.110104,0.014555,0.368980,-0.601110,-0.499586,-0.261104,-0.449551,0.160904,-0.406073,-0.239008,-0.698919,0.287580,-0.317678,-0.420849,-0.385622,-0.377195,0.661406,-0.127005,-0.217768,0.600465,0.269332,0.591374,0.332625,0.425155,0.319326,-0.339467,0.168451,0.585720,-0.054183,0.165487,0.207144,-0.181188,0.414897,0.123705,-0.377975,0.464433,-0.257815,0.238035,-0.215512,-0.212360,0.162305,0.191992,0.091535,-0.716603,0.510342,-0.090033,0.472508,-0.309745,-0.301674,0.437020,-0.652428,0.148205,0.119131,0.364473,-0.166626,0.249468,0.172722,0.516191,0.042718,0.282475,0.683837,-0.215614,-0.198168,-0.591305,-0.206217,-0.466066,-0.234111,-0.644341,0.201970,-0.297101,-0.194302,-0.363315,-0.456826,0.132325,-0.043296,0.554294,0.263310,0.577629,-0.387773,-0.048464,-0.736323,0.350441,-0.496303,0.056405,0.338212,-0.082333,0.330498,-0.216292,0.610965,0.126452,-0.300852,0.202543,0.409880,-0.523265,0.185278,0.155683,0.033947,0.300108,0.683509,0.033030,-0.213355,-0.205093,0.316148,0.116027,-0.467387,-0.307154,-0.290616,0.008175,-0.164424,-0.137880,0.154240,-0.484780,-0.637713,0.244199,-0.379862,-0.327260,0.488874,0.249175,0.547942
0.114340,0.052552,-0.445600,-0.291997,0.406443,-0.039015,-0.331137,0.130678,-0.109520,-0.054842,0.262261,-0.112362,0.358119,-0.075570,0.126505,0.329230,0.334009,-0.502465,-0.289294,0.224280,-0.055047,0.121535,0.366942,-0.175226,-0.168324,-0.185391,0.199815,0.666374,-0.080416,-0.226789,0.189663,0.096876,-0.049372,0.257677,0.702746,-0.166151,-0.113484,-0.163218,0.000846,-0.040726,-0.321276,-0.280344,-0.364458,-0.064904,0.050273,0.267328,0.307584,-0.122614,0.110357,0.370882,-0.016433,0.547749,-0.177631,0.247740,-0.171038,0.236473,0.192901,0.567003,0.428144,-0.136715,0.043233,0.145951,0.325784,-0.409502,0.522210,0.556527,0.006511,-0.137199,-0.492723,0.433114,-0.324178,0.398445,0.436777,0.147019,0.161732,-0.272237,0.446422,0.029231,0.356703,0.303370,0.216348,-0.198538,0.097196,0.315418,0.079259,0.310714,-0.273189,0.638425,0.344556,-0.365672,0.446296,-0.277312,0.128420,-0.186733,0.570243,-0.346809,0.014967,-0.222017,0.057289,0.047649,-0.446582,0.364087,0.328714,0.194350,0.356690,-0.009300,-0.310319,0.059456,-0.471225,0.218604,-0.364580,0.313243,-0.481375,0.312129,-0.227810,-0.460332,0.230791,-0.197557,0.378946,-0.146903,-0.289711
0.201826,0.164551,-0.010034,0.021353,0.554697,-0.292265,-0.262740,0.109504,-0.049303,-0.298197,0.048824,0.687715,-0.284548,-0.120197,-0.116293,-0.566760,-0.505299,-0.391312,0.540774,0.327851,-0.540094,-0.333313,0.385814,0.011188,0.455174,0.671474,0.093504,-0.293802,0.430935,0.588266,-0.004944,0.057541,-0.107440,-0.146263,0.302218,0.260145,0.029677,0.325262,-0.305893,-0.245813,-0.109235,-0.247471,0.002370,-0.044430,0.132394,0.475105,0.001564,-0.259648,0.023381,0.447522,0.154937,-0.615770,-0.315555,-0.050657,-0.261964,0.268761,0.228562,-0.252767,-0.292539,-0.305496,0.375723,0.156879,0.261326,-0.236317,0.309767,-0.202753,-0.078940,0.530157,-0.129996,-0.035118,-0.531702,-0.084484,0.009062,-0.108858,0.579192,-0.423828,-0.313828,-0.434515,-0.101217,0.125150,0.208933,-0.107107,0.265542,0.440846,0.252413,0.373897,0.216143,0.408622,-0.211626,-0.083512,-0.409400,-0.468839,0.778366,-0.505531,0.163655,0.357854,0.239801,0.073151,0.527566,-0.121655,-0.192117,0.114610,-0.203967,-0.707915,0.390264,0.163662,-0.221752,-0.386221,-0.062209,-0.280623,-0.388885,0.179019,-0.554186,-0.685548,0.338236,-0.300911,0.352036,-0.135078,0.580409,-0.419209,0.100582
-0.333837,0.432750,-0.279660,-0.317501,0.274879,-0.239669,-0.583457,0.049434,0.094569,-0.219602,-0.183953,-0.346263,0.120321,0.338803,-0.092492,-0.120294,-0.383655,-0.284095,-0.297061,0.080426,-0.106454,0.349832,-0.353975,0.198207,-0.012292,0.068840,0.337714,-0.210296,-0.472548,0.183787,-0.292506,-0.491441,-0.133287,-0.235547,0.265264,-0.310324,-0.156473,0.055677,-0.079018,0.517586,-0.507919,0.450811,0.002512,0.409424,-0.105151,-0.031628,0.450487,0.319455,-0.121128,-0.224282,-0.056236,0.294101,-0.149939,0.194635,0.301890,0.379628,-0.023302,-0.040571,0.377365,0.205738,0.236827,-0.054408,0.308177,-0.353559,-0.140227,0.341112,0.130896,0.169216,-0.389527,0.184914,-0.124963,0.014737,-0.081016,0.224686,0.272514,-0.179629,-0.126515,0.052775,0.146388,0.334557,0.115356,0.065250,-0.010160,-0.186925,-0.410497,0.223285,-0.396272,0.464855,0.202534,0.293517,0.369056,-0.025929,0.275614,-0.336392,-0.328415,0.265240,-0.475822,0.396760,0.294301,0.145799,-0.294361,0.228738,-0.555151,0.257883,-0.210159,0.304906,-0.296799,-0.321224,0.043484,-0.371770,0.209626,-0.311950,-0.095497,0.171882,-0.122453,-0.120048,0.348666,-0.229720,-0.257546,-0.285491,0.043433
-0.172783,0.012903,0.113707,-0.507871,0.003110,-0.244954,0.127329,0.525484,-0.120821,0.454482,-0.311800,-0.382492,-0.398101,-0.076361,-0.181787,-0.444364,-0.104399,-0.219356,-0.325772,-0.036370,0.299238,-0.142574,0.303308,0.253589,-0.086027,-0.192840,-0.265800,0.194110,-0.090806,-0.152758,-0.484501,0.225368,-0.021165,0.014256,0.114073,0.258010,-0.054770,0.031427,0.405266,0.274576,-0.442186,-0.239199,0.274950,0.476107,0.023195,0.149711,0.236171,-0.052866,0.221581,-0.292110,0.532051,0.218186,0.093730,-0.057403,-0.174280,-0.043448,0.082672,0.247731,-0.180158,0.269062,0.208829,-0.394223,0.140279,0.112798,0.230268,0.234049,0.001271,0.469550,-0.516060,0.106681,-0.413457,-0.379224,0.050929,-0.272634,0.500790,0.563835,-0.056418,0.142282,0.008045,0.483353,0.150088,-0.381561,0.236173,0.322004,-0.095597,0.438588,0.254294,0.102760,0.048552,0.482958,-0.144053,-0.109566,-0.312341,0.289647,0.312961,-0.451613,0.526157,0.142703,0.470723,-0.447666,-0.133988,0.298567,-0.055851,0.091626,0.337919,-0.052408,0.247743,-0.313940,-0.165672,-0.480110,-0.124081,-0.215295,0.189443,0.150598,-0.024228,0.102211,-0.357096,-0.340878,0.229076,0.031142,0.308448
-0.376725,0.103385,0.068771,0.454760,-0.049844,-0.058635,-0.065488,0.242230,-0.300598,-0.220107,-0.280436,0.013120,-0.224069,-0.433982,-0.156576,-0.274370,-0.556531,-0.121503,-0.296898,0.608949,0.116186,0.700772,0.082874,0.546239,-0.030912,-0.065043,-0.268738,0.319122,0.117877,-0.056558,-0.604195,-0.029070,0.012429,-0.336684,0.064422,0.007346,0.159068,-0.332096,-0.224762,0.304946,0.292437,-0.153481,0.214819,0.209380,-0.031759,0.719769,0.721636,-0.381444,-0.308734,-0.122280,-0.577444,-0.595332,-0.205299,0.480308,0.438689,0.159947,0.155140,-0.430055,-0.387594,-0.504196,0.366532,-0.419603,0.518842,-0.079680,-0.198906,-0.171129,0.176593,0.334637,-0.061738,-0.103223,0.407265,0.053820,0.666157,0.370132,0.036270,0.215032,0.259991,-0.273138,-0.400907,0.116625,0.382837,0.386155,-0.243823,0.447879,-0.284152,-0.302630,-0.639837,0.218149,0.030445,0.118910,0.257322,-0.086174,0.118811,-0.290135,0.354011,0.373981,0.206589,-0.164655,0.385149,-0.602730,0.117494,-0.238923,-0.491395,-0.142627,0.367275,-0.236025,0.275097,0.592274,0.155621,0.289793,0.393635,-0.241156,-0.148047,0.811993,0.746938,0.396789,-0.271241,-0.193480,-0.006284,-0.103013,-0.029782
-0.394811,0.096855,-0.005852,0.262635,0.022381,-0.584467,-0.463820,0.228901,-0.171140,0.483038,-0.612613,-0.428687,0.190436,-0.114128,0.661135,-0.133085,0.143313,0.368696,0.000588,0.053969,0.305859,0.007938,0.340540,-0.061753,-0.230781,0.690731,-0.926762,0.338672,-0.496590,0.380138,-0.026311,-0.274774,0.081134,0.150985,0.173964,-0.383190,0.216041,-0.250982,-0.047750,-0.653688,0.436961,-0.218357,0.002184,0.401795,-0.270383,-0.026815,-0.095362,0.297288,-0.014299,0.486551,0.333958,0.547066,-0.235875,0.215125,-0.145732,0.170962,0.190438,-0.003528,-0.377892,0.020570,0.003763,0.236645,0.092321,-0.115529,0.179820,-0.107696,0.482365,0.123886,0.255411,0.047792,-0.170727,0.422699,0.342081,-0.420261,0.021686,-0.371593,-0.263990,-0.279128,0.059588,0.174253,0.252548,0.516976,0.575299,0.525656,0.360318,0.429774,0.485808,0.221822,-0.628188,-0.171967,0.338874,-0.054051,-0.312266,0.195982,-0.351534,-0.340335,-0.538672,0.089353,0.427192,-0.340598,-0.111203,-0.178196,-0.555858,0.301478,-0.331534,0.196159,-0.518149,-0.277201,0.150631,-0.019770,-0.173029,-0.144249,0.245836,0.211522,-0.408614,-0.126690,0.140027,-0.579789,0.406444,0.265806,0.306270
0.015372,0.344915,-0.117075,0.177405,0.450040,0.004892,-0.211410,0.116126,0.231067,-0.552308,0.072494,0.408202,0.130938,0.408264,0.080003,-0.509327,0.309704,-0.262703,-0.130146,0.038685,-0.278110,-0.033357,-0.036177,0.288309,0.171620,-0.211352,-0.456027,0.360003,0.101993,0.529325,-0.557594,0.173397,0.109156,-0.070172,-0.188264,-0.166667,-0.343257,-0.269318,-0.035965,0.392004,0.024340,0.159418,-0.145653,0.173221,0.445728,0.236094,-0.061585,-0.274623,0.245577,0.031627,-0.345460,0.412102,0.119780,0.288285,-0.197821,-0.086749,0.292588,0.565848,-0.240120,-0.241664,-0.090641,-0.008879,0.419660,0.309771,0.135259,-0.306347,0.382946,-0.384602,0.293407,0.393114,0.307074,-0.293482,-0.190576,-0.098301,0.080463,0.036432,0.522831,0.239100,0.006780,-0.060780,0.226152,0.453430,-0.102598,0.417246,-0.422036,-0.100831,-0.468308,0.480490,-0.044262,-0.209815,-0.278186,-0.543680,-0.332116,-0.131447,-0.207872,-0.235614,0.391047,-0.010641,0.450625,-0.522514,-0.271971,0.137928,-0.384008,-0.385704,0.411023,0.398938,-0.543256,-0.089059,0.435889,-0.523702,0.252198,0.412604,0.413709,-0.029555,-0.220822,-0.347203,0.350565,0.424707,0.245980,0.185344,0.265343
-0.043719,0.375341,0.189556,0.109586,-0.412588,0.110611,-0.153568,0.029158,0.073571,0.413731,0.254352,0.114010,0.155295,-0.079297,0.484280,-0.342791,0.251489,0.189863,-0.426396,0.598224,0.242742,-0.313491,-0.300732,0.004094,0.103134,0.276637,0.324486,-0.356190,-0.132390,0.240537,-0.805244,-0.221046,-0.036341,0.082529,0.109218,0.258534,-0.402290,0.245804,0.564485,0.687336,-0.041604,0.335387,0.188668,0.040675,-0.482842,0.443808,0.028829,0.460480,0.191654,0.054491,-0.303786,-0.219456,0.536300,-0.101761,-0.368423,0.317284,0.047715,-0.186009,0.059529,0.141347,-0.731630,0.142517,0.009586,0.177955,0.480574,0.322617,-0.120105,-0.165507,-0.214667,-0.011207,0.321566,-0.235851,0.387095,-0.459170,-0.347880,0.261199,0.195235,-0.268575,0.124508,-0.083582,0.160505,-0.195993,0.346680,-0.080643,0.286915,0.015090,-0.423923,0.137396,-0.458250,-0.350002,-0.496585,-0.001378,-0.106751,0.276943,0.671084,-0.059887,-0.345133,-0.527397,0.199418,-0.029572,-0.536896,0.439873,-0.191220,-0.022138,0.609112,0.489430,0.238918,0.003357,0.086739,0.234787,-0.086194,-0.256882,-0.020798,0.063090,0.037938,0.188503,0.580541,0.480106,0.413386,-0.419959,0.400979
-0.143130,0.439382,-0.087910,-0.139344,0.466962,0.426909,-0.405509,0.606044,0.396094,0.020087,0.119587,0.834264,0.052680,-0.390768,-0.446602,-0.345360,0.309384,0.398348,0.243167,-0.067710,-0.439459,-0.109102,0.156556,0.469133,-0.005294,0.476469,0.274456,0.040703,-0.322145,0.344656,0.066546,-0.223359,-0.202450,-0.747961,0.157471,-0.180925,-0.253048,0.012467,-0.141394,0.213579,-0.046631,0.051702,-0.261828,-0.053712,-0.172027,0.345461,0.090087,-0.357619,0.094901,-0.213587,0.480803,0.336823,0.066133,0.210541,0.370466,0.174434,-0.038239,0.382558,0.067245,0.187266,0.245386,0.450121,0.372330,-0.331453,-0.054100,-0.247317,-0.079908,-0.092516,0.505698,0.493170,-0.139652,-0.062419,0.370382,-0.142728,0.228085,0.096300,-0.013259,0.125719,-0.256478,0.670107,0.399906,0.597066,0.496734,0.473766,0.328517,-0.294765,-0.371707,-0.181194,-0.431007,-0.474165,-0.215848,0.116518,-0.019020,0.085148,0.318569,0.589215,0.549672,0.052413,-0.017204,-0.514734,-0.267591,-0.267565,-0.084668,0.367167,-0.393777,-0.305939,-0.339026,0.243638,-0.044898,-0.341595,-0.255569,-0.069596,-0.357017,-0.045317,-0.241249,0.021397,0.099483,0.547868,0.002381,-0.070825,-0.363885
-0.252504,0.019311,-0.088803,0.353373,0.836845,0.079101,-0.432630,0.292009,-0.534705,0.113770,-0.307202,-0.245355,0.309340,0.016089,-0.091149,-0.420176,0.041557,0.435170,0.361931,0.659154,-0.695860,0.064039,0.446738,0.106008,0.061394,-0.439244,0.082343,0.224907,0.244814,0.320462,0.069344,-0.236439,0.357114,0.222142,0.669724,-0.359561,0.111289,-0.698090,-0.480443,0.091010,-0.355134,-0.734234,-0.017094,0.456586,0.371362,-0.251154,-0.099866,-0.045185,0.267444,0.044114,0.296304,-0.333052,0.432046,0.350299,0.261079,0.450393,0.054274,0.179864,-0.062261,0.753776,-0.198669,-0.265256,0.198685,-0.208469,0.142535,0.611784,0.146529,-0.008560,-0.139085,0.268637,-0.209336,0.017010,0.440317,-0.545465,-0.354429,-0.207585,0.126411,-0.386305,0.306767,0.001260,0.247816,0.379687,-0.197172,0.111301,0.036914,-0.034765,0.203497,-0.029625,0.166667,0.226707,-0.114519,0.719400,0.078253,-0.130270,0.258049,-0.238515,0.052582,-0.367770,-0.232574,0.195723,-0.463090,-0.013509,0.263149,-0.367983,-0.148576,0.125081,-0.041215,0.537035,0.057864,0.203773,0.113276,0.017310,0.597682,0.597366,0.432756,-0.205314,-0.659399,0.898603,-0.216599,-0.065803,0.542233
-0.155076,-0.111243,0.143638,-0.245357,0.284508,0.011505,-0.341324,0.510566,-0.376659,0.385491,-0.584470,-0.253502,-0.356738,-0.477499,0.180445,0.157274,0.171540,-0.271210,-0.157687,0.339648,-0.060707,0.200860,0.178420,-0.270432,0.206750,0.118836,-0.004800,-0.260558,-0.282632,0.036092,-0.255710,-0.416490,0.348250,0.024370,0.157381,-0.364685,0.347874,-0.263625,0.183465,0.538263,0.100292,0.504950,0.065082,-0.127300,-0.223987,-0.055341,-0.335784,0.187960,-0.139713,0.333096,-0.043933,0.092168,0.392343,-0.194136,0.352442,0.281961,-0.321502,0.089019,-0.210927,0.320895,0.042652,0.011653,0.445934,-0.355059,0.433765,0.433296,0.318530,0.303149,-0.137043,0.603713,-0.154233,0.116631,-0.193383,0.392024,0.315278,0.397844,-0.366271,0.225168,0.171292,0.360129,-0.117549,0.162884,-0.446728,-0.029113,-0.343593,-0.032669,-0.407133,-0.103100,-0.485019,0.479947,0.092787,-0.133624,0.051425,0.058965,0.457108,-0.290652,-0.218019,0.409044,0.041527,-0.531049,-0.414412,-0.372693,0.437336,-0.203649,0.404883,0.423558,0.026585,-0.439103,-0.366795,-0.128615,-0.054093,0.081062,-0.108329,0.375810,0.101090,0.178729,0.370296,-0.374004,-0.173253,-0.424601,-0.263903
-0.222681,-0.074671,-0.250887,0.339319,-0.296094,0.038404,-0.417432,-0.034780,-0.017151,0.446875,-0.251161,-0.343160,-0.091791,-0.324751,-0.263035,0.093812,-0.428900,-0.124933,0.076722,0.074317,-0.526726,0.472283,-0.017972,0.410483,-0.222052,0.008881,-0.185694,-0.037591,-0.501069,0.028542,0.244195,0.041596,-0.205868,0.035277,0.495111,0.137996,-0.441301,0.326192,-0.154962,0.069406,-0.042256,0.317614,0.343611,0.575428,-0.490827,0.504752,-0.315160,-0.153278,0.109664,0.080701,0.161159,-0.004438,0.366184,-0.142182,-0.097570,0.463533,-0.515889,0.223325,0.091309,0.156205,0.163357,-0.233488,0.541597,-0.467045,0.095043,-0.235490,0.132240,0.132306,0.264272,0.317112,-0.056634,0.299759,0.118143,0.018626,0.161608,0.019399,0.319377,-0.363600,-0.019067,0.418020,0.322855,0.560119,0.006913,0.213230,-0.225695,-0.039214,0.358371,0.592037,0.316387,-0.402645,0.406235,0.411326,-0.194687,-0.017935,0.342200,0.125087,0.402991,-0.049936,0.354427,0.139260,-0.075589,0.437320,-0.031915,-0.077547,-0.272630,-0.027477,0.098413,0.501748,-0.180876,-0.176342,-0.288499,0.088450,0.400026,0.189328,0.208008,-0.014253,-0.402177,0.216274,0.235760,0.017803,0.484630
0.079452,0.409607,0.341740,0.420795,0.036346,-0.408646,-0.057794,0.324666,-0.308720,-0.512618,-0.680819,0.426285,-0.235712,-0.221645,-0.542944,0.160014,-0.179074,-0.229195,0.158909,0.208515,0.000384,0.292718,-0.147430,0.315902,-0.375304,-0.559116,0.346892,0.127485,-0.623824,-0.190724,0.211494,0.362893,-0.114770,0.207673,-0.311527,-0.054423,-0.515467,-0.360520,-0.351550,-0.120252,-0.031798,-0.003260,-0.388940,-0.160607,0.448101,-0.197635,0.140520,0.173134,-0.015888,0.201480,0.756402,-0.170008,-0.595335,0.022441,0.481825,0.635221,-0.032800,-0.032631,0.364146,-0.165478,0.353245,0.498070,0.376651,-0.164708,0.144740,0.349771,0.096164,-0.363185,-0.934544,-0.254726,-0.345977,0.292265,-0.231442,-0.118162,0.147377,-0.690639,0.391096,0.215374,-0.162646,0.291586,-0.252792,0.612578,-0.309409,-0.184647,0.129400,0.223019,-0.180419,0.317803,-0.421078,0.259764,-0.394202,0.435230,-0.239172,-0.045703,0.431292,0.530064,-0.007209,-0.469540,0.080103,-0.076619,0.073024,0.109621,-0.503450,0.287564,0.167674,-0.471104,0.010291,-0.054744,0.306409,-0.076509,0.339841,-0.102474,-0.102529,0.314831,-0.022017,-0.284221,-0.147319,0.287191,-0.192726,0.438927,0.676184
0.034734,-0.230293,-0.523917,0.367772,-0.301963,-0.434491,0.115613,-0.096239,0.242131,-0.183939,0.189335,0.325882,-0.549192,0.034740,0.148549,0.038594,0.236768,0.309786,-0.440487,0.474571,-0.356556,-0.422689,0.286707,0.393616,0.041972,0.004992,-0.097580,-0.071490,-0.255615,-0.110940,-0.035786,0.406950,-0.058677,-0.305212,0.396410,0.291924,0.363031,-0.203979,-0.422653,0.040651,0.049996,-0.092089,-0.029932,-0.204639,0.182428,0.273805,0.316664,0.011916,0.014587,-0.237496,-0.123955,-0.195042,-0.113225,0.179782,0.521617,-0.060822,-0.412616,0.669365,-0.365193,-0.291312,-0.288430,0.561978,-0.011877,-0.065625,0.044793,-0.493124,-0.128891,0.318240,-0.075327,-0.352933,-0.270473,-0.056531,0.735169,-0.335323,-0.081432,-0.023517,-0.064789,-0.363013,0.260624,0.101180,0.320094,0.358034,0.128997,-0.237481,-0.369159,0.512684,0.168449,0.427494,-0.492393,-0.202779,0.505001,-0.255638,-0.120176,-0.059170,-0.331104,-0.022956,-0.153208,-0.301334,0.274903,-0.298223,-0.294743,0.466017,-0.048112,-0.398458,0.205825,0.482505,-0.570323,0.117684,0.059506,-0.414401,0.482493,0.404505,0.461942,-0.217477,-0.002355,0.355804,0.035150,-0.320503,0.331859,-0.201397,-0.035442
0.137923,-0.188899,-0.744722,-0.311370,0.094866,-0.490848,-0.072585,0.185575,0.194481,-0.305412,0.111688,-0.201444,0.152490,0.037118,-0.310494,0.291690,-0.114048,-0.439647,-0.155575,0.338587,-0.092637,-0.646708,-0.357066,0.116305,-0.278717,-0.285056,-0.455618,0.079097,0.393228,0.345785,0.224401,-0.789883,0.614574,-0.238595,0.520404,-0.170958,-0.157903,-0.146584,0.008262,0.246732,0.104186,0.532375,-0.004683,0.077037,-0.433139,0.955879,-0.061002,0.045497,-0.170350,0.007792,0.436183,-0.410590,-0.259997,-0.287771,0.446448,-0.269466,-0.560337,-0.130155,0.117705,-0.106131,-0.400366,0.478912,0.747078,-0.333988,0.491146,0.261690,-0.220259,-0.309332,-0.084869,0.095211,-0.827736,-0.206781,0.288340,-0.148237,-0.234451,0.146188,-0.127906,0.023743,0.198778,0.388314,-0.205394,0.332832,0.375643,0.140249,-0.471995,0.115328,-0.279890,0.416710,-0.139813,-0.377555,-0.318839,-0.433818,0.249128,-0.588559,0.102681,0.343997,0.078688,-0.284646,0.122178,-0.082926,-0.402355,-0.602658,-0.128326,0.464125,-0.279810,-0.164490,-0.109510,0.128347,-0.317327,0.050213,-0.493180,0.126533,-0.180708,0.411559,-0.235312,-0.033247,-0.324026,-0.458130,0.073322,0.219093,0.299550
-0.259792,0.040616,-0.691828,0.223653,0.493527,-0.066390,-0.029512,0.599179,0.316238,0.390304,-0.139473,0.494114,-0.305472,0.315017,0.289351,-0.295663,0.072603,-0.231791,-0.342693,0.475677,0.224961,-0.422206,0.059655,0.576096,-0.125479,0.050811,0.214059,-0.201870,0.573766,-0.173759,-0.526486,-0.256077,0.138661,-0.015316,0.444620,0.193906,-0.111003,-0.279003,-0.530748,-0.457010,0.041626,-0.548947,0.380608,0.214588,-0.191583,0.201775,-0.127320,0.081409,0.395806,0.049835,-0.354993,0.574402,-0.353788,0.378330,0.036459,-0.230519,0.195329,0.362130,-0.517520,-0.218116,0.246601,0.012193,0.300973,0.066020,0.331907,0.637003,0.280884,0.120868,0.126098,0.266581,-0.103778,-0.099262,0.390778,0.485093,-0.171789,0.143730,0.413995,-0.077350,-0.246027,0.367403,0.538721,0.530121,0.160579,-0.123875,0.249689,0.104608,0.379512,-0.075650,-0.401364,0.052767,-0.272192,0.316099,0.220652,0.414965,0.487757,-0.019270,0.354769,0.220814,0.466903,-0.051146,0.016084,0.349666,-0.275724,0.450837,0.400604,-0.041433,0.247311,0.470935,-0.123383,-0.252960,0.325200,-0.076372,-0.459062,0.162463,0.167705,0.282270,-0.296373,-0.602331,0.602999,-0.386349,0.511538
0.079841,0.231707,-0.484498,0.071567,0.402754,-0.197956,-0.119455,0.013803,-0.509622,0.287883,0.245139,0.536913,0.138349,0.278013,-0.304420,0.112451,0.062854,0.360374,0.269867,0.629740,0.293548,0.316956,-0.296945,0.464261,0.113194,-0.046107,-0.560424,0.313366,-0.211366,0.046681,0.074498,0.263292,0.422786,-0.115492,0.046274,-0.384518,-0.266968,-0.305559,0.442169,0.158721,-0.447598,-0.095122,-0.063340,0.196838,-0.469160,0.588150,-0.075650,-0.448744,-0.314526,0.200439,-0.249496,-0.337474,-0.139364,0.153329,-0.171334,-0.086316,-0.080360,-0.139068,-0.062822,-0.267379,-0.515001,0.092560,-0.021707,-0.567882,0.127195,0.567735,0.270735,0.343838,0.252749,0.579668,0.139093,0.026699,0.068020,-0.278084,0.198284,0.564889,-0.009326,0.143949,-0.068512,0.098256,-0.136337,0.196728,-0.129801,0.288217,0.196353,0.379168,-0.303668,0.479290,-0.282464,-0.177059,0.194321,-0.197776,-0.465920,-0.116943,0.306795,-0.159675,0.200724,0.021670,0.425219,0.317716,-0.164107,-0.178527,-0.293030,-0.157849,0.302416,-0.372415,-0.231066,0.275656,0.190871,0.112121,0.365886,0.131526,0.150096,-0.069890,0.464018,0.071946,-0.246144,-0.175287,0.302414,0.271364,-0.269190
-0.510312,0.188427,0.491738,-0.184776,0.175073,-0.036253,-0.217254,0.292402,-0.794632,-0.645419,-0.060358,-0.451625,-0.437336,-0.419917,0.165284,-0.248399,0.226326,-0.136207,0.181200,-0.100670,-0.172516,0.244205,0.217192,0.329025,0.345553,0.209822,-0.180345,0.538556,-0.041425,0.317708,0.250966,-0.631541,-0.177988,-0.205856,0.231148,-0.192533,0.214068,-0.126687,0.020617,-0.403717,-0.031456,0.372799,-0.170155,0.251838,-0.691511,-0.310734,0.148952,-0.439471,0.176663,0.331817,0.342538,-0.289800,-0.230281,0.329826,0.615230,0.258928,-0.077124,0.163408,0.351935,0.314618,-0.155353,-0.447204,0.256159,-0.291900,-0.206183,-0.263741,-0.340680,0.377902,-0.190849,-0.309987,-0.360010,-0.053794,0.444890,-0.198643,-0.066354,-0.436728,-0.196193,-0.072788,-0.397535,0.249026,-0.007939,0.389706,-0.525478,-0.327334,-0.339403,0.347046,-0.035062,-0.117694,-0.223700,-0.173522,0.133052,-0.073277,0.164911,0.146796,0.143936,-0.511015,0.265142,-0.461407,-0.050574,0.188856,0.245121,0.433735,0.199875,-0.254496,-0.033604,-0.153767,0.168279,0.236819,-0.291801,-0.425372,0.108264,0.030288,-0.092071,-0.417889,0.501670,0.079796,-0.086831,0.550849,0.014986,-0.345688,0.004805
0.005708,0.268832,-0.576330,0.435686,-0.187711,0.090215,0.145265,-0.105042,-0.455329,0.236685,-0.265823,0.144943,-0.149077,0.161684,-0.108421,-0.287436,-0.184261,0.269136,-0.093732,-0.048159,0.315990,0.269251,-0.352688,0.629974,0.061885,-0.227026,-0.385572,0.379144,0.199659,-0.009350,-0.311732,-0.295603,0.174856,-0.512132,-0.168042,0.022141,0.161837,0.078293,-0.136926,-0.026156,-0.237031,0.532459,0.144430,-0.149432,-0.083284,0.122070,0.215643,-0.024353,0.371177,0.301629,0.029080,0.451906,0.196847,0.277274,0.624204,-0.095925,-0.388657,0.532084,0.253217,0.521648,-0.406147,0.198982,-0.074827,-0.117142,-0.110668,-0.158660,-0.304702,0.150940,-0.259604,-0.114927,-0.277301,-0.302520,0.691960,-0.307876,0.000788,0.435081,0.226851,0.090725,-0.055547,0.683150,-0.238893,0.637499,0.289425,0.096764,0.014304,0.232186,-0.419314,-0.133815,0.285880,0.059293,-0.090550,0.079292,-0.025316,-0.501473,0.329468,0.329395,-0.319397,0.335800,-0.031985,-0.129699,-0.460556,0.272196,-0.206357,-0.230993,0.263612,-0.444003,0.177894,0.096422,0.470402,-0.051448,-0.312529,-0.551057,0.301670,0.284903,-0.119631,0.096737,-0.059013,0.493325,0.565810,0.388395,0.434217
0.141374,-0.355880,0.206917,0.062151,0.387381,-0.043923,-0.484125,0.125135,0.063535,-0.055867,-0.218171,0.192826,-0.102938,0.360688,-0.346719,0.195097,0.309474,-0.473038,0.225583,0.481647,-0.789063,-0.309420,0.142797,0.193521,0.060804,0.321972,-0.474981,0.437757,-0.559175,0.305637,-0.500510,-0.077919,0.227822,-0.351594,0.190927,-0.218954,-0.029275,0.309092,-0.509783,0.733316,-0.715064,-0.255756,0.262094,0.171153,0.176249,-0.257089,0.041047,0.204934,-0.243149,-0.139127,0.395328,0.280945,-0.493610,-0.067269,-0.282318,0.104939,0.063591,0.052701,-0.341993,0.603826,-0.186242,0.545822,-0.090821,-0.108105,0.027187,0.174978,0.460105,0.140259,0.246923,0.102475,0.148613,-0.579166,-0.009858,0.532067,-0.175262,0.560172,-0.200661,0.064812,0.113840,0.213569,0.378067,0.699613,-0.193343,-0.142447,-0.316184,0.544419,-0.156221,0.328986,-0.292549,0.123512,0.617578,0.407961,-0.411437,-0.572698,0.104868,0.132461,-0.138090,0.335790,0.596681,0.195164,-0.299295,0.501033,-0.279147,-0.161066,-0.091364,-0.186490,-0.158410,0.322186,0.224731,-0.094991,0.208789,-0.155305,-0.308060,0.030591,0.087835,-0.540119,-0.104951,0.039881,-0.037665,0.110801,0.084586
-0.548992,0.433685,-0.343833,0.183383,0.289232,0.368943,0.013577,0.220158,-0.250220,0.111250,-0.123562,-0.025850,0.289345,-0.385631,0.352467,0.245738,-0.059974,-0.012064,-0.132261,0.566689,-0.436064,0.152848,0.275748,0.505561,0.146944,0.188316,-0.478300,-0.003870,-0.343436,0.445362,0.140232,0.138980,0.226941,-0.068363,-0.161012,-0.185066,-0.462076,0.313057,-0.340831,0.185094,0.071860,0.075459,-0.414287,-0.085397,-0.114717,0.327272,-0.250805,0.350510,0.353926,-0.277346,0.327632,0.150007,0.183531,-0.247155,-0.270801,-0.139682,-0.200278,0.336930,0.250541,0.468565,-0.487746,-0.406035,0.342258,-0.330833,-0.024861,0.188996,-0.332765,0.136434,-0.270077,0.216268,0.234863,-0.311383,0.512106,0.045257,0.511624,-0.147503,0.094069,-0.189878,0.219652,0.269687,0.027342,0.541363,-0.102426,-0.194038,0.083741,0.124359,-0.124525,0.021367,0.293645,0.278014,-0.424324,-0.285674,0.371300,0.173304,0.498363,-0.127588,0.148220,0.111778,-0.077087,-0.004199,0.035934,0.073894,0.212351,0.230853,0.330153,0.306488,-0.034123,-0.003275,0.258877,-0.093073,-0.116914,-0.050081,-0.391103,0.180172,-0.106874,-0.209794,0.419388,0.240363,0.294232,0.028215,0.445539
