0.194696,-0.227855,0.090231,-0.139026,-0.408418,0.417314,-0.363181,0.450237,-0.053994,-0.314867,0.041901,0.372946,0.232225,0.306561,0.158783,0.192277,0.349196,-0.250332,-0.010575,-0.278791,0.487668,0.444059,-0.460573,0.205575,0.425248,-0.319425,0.067945,0.415488,-0.466054,0.197420,-0.202651,0.424396,0.471058,0.444266,-0.025786,0.362043,0.344549,-0.180900,0.328915,-0.462992,0.096270,-0.269991,-0.379433,-0.423047,0.196289,-0.160125,0.224767,-0.434644,-0.184710,0.039491,0.290723,-0.181247,0.125891,0.385978,0.115863,-0.267041,-0.475599,0.370099,-0.478731,0.374702,0.028937,0.439068,0.298783,0.497934,-0.149288,0.267188,-0.098069,-0.020124,0.127505,0.373677,0.484083,0.268273,-0.082233,-0.078643,0.237582,-0.261223,-0.389526,-0.145378,-0.212761,-0.203692,-0.266392,-0.457907,-0.482126,0.487722,-0.072227,-0.115673,0.179647,-0.281746,0.449961,0.286345,-0.410589,-0.082419,0.379118,0.444732,-0.032598,0.113411,-0.332966,0.491169,-0.268328,0.442732,0.149647,0.107737,0.012689,-0.269330,-0.323472,-0.279514,-0.313562,0.279584,-0.149875,-0.442157,0.469103,0.383786,0.427752,0.494908,-0.326105,-0.103758,0.258238,0.196021,-0.346104,0.315833,-0.275559
-0.276182,0.036974,0.092940,0.080086,-0.408513,0.377461,-0.234400,-0.370485,0.388748,0.455651,0.362128,0.309516,0.155242,0.050857,-0.413013,-0.091547,-0.127311,-0.240246,0.223420,-0.004124,-0.418954,-0.279817,0.183259,-0.423869,0.351207,-0.004853,-0.019413,0.092408,0.324681,-0.152191,0.178016,0.065732,-0.232972,0.378630,0.297426,0.158452,0.350582,0.367294,0.208363,0.337013,0.197471,0.180141,0.118611,0.252717,-0.341395,0.380871,0.371844,-0.470753,0.325817,-0.371130,-0.164881,0.243508,-0.339240,0.317967,0.332134,0.007468,-0.493614,-0.212962,0.116927,0.481186,0.131814,-0.240196,0.134006,0.039985,0.279845,-0.393019,0.261028,0.041267,0.462992,-0.158128,0.132622,0.432028,-0.397490,0.437228,0.187886,-0.432163,-0.199036,0.208172,-0.432649,0.082170,-0.154117,0.120916,-0.454258,0.371537,0.473489,0.468878,0.249652,-0.369914,0.258263,-0.475413,-0.477876,-0.176390,-0.011357,0.270407,0.183295,-0.054097,-0.226373,0.497125,-0.073819,-0.048613,-0.336376,0.294810,0.193682,-0.279230,-0.417619,0.180499,0.154511,-0.226740,0.450864,-0.348942,-0.067665,0.443616,-0.080273,0.138526,-0.102406,-0.225785,0.483978,-0.090666,0.394099,-0.270045,-0.286895
-0.468866,0.151667,-0.131474,0.364358,-0.026790,0.468193,-0.314474,0.368623,0.276597,0.270922,0.344783,0.261024,0.126220,-0.368755,-0.467474,0.420848,0.116650,0.296537,-0.018478,-0.382692,-0.374814,0.185565,-0.069694,-0.299475,-0.008405,-0.435791,0.081971,-0.231007,0.297559,-0.189638,-0.044780,-0.488379,-0.427553,-0.107506,-0.020061,0.100021,-0.208337,0.194982,0.360122,0.279851,-0.460381,-0.019493,-0.395070,-0.257955,0.486663,-0.357504,-0.001112,0.118156,0.202465,0.059649,-0.490229,-0.173539,0.017712,-0.412134,-0.149373,-0.466797,-0.421422,-0.103077,-0.367284,0.067541,0.189465,0.300587,-0.299850,-0.332517,-0.395432,0.136430,0.206476,-0.468414,0.436212,-0.448029,0.041296,0.209061,0.370969,0.214087,0.301728,-0.160550,0.314825,-0.419885,0.394817,0.047592,0.317298,-0.047682,0.143578,0.026403,0.231590,-0.418370,-0.439648,-0.252897,-0.340455,0.371784,-0.280786,0.475865,-0.163104,-0.317882,0.289699,0.158708,-0.001804,0.055364,0.219202,-0.271545,0.496334,0.474793,0.150326,-0.300458,0.180228,-0.427802,-0.469347,-0.242317,-0.037377,0.368273,0.227169,0.242707,-0.074507,-0.154065,-0.128961,0.487650,-0.459891,0.367031,0.078675,-0.061385,0.225258
-0.013331,0.373423,0.400702,-0.078279,-0.223172,0.092350,0.412363,-0.289338,0.122967,0.131560,0.233113,-0.368432,0.215825,0.409033,-0.320317,-0.262457,0.471395,-0.319023,0.354385,-0.007722,-0.252769,0.370750,-0.054695,0.014817,-0.140767,0.092951,-0.336476,-0.108918,0.469412,-0.241867,0.156737,-0.174810,0.273473,-0.369126,0.469821,-0.046210,-0.263950,-0.426503,-0.330242,0.019774,-0.162997,0.328883,-0.069112,-0.251286,0.117145,0.206777,-0.332958,-0.332381,-0.463329,0.236402,0.163805,-0.025369,0.344170,0.305670,0.085354,0.368271,-0.294159,-0.388080,-0.230250,-0.442913,0.031170,0.436606,-0.460656,-0.377890,-0.047801,0.433875,-0.183844,0.007235,-0.458427,-0.351657,0.486630,0.465119,-0.495060,0.451812,0.139120,0.367918,-0.045260,0.015596,-0.011153,0.166864,-0.360349,-0.470026,-0.192070,0.204681,-0.298147,0.173432,0.469912,-0.406099,0.172602,-0.056250,0.368142,-0.322850,0.192626,0.338115,0.444614,0.183248,-0.002825,0.117847,0.368905,0.070610,-0.469613,0.430949,0.189527,0.176513,-0.284325,0.158885,-0.106136,0.151233,-0.393407,0.157845,0.499414,-0.451788,0.477174,-0.093092,0.370753,0.282385,0.067016,0.238449,0.378516,-0.095860,-0.172967
0.167593,0.307846,0.262285,0.297814,-0.064417,0.317834,-0.379791,0.044489,-0.494241,-0.175414,-0.133538,-0.103827,0.195467,-0.111442,-0.051306,-0.262456,-0.126748,-0.272730,-0.426804,0.103449,0.168213,0.119490,-0.036506,-0.120214,0.363334,0.019082,-0.020818,-0.474358,-0.158752,-0.119804,-0.101177,0.080172,0.033603,0.107905,0.264883,0.312986,0.218123,0.455524,-0.481767,-0.304222,-0.492437,0.147475,0.398031,-0.256518,0.427035,-0.439733,0.434436,-0.148377,-0.398579,-0.014128,-0.243223,-0.215127,-0.192710,0.303026,0.039161,-0.188692,0.110334,0.216151,-0.227376,-0.086451,-0.378114,-0.318851,0.181118,-0.318562,0.025163,0.209046,-0.393123,0.067312,-0.243437,0.462927,-0.016454,0.305993,0.050227,-0.456587,0.133151,0.451403,0.101612,0.319189,0.384206,-0.271920,-0.287955,0.110981,-0.088972,0.339861,0.400023,-0.146579,-0.263129,0.280526,-0.225194,0.322614,-0.076262,0.167550,-0.404465,0.123859,-0.048232,0.086608,-0.331986,0.236874,0.362797,-0.283260,-0.404285,-0.476361,0.141972,0.107094,0.046697,-0.268053,-0.109094,0.094476,-0.003233,0.487786,-0.363560,0.195145,-0.095681,-0.071800,0.217598,0.192436,0.491256,-0.371606,-0.395890,0.224339,0.078387
-0.225839,-0.420581,-0.414342,0.394191,-0.308133,-0.176628,-0.273344,-0.145004,-0.430576,0.019060,-0.432387,0.300357,-0.266288,0.040012,0.380079,0.150877,0.032958,-0.175666,-0.166998,0.169487,0.494139,0.161839,0.057783,0.230651,-0.034794,-0.439858,0.062297,0.457625,-0.324697,0.190005,-0.299066,0.035828,-0.403324,-0.049629,0.256163,-0.152428,0.164912,0.295450,0.427178,-0.265358,-0.100684,-0.347584,0.492484,0.427001,0.039957,0.342033,0.020958,0.123586,-0.410876,0.255270,-0.372287,0.326068,0.282028,0.208745,-0.463840,-0.196872,-0.236887,-0.139864,-0.412357,0.436958,0.053802,-0.194476,-0.103018,-0.052797,0.100594,0.015679,0.419392,-0.003037,0.492158,0.351425,-0.291489,0.430595,-0.383634,0.317450,-0.119377,0.377974,0.368057,0.305925,0.290030,-0.195321,-0.419081,-0.097020,-0.326475,0.194951,-0.153900,0.475610,0.140972,0.322481,-0.367475,0.362014,0.422757,-0.012938,0.106253,0.264810,-0.325161,0.002566,-0.101337,-0.353626,-0.132466,-0.431828,-0.474188,-0.364834,0.463115,0.049530,0.465822,-0.067502,-0.188184,0.006142,-0.060488,-0.394335,0.140826,-0.283962,0.119588,0.150201,-0.347975,-0.438650,0.280762,-0.040200,-0.441836,0.494866,-0.442219
0.195035,0.483679,-0.260820,-0.357751,-0.378615,-0.196725,-0.398954,0.192161,-0.437708,0.009422,0.496697,0.313970,0.115219,-0.193746,0.123896,0.027041,-0.073917,-0.369290,0.386604,-0.050215,-0.305377,-0.132241,-0.085870,0.327538,0.233614,0.269305,-0.488969,-0.083846,-0.018656,-0.480808,-0.240187,0.260290,-0.362890,0.035310,-0.284798,-0.487879,-0.258799,0.475874,0.301537,0.459577,-0.012146,-0.390264,0.047959,-0.045623,0.344357,-0.401917,-0.011759,-0.349951,-0.175324,0.237357,-0.023982,-0.124112,-0.105524,-0.040553,0.285017,0.392085,0.455335,0.286903,-0.184593,0.188135,-0.062397,-0.245329,0.340872,-0.461574,0.401762,-0.038523,0.137201,0.159354,0.395118,0.136670,0.113934,-0.433348,0.018408,-0.349831,0.237434,0.012222,0.180228,-0.458327,-0.415208,0.216323,-0.427916,-0.428743,-0.487892,0.456501,0.237508,-0.146749,-0.203464,-0.150297,0.274654,0.161371,-0.314804,-0.325891,-0.401604,0.160303,0.264373,-0.234954,-0.479055,-0.417828,0.467860,-0.204555,0.269223,0.124664,-0.118060,-0.294313,-0.378614,0.115013,0.274634,0.143904,0.030302,-0.458049,0.468489,0.298714,-0.207178,0.479970,0.101882,0.082423,0.248073,0.311770,0.156479,-0.371904,-0.161732
0.428084,-0.275384,-0.127833,-0.067923,-0.060595,0.112940,0.443076,-0.259307,-0.378499,-0.302530,0.386925,0.145811,-0.214093,0.315947,0.361370,0.346514,0.418927,-0.247759,0.255042,-0.039461,0.341999,0.228491,0.276447,0.156162,-0.322571,0.045027,0.484670,0.437388,-0.456826,-0.335185,-0.368271,0.225980,0.317785,-0.286489,0.005853,0.340703,0.232802,0.042237,0.090348,0.008361,-0.202452,0.065022,0.188885,0.373323,0.136291,0.261122,-0.339928,-0.038443,-0.490668,-0.253321,0.226462,0.491810,-0.400822,-0.098506,0.300071,-0.295964,0.055085,0.233071,0.115985,-0.311975,-0.144615,0.283792,0.054227,-0.494770,0.260991,-0.464689,0.245734,-0.297519,0.458073,-0.132059,-0.173068,-0.351112,-0.194396,0.376651,0.496334,-0.131690,-0.051389,0.222071,0.386196,0.093044,-0.108474,-0.087378,0.195618,-0.496782,0.119589,-0.144507,0.294197,-0.407009,0.088202,-0.019027,0.142326,-0.435146,0.079984,0.061485,0.060660,0.103488,0.176468,0.304989,-0.230179,0.325049,-0.001744,-0.422942,-0.441449,-0.165762,0.284897,0.207681,0.288615,0.017269,-0.059801,-0.352547,-0.171807,-0.065981,-0.411400,-0.279388,0.098225,0.235663,0.498348,0.433113,0.142565,-0.078752,0.136177
0.285652,-0.381664,-0.090095,0.339802,-0.116167,0.071872,0.087769,-0.315524,-0.137765,-0.165489,-0.473803,-0.475808,0.331697,-0.226929,0.018079,-0.201274,0.440679,-0.240703,-0.070343,0.372730,0.341934,-0.313899,0.302643,-0.041813,-0.017031,-0.366520,-0.419398,0.227939,-0.003539,-0.063149,0.229508,0.265513,-0.341092,0.110225,-0.364646,0.251375,0.156955,0.456615,-0.431042,-0.442945,-0.217813,-0.238294,-0.253021,0.406255,-0.250454,-0.228050,0.259398,-0.050260,0.276711,-0.434634,-0.012429,-0.466386,-0.437347,0.406437,-0.360755,0.032421,-0.088904,-0.152657,0.399833,-0.478177,0.163790,0.463394,0.060168,0.436822,-0.447742,-0.081207,-0.239842,0.230821,0.481297,-0.243470,0.154175,-0.301902,0.065330,-0.036068,0.472005,0.108527,-0.150494,-0.385904,-0.348753,-0.274683,-0.249033,0.350616,0.061223,0.023391,-0.385231,0.360140,0.222814,-0.432332,0.207835,0.043538,-0.418275,-0.041699,-0.015304,-0.334225,0.445698,0.349975,0.169022,-0.037704,-0.088234,0.150973,0.045432,-0.437727,0.012503,0.306404,-0.040760,-0.448043,0.286278,-0.298636,-0.241379,-0.335294,-0.169785,0.256752,0.019386,-0.295119,0.377830,0.379582,0.370578,-0.261204,-0.048761,0.484990,0.272012
-0.472833,-0.434795,-0.036069,0.409220,0.038702,-0.002187,-0.394526,0.156780,0.322103,-0.119580,0.275612,0.464477,-0.296234,0.023330,-0.212862,0.292854,0.077593,0.134582,0.297914,-0.104030,0.415090,0.033029,-0.342045,0.195899,0.293261,-0.183238,0.357179,0.406143,-0.223096,0.483521,-0.359288,-0.297984,-0.315775,0.393990,0.154293,-0.347896,-0.059677,0.115298,-0.416536,0.382416,0.303604,0.005207,0.467127,-0.082239,0.484110,0.167920,0.134671,-0.334045,0.381928,-0.072510,-0.337767,-0.487392,0.059756,0.027400,0.219354,0.390258,-0.420593,0.231496,-0.312588,0.358177,0.319064,0.040794,0.210243,-0.185650,-0.028832,0.321637,-0.040735,-0.142202,-0.005788,0.328249,-0.164792,-0.326238,0.212014,0.325978,-0.399363,-0.260126,-0.358028,-0.152059,-0.049649,0.248826,0.151148,0.120929,-0.147625,0.341448,-0.028713,0.479105,0.134142,-0.373735,0.176178,-0.174896,0.186327,-0.430359,-0.325119,0.355737,-0.272820,0.337041,-0.220724,0.142882,0.194151,0.012655,-0.194689,-0.287356,-0.466811,-0.196054,0.153163,0.438305,0.371204,0.266065,0.288447,0.164985,-0.239713,0.407195,0.170732,0.060441,-0.389011,-0.052944,-0.039642,0.364564,0.046648,-0.119599,0.476800
-0.389279,-0.077452,-0.457975,0.239904,0.418077,-0.219963,0.358342,-0.207782,0.410770,0.253962,0.304907,-0.481993,0.462810,0.226671,-0.195249,0.329395,-0.218479,0.372754,-0.387420,0.203686,0.040698,-0.403466,-0.258106,-0.487596,-0.031232,-0.198735,0.098357,-0.202762,-0.200081,0.243193,-0.451857,0.402895,0.352264,0.167805,0.093222,0.392302,-0.314670,-0.421031,-0.260490,0.294578,-0.465330,0.082807,0.495438,0.355696,0.021446,-0.436359,0.331374,0.098979,-0.385067,-0.406143,0.409627,0.169200,0.329287,0.378979,0.071772,0.017446,-0.069573,-0.183053,-0.065404,0.273880,0.101923,0.392523,-0.056620,0.107090,0.131308,0.091697,0.202634,-0.262567,0.012364,-0.395775,-0.115489,-0.012333,0.152224,0.450531,0.100651,0.243594,0.006266,0.134104,-0.429068,-0.245608,-0.138147,-0.027507,-0.454351,-0.359976,-0.223186,0.471533,-0.168653,-0.017959,-0.303902,0.110780,-0.219317,-0.293007,0.016573,-0.494494,-0.492336,-0.280931,-0.463279,-0.391974,-0.161139,0.302586,0.072049,0.012668,-0.206511,0.431754,-0.102985,-0.412907,0.117067,-0.386162,-0.154777,0.007412,0.374223,-0.006453,0.202259,0.492817,-0.368511,-0.225268,-0.105424,-0.078172,-0.088979,0.407611,0.214033
0.107905,-0.190627,0.323790,0.455061,0.321198,-0.498435,0.136401,-0.448865,-0.242393,-0.440475,0.103795,0.186590,-0.385512,-0.116161,-0.043763,-0.130947,-0.378975,-0.081052,0.251178,-0.428992,-0.419820,-0.145229,0.441726,0.168573,0.178670,-0.138080,0.093661,-0.489869,0.136096,0.413287,0.112573,0.373699,0.223973,-0.379442,0.402453,-0.433556,0.033967,-0.357863,-0.488293,-0.077966,-0.204959,-0.014000,0.077200,-0.456261,-0.376997,0.058642,-0.156833,0.229173,0.152292,0.345604,0.192493,-0.070069,0.172967,-0.224619,-0.193687,0.288985,-0.053580,0.298380,0.322422,0.357562,0.416635,-0.069015,-0.181133,0.082199,-0.128828,0.101074,0.205586,0.188405,-0.125447,-0.333140,-0.069471,-0.357406,0.390097,-0.154123,-0.345540,-0.474552,0.145822,0.136902,-0.159396,-0.428288,-0.090371,-0.188783,0.177121,0.105779,-0.135406,-0.282107,0.488036,-0.045998,0.188274,-0.359447,-0.014410,-0.472463,0.005455,0.464017,-0.115793,-0.461004,-0.469044,-0.112013,-0.339975,-0.476648,0.256214,-0.041477,-0.210755,0.400083,-0.383861,0.455919,-0.186033,0.388404,0.102943,0.326707,0.484013,-0.211595,0.461135,-0.110518,-0.114488,-0.159613,0.041408,-0.345855,0.053711,0.041705,0.261902
0.333650,-0.059559,-0.197667,-0.240665,-0.305376,-0.442352,-0.157552,-0.229752,0.466417,0.057709,-0.152723,0.080468,-0.360803,-0.055956,0.126234,-0.011102,-0.098221,0.493848,0.380315,0.123406,0.069377,0.120660,-0.298688,-0.104862,-0.460540,-0.024454,0.043025,-0.272250,0.464029,0.409455,0.222143,0.033387,0.369969,-0.369348,0.290510,-0.375179,0.294211,-0.224232,0.377091,0.444042,-0.351204,-0.037324,0.480987,-0.016593,0.363548,0.088732,-0.124670,-0.214216,-0.296777,0.261798,-0.113459,0.011275,-0.007675,0.077279,0.365577,0.480739,-0.092416,0.327519,0.264528,0.073529,0.456047,-0.299525,-0.390736,0.353962,-0.060850,0.346969,0.393090,-0.437542,0.383465,-0.051681,0.010432,0.126593,0.426383,-0.480884,-0.023157,0.187722,0.222707,0.192532,-0.365565,-0.200604,-0.141284,0.304437,-0.221240,-0.289295,0.457448,-0.491137,0.497821,0.176821,0.328469,-0.205381,-0.485685,0.237870,0.334145,0.240476,-0.357150,0.253428,0.268923,0.158541,0.266116,0.345921,0.113604,-0.411395,-0.012372,-0.422351,-0.092457,-0.092894,-0.433990,-0.151179,-0.389002,0.308235,0.447688,-0.427684,0.455115,0.022577,-0.200434,-0.423138,0.000624,0.294516,0.207086,-0.449774,-0.427098
-0.097127,-0.204710,-0.267616,-0.218996,0.303483,0.429228,-0.094897,0.406111,-0.178504,-0.023563,-0.273971,0.140476,0.478981,0.103493,-0.142186,0.147817,-0.377079,0.388659,0.003084,-0.050650,0.085865,0.124784,-0.428224,0.182617,-0.258068,0.213953,0.322535,0.303959,0.052501,0.020170,-0.357124,0.275346,-0.228591,-0.003305,-0.215726,-0.366172,0.129558,-0.445668,0.248645,-0.182413,-0.499865,0.011129,-0.453148,-0.223830,0.206976,-0.437310,0.339338,-0.496180,-0.253176,0.240904,-0.183730,-0.398108,-0.139766,-0.229607,0.342712,-0.186652,0.288932,0.391872,-0.066183,0.409943,-0.122682,0.464078,-0.410710,0.187019,-0.006186,-0.112351,0.132712,0.203857,-0.495637,-0.333047,0.213046,0.166385,0.466048,0.261038,0.450773,0.202541,-0.201948,-0.394635,0.281824,0.144149,-0.451814,-0.139950,0.456800,0.000401,-0.067271,-0.042300,-0.291117,-0.131293,-0.130187,-0.447645,0.267568,-0.083496,0.322180,0.350348,-0.288006,0.157353,-0.027718,0.380157,-0.284259,0.177813,0.107752,-0.204699,-0.363399,0.151640,0.238597,-0.184373,0.144833,-0.104869,0.213207,-0.300785,0.390215,-0.212590,-0.132214,-0.441908,-0.388488,0.015862,-0.232407,0.335480,-0.485307,-0.120906,-0.162654
-0.480672,-0.375632,-0.086357,-0.007135,-0.095710,0.030938,0.095132,-0.490076,-0.035905,0.463499,0.019032,0.177542,-0.188136,0.273991,0.272921,0.021296,0.476014,-0.374450,-0.483052,0.270158,0.307156,-0.379793,-0.234417,-0.482448,-0.206691,0.273142,0.017961,-0.151904,-0.128261,-0.498646,-0.200199,0.146459,0.474194,0.347061,-0.476405,0.398561,0.283198,0.280376,-0.042004,-0.101995,-0.197084,-0.434305,-0.271765,-0.253396,-0.015923,0.247444,-0.026190,-0.442156,0.457790,0.442724,0.285190,0.491328,0.044482,0.462768,-0.424395,-0.134319,-0.274619,-0.304167,-0.359197,0.122414,0.281322,0.078298,-0.353037,0.311124,0.135955,-0.111834,0.174130,-0.240095,-0.154808,0.417486,-0.209495,-0.030012,0.390141,0.207721,-0.437797,-0.352697,-0.492158,0.130922,-0.052327,-0.365725,0.457934,0.029660,-0.258107,0.000604,0.179620,-0.423761,-0.225296,0.306965,-0.040335,0.046577,-0.067184,-0.456100,-0.334250,-0.054458,-0.290815,-0.450021,0.343650,0.481193,0.293143,0.353785,-0.258023,0.460627,-0.303074,0.451430,0.494819,0.211723,0.481144,0.069540,-0.240458,-0.063004,0.093561,-0.426918,0.122343,0.481178,-0.309892,0.292595,0.407899,0.443702,0.460136,0.021460,0.477308
0.257310,-0.338329,-0.023100,0.218331,-0.252660,0.140615,0.166600,-0.337300,0.065085,0.271627,-0.001104,-0.487897,-0.490962,-0.142971,0.426194,-0.271323,0.134364,-0.277924,-0.178330,0.348042,0.228861,-0.404601,-0.071298,-0.470830,-0.019110,0.162434,-0.381497,-0.211115,-0.102163,0.419531,0.493255,-0.455089,0.261008,-0.128276,-0.107542,0.254265,0.418426,0.450929,0.077123,-0.142879,0.287549,-0.248999,0.064074,-0.141422,0.156631,-0.259601,-0.308407,0.418239,-0.398196,0.005958,-0.279147,-0.461070,-0.463981,-0.324778,0.366770,-0.217521,0.450459,0.081622,-0.063386,0.080089,0.016698,0.258776,-0.217504,-0.146950,0.394094,0.446457,0.392558,-0.080552,0.280366,-0.023664,-0.002460,-0.295320,0.091130,-0.313864,-0.168435,0.355030,-0.292924,-0.428842,-0.430992,0.440785,0.006920,-0.090588,0.310879,0.335826,-0.167809,0.193618,0.271123,0.154651,-0.348405,0.375883,0.039095,-0.217528,-0.074772,-0.462429,-0.372133,0.265547,-0.499988,-0.083434,0.022510,-0.445366,0.473078,-0.273875,-0.195801,-0.196057,-0.269583,-0.498526,0.229345,0.466845,-0.275707,0.163047,0.241896,0.348425,-0.077371,-0.197069,-0.174705,0.212621,0.316779,-0.318386,-0.129059,0.401940,0.306694
0.484858,0.254248,-0.106805,0.090638,0.161014,-0.421544,0.044497,0.209321,-0.332679,0.280632,0.083773,0.452222,-0.457578,-0.234674,0.101554,-0.203440,0.214424,0.259005,-0.397484,0.013854,0.008891,-0.130719,0.432925,0.327506,0.197209,0.214327,-0.038284,0.420995,0.194595,0.228981,0.361691,-0.225928,0.307071,-0.304759,-0.154658,-0.164390,0.478525,0.356537,0.201170,0.227057,0.062073,0.447091,-0.003741,-0.119482,-0.336965,0.286206,0.234444,-0.115645,-0.474807,0.338997,-0.488582,0.203700,0.470257,-0.062339,-0.265027,0.204871,0.317128,0.046430,0.467035,-0.448331,0.004796,0.218454,0.362640,-0.320744,0.300003,0.052707,-0.103446,-0.368285,0.365296,-0.342727,-0.190212,-0.209954,0.371414,0.172703,0.296681,-0.249532,0.124874,0.071746,0.332830,0.406087,-0.487843,0.174020,-0.448164,0.048859,-0.212367,-0.193223,-0.147041,0.121292,-0.165950,0.232699,-0.095473,-0.431647,0.283760,-0.214242,-0.067233,0.185444,-0.167544,-0.443414,-0.126079,0.444449,0.141734,0.171479,0.132282,-0.301008,-0.081666,0.250940,-0.398627,-0.222147,-0.223681,-0.067981,0.480369,-0.432497,0.018701,-0.320635,0.470677,-0.386696,-0.096399,0.237885,0.204554,-0.077271,-0.153476
-0.102388,-0.235724,-0.294667,-0.016960,-0.231466,-0.212538,0.156756,0.468537,0.103637,-0.423021,-0.424416,0.451423,-0.202709,-0.407933,0.099045,0.123649,0.148505,-0.232598,-0.484889,0.465015,-0.249107,0.176026,0.206630,0.110007,-0.187093,-0.228904,0.097668,0.366096,0.446734,-0.394094,-0.345171,0.444736,0.236535,0.382994,-0.297367,0.087586,0.201140,0.180112,-0.091848,-0.484605,0.082926,-0.246898,-0.049746,0.457581,-0.100965,0.339802,-0.311459,0.172460,0.477007,-0.398107,-0.491680,-0.066417,-0.407375,0.248384,0.414549,-0.065979,-0.241288,-0.065597,0.223448,-0.490946,0.089454,0.113292,0.137688,-0.257978,0.214053,-0.408609,-0.300730,0.377470,0.238723,-0.486254,-0.251624,-0.285594,-0.229194,-0.252440,-0.437474,-0.041059,0.232733,0.106732,0.172872,-0.418851,0.451491,0.338492,0.305090,0.322984,0.432711,0.044254,-0.299718,0.116784,0.242881,0.237917,0.021449,-0.431541,-0.128887,0.420767,0.084449,0.038332,-0.231146,-0.131551,0.395346,0.166463,0.287387,-0.045655,0.130247,-0.251616,0.205461,-0.072399,-0.057454,0.149322,0.436281,-0.435994,0.324743,-0.207617,-0.056081,-0.478087,-0.198954,0.002631,-0.443824,-0.008904,0.427111,-0.394607,0.264441
-0.090329,0.155174,-0.239763,-0.340508,-0.339537,-0.429508,-0.314353,0.164219,0.381691,0.314126,0.185134,-0.389568,-0.210813,-0.190193,-0.250043,0.015006,0.035554,-0.143114,-0.146211,0.328556,0.289293,-0.192204,0.413788,0.452815,-0.173257,-0.145575,0.005634,0.441121,0.376319,-0.397432,-0.107269,0.053371,0.003132,-0.306137,0.358817,0.176941,0.337908,0.358764,0.248356,-0.060789,0.110547,-0.339635,0.173645,-0.320747,0.193950,-0.270402,-0.382449,-0.334716,-0.498008,0.218740,0.232401,0.014933,-0.338637,-0.416446,-0.480871,-0.334252,0.390856,-0.258463,-0.145729,-0.394655,-0.277639,0.019225,0.107753,-0.254648,-0.442268,-0.108967,-0.265797,-0.280446,0.459863,0.116300,0.056878,-0.084225,-0.071056,0.040905,0.196430,0.202146,-0.328306,0.000113,-0.088042,0.370527,0.131419,0.032504,-0.384605,0.105638,-0.382796,-0.162793,-0.357158,0.192074,-0.293748,-0.108141,0.395675,-0.295684,0.007805,-0.080728,-0.481876,0.292758,-0.430954,-0.025745,0.060678,0.128426,0.188632,-0.246728,-0.490021,0.223444,0.035657,0.336118,0.321388,0.343326,-0.014905,-0.166372,0.291558,-0.048706,-0.316558,0.354974,0.382560,-0.033690,-0.424300,-0.112174,0.303538,0.401774,-0.296527
-0.433026,0.377350,-0.110595,0.041761,0.468066,-0.433435,0.148318,-0.425895,-0.124531,0.303815,-0.066528,0.497182,0.059059,-0.178838,-0.279889,-0.149479,-0.127467,-0.431286,-0.130426,-0.035761,0.222738,0.156729,0.208766,-0.491636,-0.282333,0.161684,-0.016011,-0.494687,0.304495,0.272810,0.048419,-0.433537,0.266515,0.083714,0.281960,0.251747,0.303002,0.018008,-0.359675,0.171157,0.120474,0.242253,-0.330119,-0.305025,0.390410,0.249978,0.408228,0.258715,0.097155,0.154133,0.389128,0.078807,0.132391,-0.343523,-0.026079,0.216397,-0.229057,-0.297746,-0.186173,-0.258499,-0.285087,-0.075149,0.407839,0.007060,-0.312080,-0.423028,0.196156,-0.117201,0.321831,0.159511,0.296241,-0.228054,0.192359,-0.235938,0.439068,0.136374,-0.175488,-0.230488,-0.309073,0.194641,-0.281284,0.095303,-0.235365,0.161969,0.314940,0.278025,0.260851,-0.312278,-0.411615,0.198949,-0.131653,-0.067654,-0.468851,-0.240424,-0.466324,0.379186,-0.256603,0.057337,-0.461021,0.166847,-0.176973,0.397919,0.388118,-0.174709,0.400961,0.496158,0.325416,0.344871,-0.250991,0.076702,-0.432744,-0.405082,0.498893,-0.173361,0.248184,0.306665,0.358023,0.497628,-0.258504,-0.459649,-0.088808
-0.369919,-0.477574,-0.139573,0.283738,0.066181,-0.187222,0.154342,-0.267982,-0.485619,0.264353,0.123743,0.262303,-0.461062,0.337120,0.119526,0.063395,0.124614,0.364433,0.086937,0.080950,0.490679,0.256730,-0.057706,0.207397,-0.110770,-0.271125,0.096852,0.428182,0.429140,-0.158095,0.027677,-0.288364,0.495631,0.481118,0.149509,0.304414,0.215100,0.093158,-0.446652,-0.045236,0.174786,0.177532,-0.126877,0.441692,-0.332643,0.000359,0.190884,0.197136,0.148639,-0.224712,-0.343793,0.135940,0.099302,-0.320644,0.205139,-0.044828,0.167761,0.337367,-0.330272,-0.480855,0.279103,0.109697,0.199640,0.338155,0.302811,0.460920,0.035935,-0.011504,-0.098113,-0.346309,0.072607,-0.222987,0.421308,0.083191,0.092840,-0.145075,-0.448011,-0.468256,-0.076665,-0.415435,0.106847,0.380973,0.382915,0.159045,-0.288768,0.362997,0.386093,-0.303346,0.237426,-0.213480,0.302640,0.497238,-0.469974,0.397366,0.122631,0.473383,-0.034990,0.347388,-0.437606,-0.164721,-0.432983,0.475343,0.316974,0.352547,0.437965,-0.414897,-0.114402,-0.428965,-0.289207,-0.270634,-0.030893,-0.231438,-0.399022,-0.332509,-0.352724,0.473077,0.259293,0.467761,-0.060260,-0.221632,0.298293
-0.173746,-0.200617,-0.267494,-0.370321,-0.243537,-0.144680,0.173994,-0.437435,-0.289493,0.309024,-0.353078,-0.157355,0.364659,-0.345075,-0.417263,-0.015462,-0.197580,0.063408,0.303805,-0.362852,0.080699,0.005509,-0.355921,0.123998,-0.226360,-0.012166,-0.417728,-0.040416,-0.193537,0.322381,-0.443021,-0.081393,-0.041569,0.225006,0.074288,0.167212,0.277049,0.362203,-0.186125,0.038023,0.340108,0.489451,0.389519,-0.128533,-0.304833,-0.010607,0.241641,-0.007431,-0.016819,0.338230,-0.138596,0.359795,-0.093195,-0.171767,-0.046010,0.262447,-0.373998,-0.303581,0.451445,-0.324508,0.067727,0.079314,-0.010376,0.144745,-0.270173,0.052662,-0.127827,0.161667,-0.358776,0.070877,-0.314730,-0.221357,-0.281290,-0.317162,0.325711,-0.214292,0.427124,0.469927,0.071260,-0.356999,-0.125452,0.297732,-0.132609,-0.412983,0.056785,0.345121,0.295926,-0.324877,0.172765,-0.279496,-0.281792,0.374072,-0.250331,-0.236753,-0.499347,0.370669,0.292595,0.127329,0.250266,-0.347951,-0.041676,-0.148781,-0.406223,-0.013870,0.420740,-0.459941,-0.208539,-0.292459,-0.261853,0.408435,-0.031931,-0.033701,0.260576,-0.345508,-0.012735,-0.070015,0.096911,0.499558,0.269449,-0.102134,0.327553
-0.329292,-0.469536,-0.295552,-0.159588,0.010581,0.115129,0.410606,0.009854,0.001276,-0.449757,-0.465088,0.051160,-0.061821,0.339180,-0.339320,-0.475028,-0.050961,-0.262521,-0.450386,0.224598,-0.388407,0.108320,-0.218950,-0.326504,-0.120248,0.301446,-0.107906,0.250770,-0.374514,0.272771,-0.263067,0.177393,0.065782,0.429145,-0.112677,-0.433835,-0.480845,0.326859,0.024736,0.275244,-0.265574,-0.154916,-0.469896,0.461492,0.167868,0.433205,-0.234504,0.111464,0.178500,-0.182450,0.348109,0.447161,0.384855,0.239067,-0.222535,-0.218384,0.463360,-0.489716,0.216050,0.206246,0.122690,0.490109,-0.188121,-0.160028,-0.421061,-0.057202,-0.238951,-0.156613,0.334572,0.435485,-0.314267,-0.127491,0.428631,-0.438192,-0.407639,-0.337209,0.095213,-0.349528,0.468076,-0.053285,0.001518,-0.253341,-0.029040,0.161914,0.251177,0.253868,0.077891,0.404360,0.317408,0.257048,-0.444394,-0.493122,-0.287553,0.163524,-0.088803,-0.097594,0.384587,0.395563,0.409175,-0.186122,0.191056,-0.228367,-0.309390,-0.315368,-0.157892,-0.070042,0.330949,-0.380109,0.234926,0.031455,-0.212055,-0.007180,-0.200058,0.096082,-0.066156,-0.335594,-0.383417,0.046696,0.402413,-0.156042,0.233000
0.158661,0.431555,0.320981,0.066605,0.157030,0.398386,-0.100481,-0.173205,-0.489189,0.326551,0.300981,-0.395545,0.076857,-0.036018,-0.381291,0.480568,-0.285304,-0.432766,0.094847,0.238867,-0.467557,0.158718,0.032292,-0.396735,-0.327476,0.067974,-0.203642,0.438316,0.318740,0.483567,-0.240329,0.469724,-0.068766,-0.152481,-0.449650,-0.447235,0.192011,-0.042071,-0.273478,0.113970,-0.247142,0.077632,-0.140791,0.323552,0.320696,-0.022650,-0.149181,-0.137440,0.305715,-0.171821,-0.290941,-0.415312,-0.033307,-0.017868,0.340909,-0.278761,-0.119009,0.308406,0.323624,-0.115389,-0.040876,-0.196714,0.432555,-0.381356,0.433749,0.183866,0.031572,-0.467341,-0.024404,-0.092252,-0.338781,0.156410,0.471151,0.062189,0.214753,-0.431550,-0.082333,-0.383642,0.112796,0.438482,0.161778,-0.423197,-0.145334,0.050663,-0.096792,0.333644,0.314671,0.111831,-0.126542,-0.244664,-0.394126,-0.145102,-0.086827,0.175823,0.158160,-0.429892,-0.104741,-0.318221,-0.343187,0.327302,-0.458085,-0.080817,-0.331796,0.379330,0.057041,-0.268619,0.002427,0.231486,0.458118,-0.279554,0.386182,0.434304,0.416421,0.135414,0.129821,-0.096789,0.252398,0.031294,0.177438,-0.071542,0.231496
0.324472,-0.353564,0.332930,0.040297,0.344666,-0.068698,-0.120960,0.415061,-0.248831,0.344212,-0.015979,0.014095,-0.191532,0.073042,-0.174789,-0.460731,-0.228001,-0.493621,0.478355,0.465747,-0.104845,0.228371,-0.154194,0.171093,0.305430,0.446756,-0.099788,0.283298,-0.234072,0.490332,-0.474230,0.103529,0.159506,0.188046,-0.379612,0.438530,-0.318817,0.122753,-0.277324,-0.192784,0.046459,-0.082807,-0.339774,-0.329064,-0.081855,0.257283,0.397965,-0.415872,-0.106896,-0.399754,-0.483408,0.161719,0.102449,-0.336981,-0.266187,-0.476292,0.334947,0.474691,-0.364540,-0.268525,0.368410,0.426464,-0.080373,-0.449378,-0.460608,0.073950,-0.107105,-0.471348,0.083252,-0.488697,0.287372,-0.193567,-0.459742,0.088352,-0.102316,0.473800,0.044199,-0.224761,0.209439,-0.228508,0.404243,-0.125278,0.049869,-0.449427,-0.073879,0.332364,0.305649,-0.275681,-0.273921,0.317305,0.430398,-0.404639,-0.049941,-0.162546,0.370688,-0.416475,-0.288874,0.252468,-0.448706,-0.007465,-0.057893,-0.165599,-0.105428,0.029941,-0.338633,0.071996,0.305432,0.260161,-0.346100,-0.350751,-0.231826,-0.138925,-0.091544,0.179697,-0.443320,-0.465327,-0.108089,0.197164,-0.306565,0.141504,-0.240172
0.386086,0.395690,-0.202713,-0.270006,-0.088696,-0.259468,0.172384,0.326065,0.173092,0.324350,-0.103008,-0.343683,0.237951,-0.139525,0.171271,-0.229356,-0.418770,0.492582,-0.343798,0.488421,0.477280,0.293818,0.159423,0.077807,0.366102,-0.210560,-0.032319,0.119390,-0.088810,-0.072514,-0.169715,0.064232,0.350575,-0.298472,0.434433,0.189088,0.323273,0.056191,0.279517,-0.483800,0.318380,-0.459861,0.389913,0.491963,-0.205933,-0.289681,0.265363,-0.246974,0.365562,-0.397157,-0.374045,0.479152,0.173839,0.346887,-0.175671,0.176484,0.094242,0.103150,0.182532,0.075359,-0.070938,-0.224077,0.268581,-0.273728,0.192354,-0.266667,0.125330,0.247078,-0.281286,-0.440057,-0.369026,0.105997,0.349446,-0.455003,0.234151,-0.158681,-0.021472,0.428860,-0.168028,-0.034663,-0.486318,-0.418401,-0.241408,-0.472148,0.131375,-0.073602,0.048145,-0.325353,-0.204068,0.163824,0.465303,-0.449583,0.390384,0.076881,0.063920,0.000279,-0.430606,-0.410123,0.100912,-0.159041,0.417268,-0.093409,-0.356719,0.214719,-0.206647,0.025470,0.197833,0.400264,0.292191,0.176361,0.179633,0.445925,-0.204176,-0.498888,-0.228045,-0.282109,0.161835,0.133712,0.093461,-0.483757,0.228778
-0.176470,0.165056,0.056578,-0.157269,-0.365424,-0.405581,0.331518,0.418398,0.149788,-0.396566,-0.097973,0.228939,0.279821,-0.381781,-0.499969,0.212137,-0.143404,-0.245519,-0.487103,0.040299,0.351151,0.457632,0.065745,0.014461,-0.414944,0.048873,-0.120021,0.107135,-0.111274,-0.259701,-0.405035,-0.185082,-0.403355,-0.323103,0.487336,-0.055896,0.031872,0.373619,0.495569,0.082714,0.312474,-0.173059,-0.194256,-0.097296,0.172507,0.182192,-0.184761,-0.366790,0.132396,-0.371674,0.078493,0.193422,0.200611,0.253472,0.372859,-0.000041,0.230249,0.119173,-0.313360,-0.474310,-0.215459,-0.056966,0.117106,0.349959,-0.303754,-0.374450,0.463480,-0.391955,-0.021509,0.085564,0.041374,-0.413968,-0.442973,-0.394517,0.085588,0.044345,-0.266259,0.137774,0.320068,-0.458421,-0.001870,0.189310,-0.247688,-0.192229,0.113638,0.397935,0.309924,0.083130,0.230222,-0.135178,0.140966,-0.033818,-0.310064,0.201738,0.056465,-0.141378,0.411339,-0.479066,-0.184227,-0.443119,0.266527,0.202107,-0.168648,0.175663,-0.104063,0.256254,-0.045816,-0.087720,0.434730,-0.249121,-0.379553,0.084543,0.469322,-0.122161,-0.437963,-0.160695,0.005932,-0.338077,0.158102,0.497749,-0.048261
-0.145271,-0.099296,-0.384854,0.383274,-0.085174,-0.112726,0.159690,-0.057967,0.148233,-0.438554,0.313723,0.440504,0.148765,0.454566,-0.348568,-0.022584,0.101807,0.081737,-0.098538,-0.161916,-0.373176,-0.108258,-0.337339,0.234366,-0.291169,-0.441435,0.052366,0.095230,0.371913,0.076982,-0.154519,0.303012,0.040279,-0.420720,0.065851,0.408019,-0.103687,-0.203674,-0.356531,-0.348554,-0.067229,0.095680,-0.419385,0.439569,0.255134,0.086624,0.328439,-0.419813,-0.023161,0.130093,0.328653,0.283470,-0.222931,0.440880,-0.375654,0.375134,0.470940,-0.322846,0.222066,-0.459714,-0.094577,0.016283,0.080645,0.435937,0.172251,-0.018722,0.309675,0.450533,-0.477934,0.482521,-0.413868,0.314387,-0.219665,-0.367820,-0.060144,0.143957,-0.119048,-0.445435,0.099461,0.402403,-0.116785,-0.283667,-0.057423,-0.451637,0.320488,0.326341,0.088000,-0.146897,0.299783,0.054687,0.325932,0.131459,0.284405,0.098563,-0.085859,0.457946,0.041114,0.105090,-0.279512,0.125651,0.071608,-0.315162,-0.440413,0.104359,0.263692,0.023401,-0.273227,0.166522,-0.419894,-0.058166,-0.336633,-0.315541,-0.297706,-0.113293,-0.448850,-0.102207,0.011707,-0.016706,-0.117216,0.339147,-0.354673
0.005697,-0.437959,-0.428844,0.073866,0.066018,0.378034,0.057874,0.459791,-0.451305,-0.401992,-0.455934,-0.314723,0.041270,0.145572,-0.454415,0.445971,0.342165,-0.203388,-0.422812,-0.330113,-0.373056,-0.376716,0.018562,-0.254153,-0.141860,0.489505,0.184314,0.448981,-0.357443,-0.117861,0.054732,-0.423242,-0.495813,0.170434,0.141820,-0.089211,-0.010356,-0.084557,-0.475995,-0.164628,-0.322918,-0.401576,0.456720,0.099360,0.228656,-0.184636,-0.106853,-0.263076,-0.403034,-0.320968,0.297514,0.177546,0.046929,-0.024910,0.422434,-0.427265,-0.219399,-0.150062,0.282426,0.492515,-0.259329,0.374307,0.330623,-0.275343,-0.100667,-0.090327,0.478221,-0.319108,0.299158,-0.165807,0.230870,-0.079989,0.078360,0.332612,0.304166,0.366423,-0.440383,0.192051,-0.360013,-0.084181,0.048588,-0.097261,0.019612,0.496526,-0.364783,0.175456,-0.103999,-0.366990,-0.341263,0.449273,0.379601,0.407042,0.491533,-0.291685,-0.144561,0.169219,-0.016197,-0.081610,-0.142189,0.093781,0.075593,-0.338542,-0.028260,0.053472,0.070287,-0.289893,0.242271,-0.474801,-0.145168,0.280213,0.063893,-0.238838,0.194953,0.067391,0.296244,0.235025,0.110108,-0.011822,-0.366818,-0.238667,-0.080901
0.099299,0.013708,-0.211815,-0.493536,-0.003761,-0.214374,0.234608,-0.476054,0.084828,0.441474,-0.325591,-0.028351,-0.408578,0.125682,0.050532,-0.092634,0.021377,0.396575,-0.303706,-0.477435,0.361665,0.077117,0.390658,0.096945,0.310161,-0.070327,0.249860,0.413041,0.072123,-0.319215,-0.231202,-0.301355,-0.253143,-0.193585,0.055134,0.087992,-0.073500,0.115421,-0.418425,-0.412212,-0.328171,0.018077,-0.286005,-0.216716,-0.099687,0.311866,-0.486138,0.149379,0.168877,0.298656,0.432753,-0.479862,-0.346216,0.386171,-0.041481,0.064591,0.163027,0.179067,0.431740,0.496949,0.220157,-0.212779,0.379752,-0.450779,-0.268919,0.397386,-0.243808,-0.279349,-0.361875,0.359112,0.000058,0.174893,-0.260934,0.258040,0.260006,-0.187402,-0.089317,-0.290310,0.476561,0.145603,0.434544,-0.196614,0.281891,0.265859,0.191656,0.465639,-0.106445,-0.369283,0.171709,0.229310,0.075061,-0.293182,0.004456,-0.187810,-0.072533,0.145219,0.245215,-0.267775,-0.094675,-0.230838,-0.301368,0.283387,0.409253,-0.129768,0.251279,0.396995,0.346124,-0.317187,0.456292,-0.123324,-0.160759,-0.437569,-0.013826,-0.390986,-0.251460,-0.183057,0.308826,0.375489,-0.197534,0.358698,0.357231
0.264651,-0.353305,0.190323,0.445024,0.182540,-0.168383,0.000579,0.145725,0.010570,-0.380047,-0.187936,0.302396,0.361418,-0.362700,0.452387,-0.171177,0.162314,0.251825,0.311946,0.445750,-0.187080,0.358506,-0.368313,0.205041,0.241978,0.177723,-0.247685,0.373043,-0.331142,-0.446365,0.217465,-0.024524,0.349098,-0.116603,-0.331721,0.336442,0.048910,-0.310804,0.220384,0.011114,0.104313,-0.039102,0.328709,0.329563,0.209389,-0.394599,0.338854,0.171013,0.197024,-0.137017,0.379280,0.225372,-0.387410,-0.092222,0.386380,-0.452803,0.461417,0.179163,0.131376,-0.229441,-0.251208,0.442058,-0.201728,0.275505,-0.106878,-0.360746,-0.489285,0.044257,0.475779,-0.130864,-0.142808,-0.155908,0.020544,-0.059335,0.379915,0.005521,0.007758,-0.361628,0.482740,-0.250027,-0.426636,0.163146,0.095366,-0.084854,-0.077808,0.285064,-0.304287,0.320253,0.148747,-0.081030,-0.041971,-0.243353,0.252114,0.012875,-0.179145,0.096050,0.495734,-0.064738,0.420691,-0.154983,-0.445267,-0.295758,-0.081305,-0.280365,-0.499773,0.415002,0.343879,0.242292,-0.332185,-0.379636,-0.432395,0.224029,0.428808,-0.069464,-0.380859,0.012393,-0.151168,-0.125175,0.121331,0.218718,-0.389396
-0.464410,0.494330,-0.267272,-0.446169,-0.310125,-0.461042,-0.108189,0.302402,-0.158756,-0.055817,0.175587,0.008894,0.361446,0.366036,-0.490089,0.278046,-0.039266,0.488841,-0.016768,0.486896,0.254569,-0.251395,0.038395,0.492136,0.357531,-0.402633,0.206372,-0.154420,-0.493018,-0.096519,-0.265246,0.318869,-0.162669,0.327524,-0.499402,-0.192181,-0.258835,-0.266433,-0.431813,-0.312876,0.055550,-0.208639,-0.082605,-0.123133,0.375905,0.405299,-0.007043,-0.169844,-0.393199,0.453403,-0.439773,-0.202350,-0.201934,-0.179599,-0.335713,0.283161,-0.377502,0.134907,-0.376154,-0.429464,0.409430,-0.309871,0.321250,0.044631,-0.422143,0.455448,-0.253039,0.359645,-0.331190,0.353943,-0.486771,0.011780,0.269443,0.434796,0.409202,0.319625,0.388191,-0.300780,-0.215816,-0.211031,-0.122946,-0.106679,0.044555,-0.340120,0.191247,-0.332433,-0.189692,0.003345,0.296441,0.239469,0.145534,-0.344227,0.047045,-0.412553,-0.122637,-0.086483,-0.460189,-0.226012,0.455649,0.453633,-0.147673,-0.456900,-0.320905,-0.107782,0.447780,-0.358801,0.263516,-0.391317,0.481258,-0.118384,0.275235,-0.157409,0.127669,-0.307984,-0.353979,0.438064,0.417647,0.387469,0.125433,0.308268,-0.430963
-0.165211,-0.186297,0.135645,-0.144042,-0.351493,0.096467,0.314384,-0.117877,-0.367731,-0.303312,-0.262517,-0.200102,0.142795,0.100945,0.196080,-0.137498,0.323998,-0.295912,-0.030959,0.300939,-0.319841,-0.390137,0.383684,-0.157070,0.183870,-0.474651,0.190047,-0.183899,-0.444259,0.109813,-0.259196,-0.113193,-0.419419,-0.352837,-0.202023,-0.410240,0.410826,-0.493953,-0.016140,-0.376753,-0.192321,0.426060,-0.338305,0.465832,-0.294206,0.241566,0.046677,0.384479,0.053993,0.034559,-0.304542,-0.333771,0.416489,-0.172162,-0.127918,0.259824,-0.161177,0.452062,0.237928,0.097429,0.380895,-0.450394,-0.242937,-0.034964,-0.273021,0.243905,0.419208,-0.076230,-0.157867,0.461551,-0.055148,-0.010952,-0.148350,0.409548,0.068955,0.262175,0.311807,-0.158151,-0.066306,0.348472,-0.136745,0.293935,0.440992,0.123210,0.241627,0.305097,0.345040,-0.104947,-0.448737,-0.098124,0.173756,-0.049650,0.248963,-0.143018,0.134744,-0.313580,0.249369,0.045696,-0.295936,-0.208089,0.248609,-0.017399,-0.283969,0.467271,0.215125,0.457135,-0.072895,-0.024900,0.397955,0.025049,0.207279,-0.247827,-0.053274,-0.376550,-0.294020,-0.499057,-0.460735,0.477284,-0.257646,0.163311,0.339100
0.050660,-0.346855,0.228116,0.100251,0.231251,0.269747,0.475410,0.073563,-0.158359,0.148465,-0.431559,0.397397,-0.380619,-0.172157,0.315745,0.097312,-0.106364,-0.026564,0.354547,-0.159996,0.369650,-0.411866,0.276798,0.347548,-0.318182,-0.069653,-0.334500,0.206604,0.035348,0.135323,-0.303513,-0.288254,-0.458503,-0.177932,0.059745,0.357935,0.166927,-0.064604,0.453120,0.219245,0.430165,0.027588,-0.241096,-0.447173,0.226085,-0.378697,-0.197225,0.032471,0.064417,0.100583,-0.333745,-0.120263,0.117194,0.469819,0.227631,0.422604,0.262212,0.091717,-0.307977,0.166686,0.123380,0.102469,-0.010214,0.028657,-0.165557,0.019313,-0.302444,0.305174,-0.314223,-0.415034,-0.063754,0.158307,-0.062283,-0.223246,0.058171,-0.152998,0.432868,0.422645,0.002372,-0.172116,0.237132,-0.463287,-0.025231,-0.163677,0.420536,-0.487997,0.052815,0.240664,-0.014982,-0.414597,0.472461,0.018010,0.114186,-0.263390,-0.016502,-0.070851,-0.425104,-0.393840,0.337473,-0.260180,-0.305042,0.004911,0.268747,-0.438053,0.076808,-0.380790,-0.463539,-0.447256,0.334164,-0.382028,-0.454849,-0.062100,0.343993,-0.237592,-0.078287,-0.460077,-0.050921,0.077613,0.070907,-0.167573,-0.184467
-0.393376,-0.133202,-0.400505,0.266596,0.466274,0.470074,0.365071,0.100792,0.200866,-0.214794,0.130770,-0.044350,-0.017983,0.257777,-0.218082,-0.181960,0.424642,-0.443776,-0.014366,0.412801,0.110363,0.046407,-0.250256,-0.156725,0.352048,0.059218,0.014742,-0.400420,-0.483972,0.463685,-0.123014,0.103213,-0.420285,0.183114,0.432567,0.075665,-0.373885,0.081722,0.266347,-0.093583,0.379838,0.148683,0.399249,0.123505,-0.368712,-0.190308,-0.298205,0.408826,0.260400,0.176398,-0.199034,-0.315955,0.256451,-0.025842,-0.274210,0.116622,-0.459666,-0.173830,-0.031443,-0.352042,0.484654,-0.290903,-0.369647,-0.296465,0.269061,-0.074494,0.065416,-0.478991,-0.465569,-0.054174,0.316655,0.385239,-0.413293,0.038363,0.413230,-0.112027,0.329566,-0.366304,0.435394,0.251423,0.441334,0.176617,-0.136596,0.438181,-0.224433,-0.167827,0.200808,0.265316,0.429403,-0.295198,0.297998,0.238546,-0.436205,-0.112777,-0.217235,-0.195510,0.482947,0.142777,0.217676,0.476618,-0.122798,0.301840,-0.065469,0.369534,-0.319342,0.447686,-0.281228,-0.173779,0.256192,-0.106245,0.108211,-0.055426,0.242370,-0.271669,-0.441542,-0.200071,-0.025691,-0.331980,-0.145203,-0.100017,-0.442608
0.083307,0.384343,-0.348257,0.097808,0.164739,-0.080665,0.201098,-0.089268,0.004637,-0.492647,0.191720,0.161343,-0.461599,-0.131750,0.479032,-0.079263,0.001945,0.409930,0.217262,0.082070,0.297805,0.364366,-0.043112,-0.024892,-0.113949,0.466706,0.197166,-0.416777,0.362960,-0.019440,-0.431246,0.049717,-0.082836,0.377749,-0.296005,0.326465,0.057689,-0.445390,0.471845,0.012615,-0.209123,-0.030593,0.357858,-0.195097,-0.307324,-0.370929,-0.202141,0.280048,-0.028374,-0.272518,-0.333815,-0.167271,0.439924,-0.156973,0.488124,-0.014770,-0.320836,0.391140,-0.039645,0.209671,0.483712,-0.449825,-0.403305,0.220457,-0.218175,-0.315699,-0.460638,-0.478153,0.274486,-0.365567,-0.032279,0.105897,-0.071648,-0.472893,0.283502,-0.489487,0.261890,0.393304,-0.067160,0.035542,-0.023017,-0.110791,0.387425,0.393934,-0.164184,0.115070,0.426908,0.462058,0.008959,-0.047175,-0.221306,0.458872,-0.357186,0.079830,-0.217450,-0.220992,-0.095031,0.498793,-0.445034,0.078542,-0.417428,-0.345479,-0.060437,0.010460,-0.241208,-0.183543,-0.413033,-0.196780,0.466558,0.444707,-0.165122,0.070854,0.409595,-0.493816,0.310684,0.448370,-0.408674,-0.338552,0.460746,0.037540,-0.485803
-0.242368,-0.050056,0.192909,0.233160,0.495422,-0.212489,0.038220,0.033324,-0.094355,-0.330838,0.477457,0.353317,-0.001667,0.103245,-0.272739,0.043787,0.194970,0.015167,0.490285,0.111342,-0.129026,0.272152,-0.329537,-0.115484,-0.153041,-0.068193,0.281780,-0.015827,0.294014,0.076489,-0.157931,0.309979,-0.261710,-0.275617,0.004503,-0.239151,-0.490913,0.148298,0.011094,-0.054482,0.466969,0.071199,0.363432,-0.360550,0.069206,0.367980,0.083106,0.218014,-0.127956,-0.407550,-0.042100,-0.105521,0.367060,-0.256005,0.466734,0.458138,-0.252368,-0.151948,0.395556,0.466622,-0.056561,-0.179003,0.026094,0.187769,-0.226525,0.236473,-0.448343,-0.450706,-0.113712,-0.146527,-0.184367,-0.008980,-0.179266,-0.307742,-0.190530,0.474904,-0.088887,-0.055287,0.076545,0.483341,-0.258399,0.181282,0.215985,0.107324,-0.411422,0.176872,-0.435905,0.096143,0.239581,-0.289030,0.341622,-0.469646,0.343813,-0.039671,-0.282412,-0.366222,0.453307,-0.427334,-0.300907,-0.152178,0.120235,0.044801,-0.374357,-0.210272,-0.261248,-0.286457,-0.088856,0.204031,-0.282547,-0.133321,-0.109083,0.476457,0.454666,0.300138,-0.258341,-0.431963,-0.183096,-0.233205,0.005926,0.277728,0.358323
0.344864,-0.140324,0.187234,-0.187166,-0.439094,0.201565,-0.490172,-0.090817,-0.170621,0.193378,0.266245,-0.195905,0.311627,-0.206083,-0.053674,0.227019,0.192920,0.487368,-0.274839,0.162318,0.109682,0.415098,-0.343638,0.251798,0.068269,-0.225334,-0.025565,-0.166223,0.079313,0.389001,0.069305,0.131722,0.018748,-0.448834,-0.267141,-0.007998,-0.189765,-0.318236,0.004133,-0.177190,-0.241892,-0.036015,-0.366716,0.427746,0.367702,0.207621,-0.393786,0.275877,0.307957,0.267765,-0.386034,0.143908,0.334325,0.077353,0.146407,-0.041637,0.028707,-0.465623,0.138963,-0.418553,-0.064985,-0.207345,0.045428,-0.366584,0.191643,0.295012,-0.336646,-0.395687,-0.354485,0.377128,0.028189,-0.032739,-0.393288,0.149556,0.368000,0.328186,0.126055,-0.424721,-0.387603,-0.450691,-0.242521,-0.364339,-0.239952,-0.114942,0.442983,0.110376,0.334974,0.210352,-0.387497,0.235920,-0.224901,0.139108,-0.159038,0.497672,-0.236449,-0.220870,0.430672,-0.475356,0.196689,0.225326,0.336379,0.474439,0.475602,-0.434723,0.321839,0.146310,0.147342,-0.371650,0.150187,0.482483,0.411819,-0.060869,-0.460052,-0.137707,0.326390,0.201499,-0.040656,-0.444898,-0.073105,-0.030975,0.428556
0.141086,-0.188347,0.025318,-0.433945,0.472568,-0.139940,-0.022133,-0.144716,0.182512,0.162232,0.215322,-0.231857,-0.184332,-0.374749,0.155510,-0.460203,0.097682,0.369696,0.390832,-0.050962,-0.040696,-0.423031,0.170765,0.321259,-0.255345,-0.078699,0.338839,0.377120,-0.256820,0.050571,-0.307507,-0.398121,0.411121,0.320508,0.260035,-0.451234,0.343729,-0.061956,-0.157605,0.046476,-0.408647,0.256647,0.082435,-0.313410,-0.311768,-0.315751,-0.442998,0.087798,0.340348,-0.482502,-0.450995,0.072770,0.319496,-0.173261,-0.150386,0.096346,-0.225787,-0.473392,0.235229,0.125650,0.080756,0.241684,0.175231,-0.294118,-0.147519,-0.373890,-0.370143,0.176196,0.358600,0.462733,0.128347,-0.315899,-0.394350,0.312851,0.078756,0.118285,0.281462,0.203277,0.334458,-0.443786,0.247521,0.350853,-0.213865,0.140447,-0.185838,0.457971,-0.466576,0.079793,-0.333496,0.212220,-0.324110,-0.264617,-0.005629,0.414835,-0.288286,-0.355760,0.258977,0.000620,0.411785,-0.353385,0.145928,-0.267121,-0.343240,0.183429,0.093685,0.254827,-0.190537,-0.052028,-0.094528,0.484089,-0.207751,-0.205183,-0.145452,0.064594,-0.247677,0.415290,-0.234314,0.395816,-0.396525,0.156563,0.406986
-0.331251,0.468327,-0.047117,0.445715,0.176820,-0.198413,-0.311697,-0.196265,-0.406983,-0.356132,-0.395340,-0.077056,0.295578,-0.358616,-0.369680,0.143429,-0.302817,-0.402390,-0.333151,0.423731,0.321471,-0.145935,0.155821,0.037276,0.177124,0.182671,0.128734,-0.233899,-0.460994,-0.044433,0.390974,0.069497,0.332391,0.491624,-0.336384,0.191778,0.174294,0.479955,0.485601,0.186679,-0.256385,0.298556,-0.392971,0.280699,0.410196,-0.117167,0.130635,-0.069857,-0.062235,-0.189629,0.262130,0.436177,0.440751,-0.325219,0.374744,0.237431,-0.247163,-0.432715,-0.232003,0.412208,0.133179,0.221055,-0.242848,0.219388,-0.471878,-0.124679,0.126753,-0.353903,0.323004,-0.264969,0.152281,-0.094803,0.096044,-0.392549,-0.483087,0.409564,-0.230370,0.319677,0.499350,-0.288569,-0.234829,0.162860,0.465449,0.415814,0.002876,0.295110,-0.364254,0.477438,0.464353,-0.336271,-0.200577,-0.399845,-0.228282,0.315956,-0.121684,-0.411603,-0.157774,0.481383,0.129684,-0.083839,-0.333461,0.486177,0.320849,-0.218523,-0.429931,-0.443374,-0.379622,0.080769,0.428763,-0.003257,0.342945,-0.054113,0.208584,0.231873,-0.326036,-0.138784,0.137302,-0.429303,-0.138460,0.034799,0.496224
-0.025466,0.316057,-0.067933,0.296391,0.095415,0.386595,-0.089057,0.104304,0.130019,-0.082617,-0.355688,-0.406441,-0.483328,0.373534,-0.263525,-0.288493,0.236035,-0.179984,0.006045,-0.337489,0.459746,0.351581,0.363790,-0.093226,0.262361,-0.356124,-0.491381,-0.480027,0.086602,-0.044605,0.018015,-0.492537,-0.077313,0.218068,-0.057306,0.232219,-0.266981,0.313142,0.088431,-0.289237,-0.263280,0.128030,0.329940,-0.084372,-0.241700,0.367012,0.169268,-0.051915,-0.012100,-0.295744,0.126803,-0.141257,0.495645,-0.019816,-0.014114,0.065852,0.416756,0.300818,-0.048870,0.218699,0.086235,-0.007633,-0.307684,-0.036064,-0.254181,0.414842,-0.164593,0.452264,0.033055,0.131544,0.042940,-0.370619,-0.124179,-0.400854,0.122954,-0.053126,0.277985,-0.279530,-0.335434,-0.093668,0.426585,0.210422,-0.081076,0.017272,-0.415787,0.484576,0.166407,-0.214596,0.085808,-0.390518,0.465837,-0.325215,0.148030,-0.254546,0.217561,0.276821,0.173420,0.114499,0.392469,-0.421373,-0.169085,-0.251713,0.488014,-0.110610,0.232613,0.184725,-0.287919,-0.261002,-0.218715,-0.088873,-0.265675,-0.480349,0.379393,0.465610,-0.158430,-0.161493,-0.492908,0.180251,0.325440,-0.353392,-0.340334
0.290083,0.116291,-0.455139,0.122547,-0.191082,-0.131275,0.269731,0.310935,-0.099643,0.447153,-0.093537,0.271836,-0.016123,0.397532,0.407761,-0.412583,0.436493,0.325535,0.291311,-0.299089,0.305119,0.350133,-0.210850,0.452260,-0.450140,-0.350091,0.037581,0.075792,0.145150,-0.483031,0.460367,-0.455412,-0.356938,-0.485985,0.066858,0.432267,0.165947,0.322657,-0.486719,0.042015,-0.040437,-0.001032,-0.427787,0.184435,0.003220,0.265149,-0.014709,-0.350618,0.148257,-0.327614,0.372395,0.113116,-0.342796,0.462338,0.018365,-0.427102,0.126833,-0.246801,0.303693,0.317822,0.478947,0.001870,-0.045043,0.253476,-0.367529,0.046916,0.046248,-0.410527,-0.082016,0.353285,0.356154,-0.400762,-0.409279,-0.237305,0.374766,-0.371097,0.219997,-0.398834,0.123138,-0.143933,0.288914,-0.266310,0.139202,-0.264317,0.213660,0.373678,-0.373198,0.366596,0.093575,-0.372890,-0.072458,-0.339140,0.200348,0.258868,-0.394203,0.006140,0.314625,0.436163,0.013518,0.450279,0.035689,-0.105810,0.348203,-0.007017,-0.028097,-0.009688,0.346785,0.331942,-0.096480,-0.166700,-0.008072,0.072773,-0.261663,0.293955,-0.013517,-0.165954,-0.393179,-0.261155,0.449281,-0.194900,-0.331141
-0.039327,-0.192912,-0.464841,-0.176855,0.044109,0.051712,-0.143441,-0.052697,0.465518,-0.122652,-0.241773,-0.256533,-0.042235,0.259520,-0.294012,0.209296,-0.478850,-0.081067,0.275865,-0.161267,0.063737,-0.295021,0.241995,-0.447721,0.352543,-0.301804,0.374398,-0.147471,0.222684,-0.180775,0.405912,-0.373363,-0.321480,-0.006970,-0.418062,-0.304020,0.443766,0.476490,-0.123741,0.423286,0.044825,-0.230258,0.202399,0.158902,0.489125,-0.234953,0.172060,-0.447976,-0.386354,-0.496082,0.499461,0.302274,0.286723,0.009726,-0.199933,-0.348736,-0.215325,-0.124029,0.256310,0.039662,-0.422516,-0.481971,-0.397668,-0.089501,0.433193,0.137402,0.301826,-0.033625,-0.138334,-0.391600,0.375933,0.283160,-0.331882,0.012261,-0.012625,0.125092,0.446187,0.079771,0.040217,-0.449677,-0.437093,-0.312653,-0.467529,0.243353,0.223330,-0.363944,0.336079,-0.345214,-0.198824,-0.251023,-0.127693,-0.245336,-0.011049,-0.092592,0.486569,-0.444074,-0.357819,-0.447174,0.125841,-0.445491,0.336440,0.011939,0.027008,0.061595,-0.329186,-0.302310,-0.181183,0.093496,-0.289882,-0.383668,0.470117,-0.478018,0.302697,0.288035,-0.202786,-0.364373,-0.354371,0.197432,0.142807,0.282746,0.437481
0.191927,-0.344148,-0.256557,0.342194,-0.290694,-0.427478,0.203280,-0.097474,0.420040,0.150255,-0.409581,0.447857,-0.241443,-0.162788,-0.097740,-0.448776,-0.003485,-0.376682,-0.099030,-0.149290,0.272840,0.303171,-0.346587,-0.133449,-0.126647,-0.348590,0.298454,0.207228,-0.309618,-0.133278,-0.394195,0.128207,-0.378628,0.485934,0.280682,-0.109761,0.078564,0.411342,0.054099,-0.325502,-0.121297,0.343145,0.144213,0.150724,0.366821,0.393973,0.419793,-0.405151,0.044126,0.240510,0.256927,0.106716,-0.333213,0.297421,0.220111,-0.413864,-0.036190,-0.326023,-0.162523,-0.481919,-0.099670,0.049877,0.119583,0.163490,0.336291,-0.284537,-0.379518,0.351537,-0.343387,0.474760,0.342538,0.000877,0.481421,-0.402623,-0.196934,0.138224,-0.149993,0.428373,-0.434374,0.049412,0.090866,0.152728,-0.244334,-0.135434,0.343681,-0.305057,0.326868,0.062655,0.262188,0.213607,-0.292489,0.068813,0.367723,-0.067884,0.466591,-0.047785,-0.357214,-0.110565,0.451702,-0.180279,0.368098,0.381251,-0.149813,-0.416742,0.224558,-0.188488,0.282924,-0.057345,-0.014733,0.277909,-0.117637,-0.056873,-0.123810,-0.132659,0.025947,0.308799,-0.138232,0.024255,0.170727,-0.230561,-0.222477
0.433413,0.223535,0.077187,0.147720,-0.470701,0.118103,0.009509,0.045750,-0.140576,-0.418526,-0.306661,0.450745,-0.091300,-0.033317,-0.447290,-0.462434,0.217181,0.038095,0.008706,-0.256875,0.244751,-0.331763,-0.310065,-0.039288,-0.213720,-0.252537,0.145238,0.150972,0.324517,-0.082291,-0.426915,-0.226334,0.480005,0.096259,0.209737,-0.492642,0.018206,-0.462471,0.069230,0.420771,0.468419,0.040553,-0.041795,0.445017,0.173610,-0.435101,-0.034274,-0.259755,-0.030196,-0.044534,0.082145,-0.143230,-0.335730,0.003719,0.330203,0.164012,-0.161632,0.435523,0.412208,-0.290652,-0.460582,0.241309,0.327610,0.467865,0.389836,0.100535,0.030052,-0.472159,-0.253344,-0.040385,0.128504,0.057252,0.242636,-0.220233,0.064953,-0.411858,-0.086334,0.250161,0.193401,0.490643,-0.222109,-0.001811,-0.170470,-0.059397,0.356950,0.184209,0.382441,-0.296489,0.373361,-0.440238,0.388599,-0.170926,-0.185412,0.012089,0.440690,-0.452219,-0.147769,0.356572,-0.103946,-0.300843,-0.075206,-0.114447,0.415416,0.261934,0.005116,0.488371,-0.034722,-0.441762,-0.237726,-0.063930,-0.343097,0.447565,0.266849,-0.231713,0.090805,0.221449,0.441279,0.381635,0.015192,0.274653,0.062145
0.052704,-0.385258,-0.373862,0.029534,-0.231138,-0.478963,0.222839,-0.467513,0.095277,0.039194,0.468815,-0.015787,-0.436399,0.051688,0.341096,0.496849,-0.069657,-0.179701,0.406653,-0.308758,0.115429,-0.094286,-0.458918,-0.152712,-0.234771,0.186091,0.448790,-0.231953,0.311466,-0.444640,0.038121,-0.429450,0.434033,0.266351,0.157950,0.323896,0.147520,0.468944,0.213958,0.424659,0.017132,-0.382936,0.028178,-0.373127,0.092493,-0.017507,0.122575,-0.489953,-0.305160,-0.008670,0.450504,-0.116391,-0.075628,0.214696,0.103793,-0.201074,-0.089184,-0.282300,0.466021,-0.369366,-0.128163,-0.474161,-0.278221,0.280471,-0.298825,-0.419937,-0.025547,-0.490031,-0.415234,0.307626,0.271473,0.415139,0.354515,0.183176,-0.447667,0.282849,0.345511,0.299082,0.008479,-0.267098,0.345330,0.227163,0.480761,-0.344307,-0.274335,-0.288202,0.292540,-0.313093,-0.433340,0.498561,-0.475183,0.335244,-0.134633,0.341615,0.054620,0.401631,0.426193,-0.490902,-0.424588,-0.249641,0.169315,0.388272,-0.040058,0.106973,-0.311500,0.304967,0.467328,-0.231401,-0.005174,-0.413884,0.059137,0.002783,-0.355564,-0.057934,-0.165895,0.021831,0.085654,-0.491504,0.261006,0.213014,-0.133714
-0.447064,0.254933,0.455175,-0.259848,-0.176475,-0.316187,0.076936,-0.345159,-0.143806,0.197013,0.060116,-0.113537,-0.079750,0.062111,-0.494135,-0.421490,0.381258,-0.422121,0.206804,0.420038,-0.229316,-0.129509,0.068921,0.381709,0.441906,0.239563,-0.413380,0.169154,-0.089696,-0.029299,-0.450852,-0.308938,0.290514,-0.046041,-0.198338,-0.115981,0.354400,0.248999,-0.227685,-0.382498,-0.248002,0.420756,0.081589,0.033480,0.096394,-0.133972,0.307107,0.023286,-0.383252,-0.370935,0.036859,0.436570,-0.191648,0.369541,0.264096,-0.252188,-0.463659,-0.398153,0.228494,-0.300330,-0.128729,0.001699,0.225468,-0.386769,-0.093634,-0.014927,0.040827,0.318361,-0.328322,0.307831,0.192878,0.055871,0.199528,-0.087982,-0.361602,0.165765,0.024672,0.139375,-0.162001,0.406867,0.087370,-0.414598,-0.050196,0.256356,0.294135,-0.005403,0.394748,-0.232332,-0.089401,0.398597,0.396257,0.185713,0.358981,-0.411227,0.364995,-0.179380,-0.321668,-0.260630,-0.082031,-0.248808,-0.179432,-0.365022,-0.203823,0.072284,-0.058146,-0.153281,0.246452,0.393510,0.256789,-0.167999,0.244442,-0.348020,-0.369682,-0.154373,0.307702,-0.253652,-0.436747,-0.368290,0.358745,0.133783,-0.246799
0.055296,0.027580,0.155436,-0.266812,0.364403,-0.190631,0.194132,-0.483875,-0.127343,-0.148290,0.043484,-0.427264,0.290131,-0.282219,0.177038,0.303212,0.061877,0.240883,0.161860,-0.144470,0.308859,-0.205299,0.071213,0.245398,-0.121044,-0.197232,-0.040654,0.317963,0.429922,0.045083,0.161466,0.403274,-0.401453,-0.267921,0.208900,0.323744,0.357029,-0.084893,-0.410660,-0.062219,-0.269265,-0.208804,0.272268,-0.424473,0.327581,-0.072331,0.096064,-0.410348,-0.162641,-0.410299,0.461544,0.307262,-0.040367,-0.276397,0.433455,-0.155403,-0.339016,0.063164,0.443774,-0.496170,-0.261875,0.438448,-0.328914,-0.386757,0.070187,0.361844,-0.022890,0.494564,0.179172,-0.425925,0.492832,-0.092106,-0.212597,0.057879,-0.195692,-0.413542,-0.498572,-0.050417,0.336863,0.072315,0.499207,-0.213153,-0.219545,-0.340251,-0.335936,-0.214813,0.292840,0.405757,0.475087,-0.267710,0.381298,-0.171745,-0.387159,0.370025,0.136106,-0.335269,-0.070169,-0.212742,0.236795,-0.046584,0.489280,-0.445255,-0.144985,-0.018100,0.003134,-0.184064,0.229240,0.374747,0.438719,0.305093,0.350580,0.050545,0.325888,-0.196496,-0.101521,-0.183087,-0.032613,-0.214420,0.461611,-0.187155,-0.401955
0.026817,-0.442901,-0.389457,-0.280611,-0.035650,-0.066749,0.299692,0.239475,-0.073682,-0.166296,-0.183531,0.273995,-0.447928,-0.487178,0.295544,-0.022854,-0.369119,-0.264434,0.432504,0.359503,0.209785,-0.017775,0.020324,0.475245,0.465770,-0.284731,0.311105,-0.302757,-0.286463,0.176093,-0.094999,0.431544,-0.410990,0.011526,0.418522,0.404114,-0.343471,-0.133362,0.119121,-0.340605,0.468022,0.414749,-0.333050,-0.378845,-0.414592,0.409444,-0.306376,-0.083715,-0.051149,0.099011,-0.428265,-0.273241,0.431490,0.408410,0.281291,-0.480599,-0.172993,0.127959,-0.224810,0.409587,0.133889,-0.428093,0.409006,0.457767,-0.422288,0.032360,-0.196636,-0.107161,-0.320349,0.078072,0.457979,0.003073,-0.417085,0.120001,-0.159777,0.355925,-0.065322,-0.307160,-0.308894,0.268764,-0.234412,0.267233,-0.294113,-0.178314,-0.034513,0.443196,0.431731,-0.293128,-0.141781,-0.350601,0.009985,-0.039417,0.400760,0.430005,-0.116433,-0.008262,0.396236,0.306708,-0.496344,-0.179940,-0.078226,-0.270284,-0.300428,-0.462215,0.143370,-0.237490,-0.447653,-0.269021,0.301914,0.351489,-0.016934,-0.083929,0.477854,-0.299435,-0.284641,-0.208133,-0.327243,-0.120634,0.410834,0.115348,-0.088053
0.434411,-0.451536,-0.289724,0.065889,0.115553,-0.460442,-0.096961,0.149154,0.198071,0.138140,-0.179437,-0.406480,-0.072888,-0.371246,0.447624,-0.024829,-0.182741,0.266304,-0.002051,-0.189966,0.311968,0.367152,0.173008,-0.453036,0.066323,0.263295,-0.363497,-0.271329,0.382495,-0.479878,0.252727,-0.026227,-0.053228,-0.492903,0.319398,-0.140175,0.040766,0.177301,0.202630,0.455980,0.031340,-0.100280,0.453704,0.142110,-0.201850,-0.373536,0.342555,-0.137818,0.160470,-0.029184,-0.301070,0.101687,-0.439317,-0.086658,0.046615,-0.063953,0.248672,0.327925,0.271243,-0.461187,-0.305871,0.036608,0.434822,0.334957,0.342535,-0.196792,-0.070552,-0.029294,-0.342628,-0.468932,0.446903,-0.259287,-0.260051,-0.416621,0.428508,0.079737,0.167037,0.411577,-0.154380,0.121507,-0.461201,-0.313227,0.331246,0.266768,-0.149357,-0.123189,0.033554,-0.499759,-0.258756,-0.291768,-0.249517,0.305906,-0.220326,-0.308479,0.004263,0.365645,-0.258650,-0.421464,-0.143595,0.247652,0.050691,0.316793,0.459592,0.292662,0.103803,-0.006658,-0.459931,0.484322,-0.116519,-0.347772,0.166709,-0.215712,0.085778,0.086768,-0.054270,0.336119,-0.235033,-0.051367,0.037692,0.163625,0.283972
-0.105193,0.146047,-0.349389,0.432648,-0.116941,0.229521,-0.479659,-0.294813,-0.012917,0.378252,0.027255,0.429870,-0.016203,-0.009551,-0.380253,0.302656,-0.253035,0.399612,0.410824,0.443310,0.020230,0.177094,0.278516,-0.368985,0.100957,-0.465702,-0.002434,-0.345157,-0.317077,-0.134952,-0.067563,0.123172,-0.425572,0.003692,-0.317375,0.073975,0.137405,0.056709,0.238296,-0.164391,0.265107,-0.067233,-0.015816,0.148102,-0.481642,0.153994,0.118585,-0.190153,-0.414206,-0.409065,0.423224,0.189279,-0.372897,-0.143277,0.092483,0.335572,-0.456339,-0.263367,0.389749,-0.490834,-0.298601,0.459024,0.113402,-0.238329,-0.433009,-0.471809,-0.255255,0.381486,-0.084086,0.220333,0.418285,-0.091960,-0.308723,0.017118,0.408084,0.304374,-0.434170,0.192573,0.071898,0.407463,-0.377519,0.034036,0.379463,-0.089976,-0.018005,-0.429539,-0.221856,-0.175493,0.445122,-0.217333,-0.039131,0.171304,-0.337817,-0.013558,0.238539,0.366855,0.126259,0.169054,-0.373717,0.445776,-0.367426,0.274673,-0.235184,0.433593,0.219960,0.253814,-0.280941,-0.056960,0.117813,0.269974,-0.396041,0.462365,0.390221,-0.229651,0.322760,0.018324,-0.038194,-0.185566,0.080969,0.229889,-0.089067
0.129219,0.199313,0.211122,-0.448034,0.359748,-0.041747,-0.237584,-0.258235,-0.016986,0.386832,-0.121652,0.249726,-0.403181,-0.023943,0.491686,0.270438,-0.289472,0.001441,-0.266375,-0.090439,0.280084,0.271225,-0.271900,0.422223,0.092568,-0.120076,0.001936,0.105071,0.059891,-0.013595,0.004933,-0.323588,0.312733,0.041760,-0.368920,0.266157,0.432444,0.447307,-0.130982,-0.364483,0.018400,-0.387391,0.433987,-0.316420,-0.247234,-0.093363,-0.116836,0.294663,-0.043683,-0.329232,-0.232790,0.009113,-0.352546,0.111656,0.065747,0.214702,0.437705,0.412255,0.446076,-0.255284,-0.368435,-0.197723,0.395085,0.472053,0.359325,-0.389982,0.447428,-0.076642,-0.490690,-0.057606,-0.453931,0.043878,-0.161446,-0.026565,0.113170,0.368801,0.161902,-0.065951,0.319428,0.405582,-0.380240,0.031933,-0.215488,-0.452939,0.168547,0.362771,-0.337097,0.312414,0.353396,0.414340,-0.234715,0.403953,-0.179337,0.052338,-0.449493,-0.456119,0.220373,-0.055520,-0.243708,-0.309587,0.169953,-0.499598,0.305891,-0.420750,-0.308510,-0.113764,-0.015141,-0.145005,-0.179288,0.463916,0.141580,-0.476567,-0.069824,0.375009,-0.198544,-0.405444,0.258385,0.106014,0.070313,-0.446423,-0.359501
0.122549,-0.292176,0.004070,0.044882,-0.216493,0.448425,0.342464,0.222374,-0.422006,-0.393870,-0.007219,-0.339287,0.478265,-0.341480,-0.012532,-0.135879,0.139386,-0.370964,-0.069684,-0.225295,0.387752,-0.459414,0.413727,0.332994,-0.202429,0.289291,-0.468786,0.466866,0.026595,-0.196719,-0.137417,-0.433595,0.489350,-0.460708,0.154907,-0.057264,0.448916,-0.254000,0.032087,-0.017644,0.202866,-0.431990,-0.306211,-0.285435,0.238151,-0.310861,0.073492,-0.284756,0.361625,0.442185,0.018493,-0.147691,-0.265942,-0.450219,-0.231500,0.154236,0.033617,0.444041,-0.103723,0.193863,-0.010677,0.012576,-0.232226,-0.045049,-0.029215,0.206643,0.440640,-0.170679,-0.457800,-0.003705,0.044461,-0.331559,0.260465,0.484929,0.445775,-0.302894,0.375363,0.204494,-0.046153,0.040611,0.349600,-0.019865,-0.126793,-0.006753,0.079130,-0.310922,0.400908,0.174187,0.133269,-0.400504,0.104174,-0.379039,-0.421302,0.027311,-0.097214,0.088810,-0.410778,-0.069017,-0.325213,0.487100,0.061150,0.187437,-0.174582,-0.405261,0.475871,-0.213741,-0.076192,0.149864,-0.475303,0.310259,0.036578,-0.221783,-0.438392,-0.337502,0.395034,0.186024,-0.250098,-0.434399,0.190615,0.072408,-0.095480
-0.136389,-0.283186,0.169611,0.470668,-0.324285,0.097117,-0.075815,-0.053311,-0.245853,0.325135,-0.014744,0.043406,-0.195239,-0.318192,-0.414090,0.214119,-0.303766,0.190075,-0.109624,-0.084225,-0.030823,-0.132291,-0.399380,-0.190368,0.163734,0.165784,-0.213776,-0.039897,-0.306553,-0.289628,-0.476953,0.396747,-0.289293,-0.272466,-0.220399,-0.372592,0.139263,-0.424857,-0.365798,0.144757,-0.160339,0.207948,0.057425,-0.243979,0.150828,-0.383726,0.036410,-0.062852,-0.232126,0.104005,0.371334,0.498905,0.107763,-0.095294,-0.274793,-0.242904,-0.020545,-0.132722,0.413815,-0.131705,-0.126555,-0.116465,0.336620,0.150788,0.114169,-0.165857,0.317904,-0.461636,0.370797,0.012750,-0.101750,-0.002833,0.167416,-0.487235,0.371552,-0.053260,-0.157033,-0.361754,-0.060535,-0.003677,-0.096353,0.178660,-0.079103,0.461418,0.099278,0.307478,-0.390644,-0.102709,-0.163152,0.069482,0.361114,-0.421662,-0.427425,0.350318,-0.287150,0.168753,0.042878,0.332894,-0.374911,-0.370217,0.056818,0.446379,-0.085002,-0.173058,0.106689,0.430449,0.336928,0.495484,-0.477431,-0.387142,0.109468,0.320576,-0.214756,-0.260789,0.286976,-0.443618,-0.130617,0.005809,0.060349,0.228615,-0.145154
0.112684,0.085375,0.047616,0.140483,-0.240551,-0.415351,-0.380728,-0.275418,0.000198,0.340443,0.201293,0.289041,-0.149024,-0.095346,-0.106318,-0.308127,-0.438783,0.090916,0.489217,-0.333170,-0.453315,0.279532,-0.247414,0.329644,0.203937,0.445674,-0.091073,0.161970,-0.035145,0.130589,-0.050401,-0.311368,0.007897,0.028584,0.310604,0.235521,0.163792,-0.386613,0.220616,0.000305,0.394100,0.419871,-0.444843,0.320642,-0.462303,-0.132830,0.042300,-0.351899,0.246314,-0.491645,-0.331401,0.080797,0.214388,0.416643,0.205497,0.171779,-0.105659,-0.498716,-0.379841,0.034555,0.175130,-0.082552,0.230679,0.021862,-0.425824,-0.307984,0.339998,0.224913,0.394762,-0.382443,0.490223,-0.290593,-0.488220,0.497423,-0.218926,0.168019,-0.323318,0.080229,0.404035,-0.179819,0.170254,-0.312096,0.124795,-0.163550,-0.288792,-0.186818,-0.321159,0.401916,-0.102813,-0.254721,-0.051592,-0.179464,0.244419,0.471220,-0.061966,0.361033,0.065863,-0.342764,0.190623,0.013434,0.150607,0.389687,-0.059565,0.401178,0.250669,-0.011395,0.103222,-0.174419,0.483597,0.167351,-0.456153,-0.173378,0.123314,-0.443667,-0.476116,-0.049976,-0.167310,-0.061701,-0.237307,-0.335282,0.189143
0.014571,-0.299846,-0.180411,0.091808,-0.427771,-0.352547,-0.426754,0.312317,0.252409,0.253313,0.216325,0.169385,-0.023008,0.142278,-0.461638,0.121464,0.277878,0.000358,-0.142487,-0.222573,0.142802,0.192801,0.370968,-0.157666,0.269772,0.061356,0.382836,0.027812,0.017630,0.077877,0.249315,0.464690,-0.426437,-0.446565,0.437550,0.029876,0.114903,-0.017576,-0.406343,0.268089,0.247225,-0.188297,-0.193761,0.337841,-0.427643,0.381105,-0.243338,0.092985,0.435994,0.178123,-0.085570,0.189534,-0.156020,-0.222742,0.496683,0.250790,0.144720,-0.144710,-0.450839,-0.468943,0.054181,0.262033,0.037379,0.340785,-0.466573,-0.133248,-0.262930,-0.052727,-0.427624,0.454132,-0.276745,0.422308,-0.074107,0.485524,0.054058,0.430833,-0.494651,0.248239,0.403051,-0.360279,-0.403874,-0.075427,0.433679,0.042387,0.027456,-0.358874,-0.499210,0.310140,-0.412425,0.133850,0.414616,-0.291348,0.165273,-0.421301,0.103755,-0.336068,0.235954,-0.198769,-0.036609,0.099431,-0.328727,0.241638,-0.197360,0.162372,-0.341717,0.188118,-0.371812,-0.074644,-0.252794,0.248375,-0.237965,0.381717,0.391820,-0.303559,0.113846,-0.412282,-0.108463,0.213322,0.159423,0.124701,-0.217459
-0.121975,-0.397054,0.219023,0.003889,0.208766,-0.251056,-0.175562,-0.165785,-0.474258,-0.158952,0.303305,0.397298,0.018218,-0.044498,-0.469175,0.379204,-0.486990,0.444750,-0.010784,-0.158066,0.424218,-0.475609,0.081425,0.048933,-0.280680,-0.071113,0.152264,0.227131,-0.499283,0.436853,-0.335475,-0.266420,-0.236527,-0.462180,-0.376948,0.486350,-0.184783,-0.384699,-0.393009,0.219460,0.354569,-0.243048,-0.479090,-0.276910,-0.443484,-0.396605,-0.068492,-0.270082,0.015946,-0.246506,0.440537,0.405944,0.066806,-0.145576,-0.118853,-0.088148,0.227579,-0.048361,0.356730,0.444095,-0.164054,0.060694,-0.404943,-0.299531,-0.086534,-0.293797,0.376560,-0.341714,-0.044339,0.105699,0.191864,-0.116931,0.369099,0.068319,-0.060492,-0.432759,-0.035311,0.320736,0.114541,0.332162,-0.005988,-0.381538,-0.486360,-0.196780,0.197990,0.290260,-0.204247,-0.004346,-0.078881,-0.089477,-0.268651,-0.363629,-0.303311,-0.444668,-0.301869,-0.490799,0.127258,-0.183625,0.473145,-0.306283,-0.154171,-0.142159,-0.491549,0.339208,-0.468006,0.440180,0.392074,0.035522,0.043596,0.153778,-0.112950,0.147222,-0.455232,-0.445952,-0.042770,0.049622,0.387818,-0.395339,0.322648,-0.289953,-0.105916
-0.183398,-0.099845,-0.349505,0.003570,0.301643,-0.058466,-0.009386,0.348768,0.206058,-0.009546,-0.242304,0.384927,0.077020,-0.278852,-0.230880,0.303133,-0.455854,0.492092,-0.369648,0.296069,-0.105225,-0.007784,0.380651,-0.087089,0.037494,-0.450700,-0.497653,-0.255200,0.180583,-0.378735,-0.386238,-0.089039,0.147837,0.212072,-0.321549,-0.420412,0.440397,-0.239334,0.353346,0.363491,0.272523,-0.331166,0.321801,0.269251,0.096723,-0.162798,-0.237491,-0.378111,0.009757,0.085261,-0.140661,-0.024641,-0.136486,0.141006,0.401259,-0.336080,-0.118591,-0.359131,0.124944,0.228871,0.431913,-0.221128,0.450211,-0.436737,0.103014,-0.442867,0.393774,0.029809,0.169348,0.331574,-0.349689,-0.461408,0.378881,-0.185067,-0.371021,-0.031539,0.098306,-0.469029,-0.225104,-0.467200,-0.079665,0.395100,0.482652,0.137048,-0.338362,0.405849,0.016248,-0.346251,0.421727,0.257469,0.231705,0.209181,-0.299660,-0.288993,0.188293,-0.280277,-0.061328,0.282002,0.283953,-0.046738,0.292190,0.338622,0.154776,-0.271574,-0.225988,-0.185159,-0.383196,-0.226840,-0.290481,-0.044671,0.408438,-0.395520,0.220268,0.187283,-0.404246,0.422572,0.068472,-0.136274,0.256539,-0.242635,0.193510
-0.460289,0.339408,-0.051829,0.136693,-0.278762,0.177074,0.272240,-0.026787,0.117727,-0.043674,0.394091,-0.002131,0.341809,0.301352,-0.089495,-0.269916,-0.093918,0.326217,-0.272367,0.024436,0.306097,-0.146523,0.142210,-0.254368,-0.390721,0.294384,-0.401031,-0.228619,0.355109,-0.153531,0.473045,0.479734,-0.231724,-0.459022,0.205063,-0.049013,-0.399247,0.207523,-0.468825,0.370197,-0.361347,-0.372688,-0.324328,0.460266,0.193169,0.301372,-0.102365,-0.163687,-0.265516,-0.019352,0.051829,0.131775,-0.242881,0.448654,-0.330242,0.465653,-0.485144,-0.018874,-0.166632,-0.050877,0.070665,-0.064411,-0.085153,0.232723,0.185876,0.333271,-0.250041,0.109529,0.085195,-0.130262,-0.013942,-0.186218,-0.358156,-0.286199,-0.394486,0.183070,0.160727,0.450606,0.229678,-0.447954,0.384245,0.362675,-0.056680,0.085863,0.476078,0.032304,0.405322,-0.416961,-0.308948,-0.059245,0.084757,0.316228,0.488262,-0.111149,-0.452584,0.301172,0.104381,-0.301457,-0.005172,0.242310,0.270412,-0.000382,-0.194785,0.473743,0.163363,-0.091762,-0.219537,0.231103,-0.257817,-0.328290,0.029834,-0.210013,0.128905,-0.382061,0.154941,-0.216703,-0.499757,-0.373064,0.433615,0.367355,-0.266391
0.278372,0.108572,0.470905,-0.126394,0.181461,-0.436464,-0.103753,0.463818,0.038981,-0.212120,-0.379729,0.203528,0.144856,-0.126061,0.450941,-0.477797,-0.196276,0.421069,-0.179065,-0.247747,0.034220,0.323802,-0.396853,0.443021,0.295073,-0.318750,0.212008,-0.115041,-0.097705,0.283290,0.462785,-0.373344,-0.079370,-0.019058,-0.123688,-0.136811,-0.447731,0.185539,-0.063786,-0.305206,0.316034,0.302561,-0.013608,-0.201549,0.138093,-0.211848,-0.263992,0.230515,-0.459675,-0.405232,-0.493212,-0.347057,-0.431010,0.495802,-0.211190,-0.350732,-0.259004,0.436126,0.020160,-0.135182,0.373391,-0.105010,-0.164991,-0.292717,-0.122203,-0.183316,0.177304,-0.210417,0.077200,-0.434108,-0.308711,-0.092595,0.436949,-0.122748,0.164074,-0.244913,-0.372966,-0.441463,-0.194587,-0.342339,-0.325990,0.260759,-0.484162,0.057810,-0.120539,0.006550,0.062830,-0.186632,-0.204891,0.233402,0.371277,-0.307418,-0.402381,0.397796,-0.150105,0.051317,-0.140457,-0.374198,0.089332,0.025141,-0.297006,-0.048131,0.296948,0.090426,-0.403083,0.048021,0.202738,0.292703,0.129118,-0.347342,0.210173,0.177342,-0.475573,-0.088252,-0.167050,0.169412,-0.283864,0.090872,0.413206,0.297802,0.421458
0.478506,-0.489330,0.122741,-0.087161,0.359854,-0.248185,0.481029,0.113708,0.293537,-0.414400,-0.316542,0.258404,-0.478013,0.316878,-0.486051,0.157119,-0.134906,0.111495,0.196031,-0.157525,-0.392038,-0.430354,0.088936,0.020655,0.242201,0.009736,-0.077554,-0.101913,-0.473553,-0.164443,0.476020,0.373556,-0.170622,0.087795,0.347297,-0.058726,-0.482042,-0.425490,0.010393,0.469439,0.193210,-0.429084,-0.310639,0.271323,0.341440,0.117695,0.144423,-0.471663,0.328530,0.288275,-0.240965,0.208677,-0.285145,-0.459670,-0.298863,-0.321371,-0.162252,-0.081551,0.008539,-0.023246,-0.229325,-0.470829,0.105102,-0.104255,-0.201328,0.366941,0.246743,0.357766,-0.005017,-0.369069,0.196221,-0.293926,-0.058770,-0.434999,0.325308,-0.374059,0.403098,0.364231,-0.035417,0.244368,0.119445,0.303076,-0.068195,0.285808,-0.037543,0.440966,-0.013628,-0.037381,0.285072,0.321578,0.054489,-0.320202,-0.032242,0.468073,0.252986,0.311163,-0.467175,-0.032141,0.146621,0.330033,-0.450726,0.352439,0.048401,-0.302686,-0.182745,-0.218070,0.030859,-0.448314,-0.341464,0.312693,-0.367396,-0.266604,-0.046629,0.017121,0.263610,-0.052668,0.289865,0.118346,-0.386900,-0.343669,-0.062966
-0.103111,0.243544,0.080737,-0.111867,-0.329240,-0.273163,0.075501,-0.076561,0.014928,-0.329323,0.162906,0.352539,-0.242060,-0.008486,0.475527,-0.166758,0.095046,-0.409804,0.106015,-0.410368,0.459235,0.215663,0.288160,0.204104,0.089729,-0.050087,0.358373,0.456836,-0.000964,0.431535,0.083333,0.038384,-0.045517,-0.290712,-0.496280,-0.258494,0.009723,-0.120040,-0.051515,0.480648,-0.149728,-0.047817,-0.366484,-0.452042,0.275410,0.070683,0.260705,-0.350137,0.071829,-0.246358,-0.271938,-0.488474,-0.369659,-0.190732,-0.383121,0.485858,-0.191367,-0.369676,-0.300918,0.087703,-0.435956,0.362434,0.461500,-0.253253,-0.049905,-0.477866,0.140710,-0.086074,-0.229942,-0.293163,0.154023,-0.083783,-0.320341,0.189109,0.065072,0.358672,-0.382524,0.285667,0.173517,-0.384989,0.194821,-0.058453,0.444985,-0.358389,0.142833,-0.118020,0.456815,-0.170025,0.462186,0.401486,-0.229617,0.303542,0.495604,-0.247337,-0.063223,0.020181,-0.205069,-0.484735,-0.279871,-0.218063,-0.056400,-0.328898,0.373254,0.204911,-0.414800,0.150092,0.153656,0.456221,-0.496979,-0.252068,0.427791,0.432134,0.220586,0.265763,-0.408517,0.013876,-0.268417,-0.318782,0.310303,-0.364962,-0.031348
0.438578,-0.314168,0.477993,0.494288,0.055617,-0.329857,-0.183895,-0.075507,-0.190676,-0.219364,0.472230,-0.346635,0.233328,-0.499590,0.096183,0.415943,-0.212066,-0.314474,0.151680,0.212601,0.188031,-0.180683,-0.247798,0.455919,0.423300,-0.042683,0.346194,-0.047677,-0.075611,-0.343237,-0.073594,0.037417,-0.477496,-0.055887,0.281356,0.180046,0.135157,0.409555,-0.481968,0.057048,0.287349,0.041335,-0.176104,-0.363749,0.387563,-0.029238,0.378115,0.085852,0.174192,0.304261,0.159156,-0.101945,0.013633,0.303046,-0.126350,-0.111879,-0.404310,0.414584,-0.408964,0.148209,-0.086806,-0.094381,0.179552,-0.432906,0.093706,0.272032,0.328213,-0.329470,0.397419,0.156146,0.381855,-0.014719,0.042033,0.419038,0.399910,-0.051839,-0.225587,-0.106830,-0.112236,-0.213133,-0.231420,0.361063,-0.430138,0.177611,-0.327180,-0.155494,-0.438457,-0.230026,0.268421,0.385015,-0.278473,-0.036452,-0.029676,0.373575,0.262799,0.013077,0.170747,0.347355,-0.490461,-0.097110,0.407243,0.240313,0.042841,0.029645,-0.152230,0.020521,0.155383,-0.081637,0.214153,0.361232,-0.345315,-0.048453,-0.091980,0.187465,-0.250133,0.140251,0.377489,-0.081868,0.411016,0.493164,-0.393908
-0.266947,0.450380,0.458328,-0.402293,-0.485001,-0.338900,0.496013,-0.320000,0.002548,0.348418,-0.479598,0.104489,-0.222975,0.362335,-0.216539,0.186756,0.174220,-0.278506,-0.465201,-0.090750,-0.210807,0.308978,0.300364,-0.042976,0.106512,0.104260,0.327158,-0.074998,-0.224553,-0.234965,0.036192,-0.050852,-0.059879,-0.408863,0.218604,-0.286263,-0.303046,-0.087242,-0.272222,0.083858,-0.128537,-0.051088,0.037169,-0.296464,-0.344248,0.380422,-0.066276,-0.087906,-0.464388,-0.002024,0.054170,0.058841,0.207031,-0.322518,-0.247777,0.310730,0.447171,-0.364067,-0.002350,-0.285824,-0.439927,-0.174497,-0.356312,0.209933,0.033725,-0.356166,-0.490758,0.308157,-0.323806,0.106217,-0.163078,0.085486,-0.184346,-0.413060,-0.277050,-0.311941,-0.071981,0.158284,-0.236194,-0.487930,0.018937,0.105759,0.462870,0.089471,-0.028827,0.073402,0.427901,0.328378,-0.177021,-0.262746,-0.237366,0.004421,0.244049,0.003219,-0.432204,0.223581,0.305970,-0.210502,0.164126,-0.073408,0.389119,0.345226,0.025432,0.191506,0.383350,-0.004283,-0.186749,0.253666,-0.279934,-0.111469,0.365727,0.224422,-0.096189,-0.285255,-0.144032,-0.215896,-0.323911,0.243333,-0.247930,-0.045833,-0.114141
0.482077,-0.108908,-0.420018,-0.410174,0.090754,0.099364,-0.081241,-0.068156,-0.446067,0.016547,0.004739,-0.350451,-0.396161,-0.376428,-0.398972,0.109708,-0.303517,-0.248570,-0.326428,0.457835,0.354617,-0.269505,-0.172434,-0.290107,-0.008124,-0.480389,0.171368,0.023158,0.398639,-0.335607,0.304109,0.291961,-0.372819,-0.101441,-0.329847,-0.245279,-0.236754,0.056236,-0.088589,0.447733,-0.373630,0.473692,-0.269361,0.272874,-0.161030,-0.356919,0.357889,-0.191139,0.158855,0.066444,-0.028244,-0.004181,0.232238,-0.412227,0.168181,0.395812,-0.442212,-0.359347,0.216632,-0.062718,-0.096451,-0.363033,0.006770,-0.373455,-0.023380,0.263615,-0.241736,-0.019214,0.492016,0.186650,0.341357,-0.085152,0.267861,-0.459491,-0.377089,-0.296929,-0.098048,0.345745,-0.153734,0.154621,0.209314,0.086182,-0.142758,0.077053,-0.157734,-0.416126,0.492804,-0.372818,-0.427652,0.378531,-0.198165,0.150297,-0.170994,-0.108546,-0.237887,-0.156956,-0.089300,0.220416,0.011536,0.443565,-0.458120,0.003068,0.084225,0.420197,-0.450841,0.073500,0.353630,-0.258072,0.376292,-0.480957,0.232455,0.433113,0.157198,-0.060971,-0.455119,0.420114,-0.029704,-0.471003,0.189821,-0.018163,-0.375655
-0.285728,-0.435509,0.074294,0.122029,0.005742,0.317102,0.361009,0.115624,-0.487244,0.195230,-0.082001,0.065557,0.149081,-0.149763,0.417099,-0.366025,0.171512,-0.495640,0.424651,-0.387496,-0.405116,-0.166992,-0.126434,-0.285700,0.085122,-0.057086,-0.465824,-0.180348,0.310433,0.189702,0.224871,0.198117,-0.189027,-0.400336,-0.227533,0.331785,0.480471,-0.006153,-0.490300,-0.359955,-0.177919,0.078585,-0.424906,0.443357,-0.134916,0.412584,0.280522,0.255437,0.106720,0.126784,0.138003,0.128721,0.053728,0.486414,0.232291,0.276946,0.372463,-0.284360,-0.416196,-0.017106,0.014081,0.329182,-0.056216,0.070853,0.027071,-0.461797,0.115215,0.328043,-0.342499,0.094332,0.093611,-0.335815,-0.376536,0.480052,-0.106281,-0.272578,-0.328675,0.167602,0.109445,0.143552,-0.411994,0.393535,-0.110734,-0.186631,-0.037639,-0.109934,0.363577,0.429261,-0.196547,0.363936,0.281523,0.430808,-0.254250,0.076959,-0.225455,0.324094,-0.494676,0.064819,-0.160797,-0.177316,0.144906,0.351484,0.109195,0.353173,-0.235403,0.019502,-0.049463,-0.488355,0.056812,0.161524,0.091914,0.236280,0.071340,-0.433250,-0.383554,0.096475,-0.225021,-0.420355,-0.070397,0.054323,-0.171254
0.220434,0.143771,-0.167182,0.254873,0.148695,0.137445,0.053428,-0.488610,0.196507,-0.123958,0.442610,0.317985,0.087694,-0.247818,-0.296283,-0.159615,-0.023432,-0.203934,0.014929,-0.334630,0.477713,-0.392075,0.431944,0.413578,0.025360,0.224910,-0.063952,0.130035,-0.159424,-0.198841,0.078230,-0.001870,0.079536,-0.213339,-0.133042,-0.416102,-0.447724,-0.246543,-0.425753,-0.396225,0.312928,-0.461126,0.158943,-0.227442,0.371546,-0.015008,-0.194424,0.017639,-0.118042,0.064301,-0.385467,0.496991,-0.074444,-0.151769,0.210210,-0.136101,0.333274,-0.045729,0.219558,-0.392547,0.346119,0.235718,-0.288283,-0.354714,-0.183708,0.476071,-0.243168,-0.043873,-0.469980,-0.102772,0.071320,0.453125,0.016736,0.319107,0.047128,-0.459215,-0.184992,0.075550,0.450594,0.359130,-0.271644,-0.279890,-0.298827,0.422499,0.352666,0.274883,-0.107265,0.004381,-0.035668,-0.246602,0.005028,-0.469503,-0.368190,0.386590,0.251680,-0.077132,0.017150,-0.130001,0.240780,0.284187,0.263285,0.222612,-0.295496,-0.162030,-0.030155,-0.169207,0.254940,-0.170646,-0.361768,-0.100960,0.479914,-0.274119,0.112159,-0.067027,-0.428975,-0.012123,0.202164,0.013220,0.372106,-0.211063,-0.413751
0.436566,-0.121804,0.076406,0.292003,-0.175686,0.216165,-0.364581,-0.208706,-0.355289,0.311231,-0.277351,0.217404,0.443298,0.027772,0.040029,-0.038966,-0.174110,-0.024345,0.102808,0.485992,0.437765,0.362153,0.389131,-0.032151,0.157444,0.395067,-0.107049,0.461762,-0.084214,0.101083,0.209805,0.450592,-0.255384,0.246131,0.020816,-0.231443,0.276607,0.052222,0.160974,-0.177099,-0.018726,0.117354,-0.095089,-0.301627,0.461640,0.011468,0.233920,-0.088953,-0.144868,-0.092836,-0.090803,0.044180,0.043470,-0.002846,-0.365214,-0.003925,-0.330896,-0.373864,0.432646,0.104950,0.159490,-0.098206,0.408981,0.137930,0.269170,-0.131438,0.460012,0.320461,0.353948,-0.327806,-0.229037,-0.214373,-0.229091,0.355408,-0.468115,-0.423900,-0.226085,-0.300127,-0.268140,0.297943,0.063127,-0.494229,-0.070677,-0.092115,-0.386055,0.176142,0.202097,0.220893,0.228471,-0.499947,0.453921,0.314209,0.403982,-0.484357,0.433859,0.309789,0.337219,-0.406713,0.238778,0.459917,0.178547,0.070561,0.445630,-0.057063,0.099294,-0.023662,0.432846,-0.423915,0.001120,0.186952,0.291907,0.083019,0.408918,0.441991,-0.435681,-0.097629,-0.476541,-0.170583,0.036868,0.410795,0.346554
-0.372500,-0.406970,0.089267,0.032118,-0.233622,0.399453,0.427366,-0.097389,0.390303,-0.116051,0.236817,-0.024058,-0.377417,0.427934,-0.045903,0.234487,-0.132826,-0.481119,-0.399470,-0.003781,0.189964,-0.165265,0.195488,0.198636,0.203936,-0.007478,0.414886,-0.010803,-0.049735,-0.300619,-0.192345,-0.457666,0.133535,-0.251464,-0.195845,0.270815,-0.172779,-0.257804,-0.330942,0.274858,-0.370294,-0.046246,0.006930,0.187390,0.133283,0.310721,-0.455249,-0.203559,-0.219866,-0.353983,-0.210822,-0.190235,0.021884,0.163704,-0.118899,0.219470,-0.163835,-0.209716,0.041188,-0.476284,-0.420211,-0.082030,0.442913,0.221512,-0.411873,0.346318,0.232301,0.110947,0.320293,-0.095890,-0.278499,0.012023,0.048842,0.038326,0.065074,0.448705,0.402246,0.375717,0.301417,0.443428,-0.401505,-0.234877,-0.004944,0.346534,0.005166,0.248035,-0.361040,-0.247586,0.231776,-0.335266,-0.148644,-0.235134,-0.150138,0.208324,-0.132153,0.055263,-0.400068,0.305018,-0.130111,0.148534,0.225390,-0.290339,0.384675,0.116224,-0.071275,-0.317665,0.442301,0.255068,-0.291975,-0.162289,0.309674,0.195678,0.265784,-0.058799,0.216476,-0.113506,-0.288737,0.132677,0.476014,-0.189399,-0.039030
0.174001,0.041506,0.343428,0.261743,-0.441703,0.498421,0.252402,0.363903,0.151198,0.356285,-0.387617,-0.152262,0.376421,-0.298345,-0.421758,0.288119,0.335486,-0.337348,0.354346,0.186768,0.020083,0.330250,-0.080751,-0.306006,-0.215147,0.005164,0.031331,0.305581,0.291353,0.081367,0.280785,-0.308227,-0.449935,0.373634,-0.424446,-0.253312,0.195319,-0.090552,0.376314,-0.202020,-0.488129,-0.199344,0.078075,-0.124062,0.034873,0.376598,0.412485,-0.234026,-0.037860,0.049144,0.449112,0.498617,-0.264593,0.226980,-0.121969,-0.491892,-0.490747,-0.039434,-0.011665,-0.477430,0.186927,-0.205997,0.059893,-0.199081,-0.332866,-0.092826,-0.267727,0.034801,-0.301171,0.008406,-0.342621,0.170975,0.253938,-0.389606,-0.032198,-0.429128,0.098182,-0.235596,0.027624,0.017461,0.424354,0.049083,0.082998,-0.098347,0.449080,0.277186,-0.214595,0.344210,-0.067604,0.328667,0.322888,-0.311130,0.201141,-0.209357,-0.202507,-0.203652,0.225568,-0.270174,-0.499094,0.215237,-0.328815,-0.395518,-0.262484,-0.120099,-0.024094,-0.455430,0.470573,0.216063,-0.176806,-0.181303,-0.051457,0.126245,-0.353627,-0.311070,0.359435,-0.243745,-0.119805,0.371272,0.163148,-0.158288,0.183700
-0.480317,0.235643,-0.012984,0.313182,0.454638,0.425789,0.409265,0.012170,-0.139858,-0.034965,0.189896,0.383998,-0.293014,0.418193,0.315180,0.478856,0.380252,-0.220063,-0.394044,-0.387759,-0.208777,0.114184,0.304320,0.399250,0.123753,-0.494369,-0.313683,-0.400274,-0.136676,0.001351,-0.456603,-0.151522,-0.320820,0.147070,-0.035728,-0.004682,-0.072308,0.456020,-0.285265,0.016664,0.236017,0.056844,0.429021,-0.122032,-0.036324,-0.411478,0.108999,-0.211788,-0.339691,0.044531,0.032310,-0.424128,0.198215,0.123772,-0.310983,-0.030565,0.220323,0.029436,-0.104511,-0.177662,0.110394,0.439109,0.171745,-0.425254,-0.039315,0.390824,-0.405538,0.488876,0.449069,-0.421726,0.433413,-0.136867,0.344709,-0.081617,-0.059145,0.134243,0.274477,-0.466211,0.093156,-0.313267,-0.154050,-0.152031,-0.030940,-0.165864,-0.392639,-0.354371,-0.466562,-0.029751,0.454448,-0.384325,0.446264,0.233362,0.137499,0.145278,0.326728,-0.393080,0.004754,0.197091,0.086820,0.332779,-0.427728,0.190701,0.034028,-0.120839,-0.159725,0.120833,0.390995,-0.003824,0.324723,-0.097844,-0.397606,-0.438494,-0.448666,-0.119850,-0.162762,0.217937,0.242822,-0.449146,-0.278877,-0.225738,0.047612
-0.355485,-0.366059,0.443789,0.304203,-0.319345,-0.093432,-0.144378,0.291004,0.010213,-0.372150,0.238992,-0.103112,-0.237076,-0.124501,-0.002243,-0.156884,-0.258094,-0.101498,-0.480827,0.272498,-0.329055,-0.456095,0.153699,0.273936,0.313829,-0.006491,-0.294632,0.237228,0.199713,-0.253729,0.403408,-0.395629,0.482688,0.360248,0.187899,0.438750,0.222311,-0.309543,-0.057844,-0.428497,-0.110343,0.241603,-0.113557,-0.169706,0.095356,0.372205,-0.452417,-0.114530,-0.341759,0.195354,-0.394275,0.164808,-0.213819,-0.301083,0.436353,-0.481475,-0.062223,-0.478373,-0.016407,0.001047,-0.178338,-0.367838,-0.123612,0.172263,0.282396,0.030751,0.089834,-0.299384,-0.212670,-0.338104,-0.250705,-0.275113,0.019449,0.062689,0.444947,-0.304429,0.141676,0.317259,0.060241,-0.244996,-0.237450,-0.460747,-0.194556,0.244604,-0.452482,-0.280705,0.206232,0.282652,-0.044682,0.198074,-0.112048,-0.340087,-0.101851,0.079968,0.448053,-0.431249,0.007394,-0.171080,0.008312,-0.476025,-0.186975,0.319868,0.053942,-0.049418,-0.214475,-0.201957,-0.116899,0.335571,0.467213,-0.061345,-0.106647,0.346551,-0.073095,0.052018,-0.269058,0.243503,0.031988,0.309035,0.280733,-0.284995,0.215636
0.300054,-0.153893,-0.327391,-0.497368,-0.049096,-0.147567,0.054910,-0.311959,0.359666,-0.242245,-0.273570,-0.019286,-0.001149,-0.284915,-0.228139,-0.330295,0.218460,0.270089,-0.037672,0.214087,0.235935,-0.361724,0.466178,0.321032,-0.295517,-0.313835,-0.374339,-0.361621,0.248162,-0.030346,0.282934,0.246255,0.104613,0.186367,-0.481644,-0.188222,0.137822,-0.490655,-0.467023,0.351888,0.184025,-0.234630,0.187963,0.292457,-0.193206,-0.463963,0.432779,-0.154820,-0.393518,-0.008143,0.268468,-0.278353,-0.230510,-0.257285,0.491673,-0.302596,0.075520,0.425265,-0.353103,0.470854,0.447477,0.384572,-0.285443,0.134055,0.260891,0.486028,-0.319576,0.266026,-0.161199,-0.324374,-0.078623,0.293836,-0.035150,0.037523,0.495159,-0.100891,0.115401,-0.134756,-0.107214,0.195641,0.437887,0.042359,0.268400,-0.410793,-0.288842,0.002132,-0.479988,-0.247145,0.017401,-0.485039,-0.235454,0.014031,0.073149,0.425752,0.145346,-0.085264,0.430351,0.284883,-0.299991,-0.369158,0.175812,0.059883,0.289674,0.238805,0.125212,0.486382,0.033590,-0.386894,0.328274,-0.248147,0.277302,0.457107,0.196796,0.096030,-0.039614,-0.135590,-0.146995,0.136373,0.251273,0.178517,-0.301590
-0.006013,0.291640,-0.024296,0.036623,0.271136,0.161265,-0.090655,0.395413,-0.337433,0.495516,-0.381147,-0.485050,0.390019,-0.255046,0.229700,0.311015,0.358986,0.491594,-0.205960,0.210243,-0.384600,-0.093191,0.347972,-0.132342,0.091095,0.003773,0.145952,0.472894,-0.444264,0.073962,0.363029,-0.018617,-0.421473,0.060539,-0.167926,-0.345058,0.349035,0.021600,0.433276,0.306017,0.192972,-0.494974,-0.072177,-0.302514,0.410798,-0.325416,-0.213940,0.016837,-0.236636,-0.290135,0.099099,-0.411070,-0.441832,-0.127755,0.220664,0.054807,-0.077124,0.065752,-0.134549,0.436146,-0.445095,0.173391,0.391283,0.303885,-0.315959,-0.204074,0.217048,-0.415729,0.311862,0.218907,0.229607,-0.399759,0.217761,0.179818,0.330922,-0.458404,-0.476889,-0.126993,-0.351212,0.058384,0.417349,-0.108520,0.344950,-0.499759,-0.331485,-0.469576,-0.171853,0.408190,-0.403048,0.106410,-0.048504,0.438468,-0.377481,-0.287972,-0.470458,-0.066065,-0.222167,0.369906,0.104941,0.114091,0.031911,-0.408150,-0.054981,0.499505,0.335229,0.393459,0.323226,-0.396958,-0.272552,-0.496878,-0.196490,-0.391393,-0.027207,0.177127,0.374505,0.249217,0.438586,-0.446102,-0.487820,0.161338,-0.210648
-0.246499,-0.169113,-0.230204,0.011436,-0.059852,0.012429,0.172714,-0.112869,-0.248692,-0.333799,-0.150526,0.241806,0.256705,0.166905,-0.265972,0.088086,0.070690,-0.015734,0.049979,-0.008209,0.065456,0.215506,-0.390372,0.249626,-0.364114,-0.433372,0.476080,0.456992,-0.439563,-0.056747,-0.313755,-0.014655,0.330177,0.450612,0.134253,-0.146094,0.103326,-0.187999,0.409824,0.370400,0.058232,-0.175201,-0.206610,-0.466582,0.315821,-0.049617,-0.174867,-0.028890,0.318738,-0.375386,0.357656,0.397509,0.446708,-0.102512,-0.282860,-0.126359,-0.167088,-0.323846,0.107267,-0.023376,0.365701,-0.467890,0.143868,0.262949,0.259487,0.386074,0.229034,0.427810,-0.167343,0.003209,-0.485920,-0.493042,-0.259873,-0.399193,-0.239789,-0.322957,-0.471480,0.409304,-0.491777,0.236082,-0.347852,0.412230,0.392796,0.153901,0.172234,-0.494661,0.484872,0.377833,0.395106,0.159245,-0.155213,0.393649,-0.208483,0.062712,-0.400269,0.421956,-0.359230,-0.275103,0.058134,0.264093,0.119351,-0.267866,-0.499057,0.257151,0.485207,0.309913,-0.039793,0.403767,-0.090152,0.024934,-0.022870,-0.052376,0.275191,0.026769,-0.183283,-0.241842,-0.462253,0.083195,-0.270039,-0.351866,0.153830
0.181209,0.252155,0.003577,0.394055,0.436343,0.307371,0.135593,-0.196279,0.482945,-0.225864,-0.297343,-0.057846,-0.443159,0.478494,0.088434,0.056952,0.155796,-0.002976,-0.467936,0.112311,0.216174,-0.083251,0.257296,-0.272999,-0.278723,-0.338583,-0.128005,0.347012,0.327912,-0.117176,0.089119,0.220816,-0.258793,-0.331859,0.472096,0.117557,0.481416,-0.162244,0.203032,-0.277396,-0.238800,0.011902,-0.180382,-0.332378,-0.237119,-0.464252,0.204424,-0.007883,-0.405757,-0.328306,-0.397465,0.112593,-0.405790,0.254282,-0.479489,-0.250624,0.390667,0.218531,-0.427032,0.321126,-0.006965,0.346783,0.100740,0.181833,0.493502,-0.267664,0.123946,-0.039679,-0.460548,-0.485529,-0.380771,0.149092,0.067163,0.053430,-0.468143,-0.030697,0.424623,-0.102408,0.124922,0.279819,0.283925,0.019280,0.357952,-0.108622,0.388693,-0.259773,-0.219784,-0.446879,0.295582,-0.082945,-0.270883,-0.268210,0.401400,0.333917,0.053531,0.116111,-0.025674,-0.108333,0.415477,-0.374387,-0.081553,-0.155438,-0.001849,-0.042368,0.018890,-0.360081,0.013142,-0.257581,-0.315669,-0.435166,0.262653,-0.072558,0.126644,0.227593,0.179317,-0.029499,-0.112101,-0.124040,0.140049,-0.005206,0.349132
0.374702,-0.329440,-0.363766,0.130401,-0.198774,-0.481429,0.388643,-0.273099,0.429281,0.217434,0.262653,-0.298539,-0.265806,0.021268,-0.327900,-0.194568,-0.178538,-0.340370,-0.294817,0.288552,-0.332804,-0.471543,0.129355,0.475983,-0.168786,-0.381344,0.070387,0.406354,0.284062,0.122516,-0.184944,0.041880,-0.408755,0.178945,0.225096,0.465032,-0.239603,-0.481544,0.045608,0.206791,0.290407,-0.306261,-0.238247,0.012591,-0.169399,0.360511,-0.026240,0.299579,0.080620,0.273090,-0.167327,0.331417,-0.225428,0.046099,-0.285993,-0.024473,-0.181825,-0.233297,0.466985,-0.339926,0.287326,0.484165,-0.480099,0.199027,-0.247088,-0.459512,-0.097110,0.435218,-0.488235,0.087886,0.001396,0.373384,-0.415998,0.181526,0.180110,0.169080,0.442334,0.323088,-0.458027,-0.028917,-0.102047,-0.189853,-0.048663,-0.115806,-0.067666,0.479262,-0.411367,0.422231,-0.019763,0.123742,0.330183,-0.139537,-0.069578,-0.090482,-0.125269,0.425529,0.328930,-0.391000,-0.391877,-0.072130,-0.401343,0.119093,-0.356308,0.022373,-0.492780,-0.183404,0.177191,-0.015961,0.478269,0.374104,-0.140929,-0.454513,0.345626,0.411234,0.320627,-0.372050,0.497915,-0.241416,0.224205,0.408035,-0.264313
0.408259,-0.190518,0.476413,-0.218740,0.453436,-0.446455,0.209272,0.032111,-0.022123,-0.276506,0.205596,-0.309191,0.052842,-0.246755,0.455621,-0.471369,-0.300272,-0.257689,-0.085932,-0.267270,-0.008651,0.372466,0.212063,0.079962,-0.410997,0.193992,-0.333586,0.286367,-0.249943,-0.082951,-0.149530,0.358814,-0.373456,0.065645,-0.357938,0.204796,0.405078,-0.065392,-0.011908,0.427423,0.020991,-0.012402,0.078329,0.189230,-0.393117,0.321111,-0.064495,-0.427651,0.286183,-0.123050,-0.399633,0.133779,0.380131,0.387754,0.457663,0.367705,-0.497859,-0.119759,0.318543,-0.133747,0.101549,0.106317,-0.134975,0.404474,0.003228,-0.035216,0.497514,-0.006500,-0.321602,0.013069,0.314017,0.276860,0.288582,0.208024,-0.245782,0.362084,0.393443,-0.305847,-0.369544,0.475605,0.368324,0.393236,0.386376,0.041687,0.146402,0.045363,-0.448794,0.245503,0.005332,0.147709,0.002640,-0.008189,-0.328211,-0.221286,-0.341147,-0.304334,0.472977,-0.346887,-0.230730,0.090590,0.110179,-0.346026,0.293717,0.285203,-0.262682,-0.211334,0.437988,0.325671,0.197797,-0.417767,-0.081736,0.059302,-0.312589,-0.051773,0.101026,-0.172623,0.280945,0.340450,-0.176391,0.338657,-0.396423
0.337729,-0.347250,-0.417073,0.141775,-0.028063,0.407891,-0.136811,-0.212848,0.000735,-0.044054,-0.155572,0.193741,0.259562,0.352984,0.472857,-0.233344,0.216093,-0.105742,0.177082,-0.024018,0.493773,0.228902,0.452491,0.334970,0.402901,0.314419,-0.040841,-0.248212,-0.129680,-0.479764,0.023993,0.005058,0.025250,0.474031,0.411454,-0.338287,-0.131117,-0.076044,-0.139467,0.298496,0.024038,0.072100,0.353014,0.305928,-0.367788,0.213915,-0.064564,-0.205351,-0.449981,-0.012750,-0.144563,-0.248487,0.194672,0.269485,-0.255210,-0.450553,0.348753,-0.490040,0.437112,0.127620,-0.178153,-0.253522,-0.490994,-0.264529,-0.362272,0.112166,-0.333454,0.028630,0.090116,-0.201958,-0.464935,-0.462746,-0.473653,0.239125,-0.181990,0.296300,-0.068267,-0.047002,0.012883,0.213031,-0.226497,-0.378413,0.056057,-0.173022,-0.057509,0.146947,-0.005874,0.120279,0.044200,0.239796,0.205937,0.034190,0.178903,0.373560,-0.067729,-0.087237,0.264246,0.082554,-0.428993,0.392112,-0.469217,0.248396,0.258794,0.453111,-0.445866,0.096857,-0.072159,-0.169367,-0.409681,0.062654,-0.020959,-0.395446,0.112490,0.237953,0.267278,0.405373,-0.090529,0.453073,0.365429,-0.203498,-0.340717
-0.064611,-0.098101,0.075719,0.083386,0.249987,0.009890,-0.395177,0.358291,-0.190235,0.471297,-0.382140,0.458251,-0.408988,-0.268964,-0.453420,0.205113,0.350299,-0.065929,0.428522,0.090299,0.130007,0.345419,-0.203200,-0.145734,0.405952,0.400963,0.476483,0.401838,-0.372628,0.323724,-0.090162,0.490801,-0.027719,0.053836,0.029775,-0.178263,-0.424978,0.395651,0.302676,-0.360473,0.276768,0.125847,-0.090856,-0.245979,0.359729,0.200188,0.047740,0.109569,-0.408934,-0.026080,-0.306300,-0.291616,0.161304,0.411256,-0.096243,-0.292251,0.148747,0.371187,0.248319,0.368757,0.036555,0.251876,-0.359935,-0.151725,-0.110451,0.011296,0.429076,0.374297,-0.365475,-0.327210,-0.142359,-0.209256,0.114771,0.402776,0.462292,0.153603,0.338159,0.025202,-0.291673,0.024688,0.055083,0.242458,-0.280117,-0.131690,-0.135973,0.459440,-0.056055,0.255094,0.250811,-0.234456,0.071870,0.394303,-0.024802,0.445118,-0.285542,-0.425841,0.391454,0.347681,0.492590,0.179393,0.436688,0.326949,0.344426,0.069142,-0.117635,0.434558,-0.067883,0.038819,-0.053886,0.064818,-0.029495,-0.452032,0.382048,-0.055606,0.088944,-0.360812,-0.496612,-0.254710,0.204586,-0.400805,0.408887
-0.284977,-0.295406,-0.318492,-0.486018,0.271805,0.375035,0.114163,-0.311800,-0.214722,-0.024073,0.454346,-0.252649,0.231646,-0.060552,-0.202153,-0.044084,-0.428793,0.298687,-0.256698,0.225412,-0.431652,0.455099,-0.306985,0.382742,0.309473,0.467860,-0.022109,0.227397,-0.129289,-0.315632,-0.056924,-0.334251,0.482045,-0.403754,0.089212,0.126464,0.038080,0.162186,-0.383819,0.055019,-0.212787,0.440176,0.262072,0.472514,-0.462444,-0.214867,-0.304577,-0.488845,-0.257674,0.178776,-0.268911,0.009003,0.387818,0.193758,-0.105371,-0.127531,-0.044264,-0.322959,0.134001,-0.135847,0.352365,0.256553,0.110513,-0.135798,-0.290068,0.276152,-0.013591,-0.275250,-0.304825,-0.334599,0.277161,-0.271013,0.026642,-0.048454,0.079611,0.377155,0.367747,-0.048924,-0.484634,-0.073556,0.106194,0.057765,0.151336,-0.345924,0.146535,-0.317348,0.250524,-0.160912,0.209895,-0.452134,-0.092140,0.205035,-0.273129,0.295287,0.130780,0.087562,-0.146451,-0.017549,0.097349,-0.027538,0.198313,-0.066303,-0.297727,-0.286066,-0.494196,-0.199042,0.248918,0.294163,-0.297532,0.459044,0.002403,0.416979,0.206765,0.222433,-0.414956,-0.280009,-0.491185,0.216128,-0.155562,0.286653,-0.161064
0.319334,-0.369302,-0.326627,-0.159123,-0.091513,-0.151297,0.263647,-0.403049,-0.148783,0.337240,-0.433203,0.442344,0.486317,-0.411432,-0.208727,-0.127599,0.276391,0.095927,0.144366,0.257510,-0.382021,0.333209,0.205620,0.077342,0.389735,0.200306,-0.298300,-0.070255,-0.005957,-0.444782,0.454638,-0.371423,0.197461,0.006231,-0.474368,0.424747,0.351837,0.024258,-0.271058,-0.378377,-0.136608,-0.244572,0.006691,0.466409,0.074953,0.389931,0.150879,-0.024753,0.354608,-0.028632,0.368628,-0.208423,-0.371187,0.355314,0.087415,0.389092,0.437827,-0.446372,0.000969,-0.125035,0.125858,0.293591,-0.219410,0.056798,0.208729,-0.365569,0.314067,0.106110,0.449537,-0.160471,-0.391854,0.006501,-0.414189,0.469527,-0.461315,0.253504,0.025102,-0.131379,-0.434158,0.122167,0.085220,-0.219117,0.410222,-0.195890,-0.050275,0.043762,-0.399768,0.432162,-0.125464,-0.419221,-0.112709,0.100203,0.013653,0.194542,-0.444516,-0.215459,0.319231,-0.420106,0.355486,-0.408104,0.334454,-0.139212,0.112209,-0.347113,-0.433831,-0.284062,-0.372146,-0.187594,0.014383,0.088759,0.289868,0.156240,0.108758,-0.088218,-0.026192,-0.085479,0.342166,-0.270000,-0.494279,0.151320,-0.297538
0.390115,0.359046,-0.423273,-0.393612,-0.004828,0.109223,-0.225092,0.216798,0.094916,-0.175176,-0.474629,0.250150,-0.285246,0.334474,-0.079710,0.077077,0.372949,0.363623,-0.128480,-0.291111,0.275146,-0.066920,-0.307958,0.404425,-0.301896,-0.474193,-0.479720,0.122315,0.161675,-0.188958,-0.179989,-0.160506,0.180159,-0.441866,0.429116,-0.277479,0.499673,-0.328477,0.271546,-0.276587,-0.419153,0.374933,0.358751,-0.096430,0.202396,0.057066,0.352956,-0.184944,0.023672,-0.014628,-0.146094,0.391455,-0.334122,-0.350491,0.076910,0.157494,-0.305381,-0.109283,0.446564,-0.253383,0.168361,0.240149,-0.051871,0.437526,0.236657,-0.042075,0.069335,0.192613,0.092190,0.378698,-0.143111,-0.200114,-0.286161,-0.462217,-0.456986,0.370055,0.178393,0.160532,0.114643,0.349219,-0.019733,0.370411,-0.140555,0.426708,0.198657,-0.242823,0.064085,0.033031,-0.362101,0.091243,-0.185214,-0.447651,0.448656,0.141490,0.376919,0.176056,-0.143016,0.012688,0.175747,0.460252,-0.246331,0.374977,0.424078,0.170416,0.431267,-0.102121,0.453016,0.202783,-0.457994,0.406873,-0.015527,-0.039673,0.066467,-0.350615,-0.030834,0.331127,-0.484518,-0.227083,-0.497545,-0.084289,0.228316
0.298772,0.445190,0.108505,-0.245373,0.424148,0.275316,0.074428,0.195640,0.424316,0.212394,-0.131625,0.213028,-0.459722,-0.113584,-0.093677,-0.333162,-0.476915,-0.366619,0.154621,0.302289,0.488203,-0.153636,0.099379,0.437145,-0.332958,0.217646,0.254979,-0.411024,0.361249,0.313105,-0.466597,-0.408916,-0.450873,-0.165256,0.009289,0.032348,-0.232333,0.411597,-0.131737,-0.454450,-0.199773,0.031109,-0.091778,-0.226157,-0.368677,0.319165,0.496145,-0.170458,-0.118379,0.118038,0.218441,-0.107970,0.404930,0.060004,-0.049610,0.146673,0.452804,0.294552,-0.459987,-0.167690,-0.029455,-0.185482,0.200188,0.326269,0.231345,0.489333,-0.227452,0.374989,0.266623,-0.137821,0.234125,-0.395924,0.289333,0.032331,-0.207710,0.155777,0.141620,-0.290514,-0.469603,-0.066377,0.069512,0.376605,0.428217,0.028805,0.253803,-0.060697,0.246082,-0.295198,-0.128935,0.134228,-0.481842,0.222461,0.335536,-0.100858,-0.052058,0.351282,0.275655,-0.211851,-0.176024,0.178878,0.063198,-0.337770,-0.190070,0.399983,0.188174,0.485974,0.267013,0.441974,-0.283811,0.271485,-0.479782,0.170760,-0.030718,-0.153240,0.362404,0.354268,-0.477698,0.109505,-0.132168,-0.084339,0.332041
-0.190160,0.443049,-0.320366,0.162722,0.172105,-0.247805,-0.175249,0.334798,0.261805,-0.170904,0.033957,-0.438320,-0.291254,-0.014179,-0.414026,0.343332,0.218006,0.443634,0.193467,0.440401,0.054513,0.100219,0.476971,0.142129,-0.469213,0.223803,0.405469,0.295580,0.083833,0.171304,0.490192,-0.409338,0.167245,-0.216602,0.140090,0.107624,-0.346543,-0.293253,0.121630,-0.371770,-0.234819,0.335246,-0.172908,-0.011940,0.441140,-0.272851,-0.110374,0.106458,0.255339,0.401653,0.415473,0.276640,-0.271669,-0.475191,-0.116226,-0.358451,0.210388,0.161131,-0.456028,0.336594,-0.251257,-0.067773,0.167934,-0.070581,-0.058712,-0.434372,-0.098556,0.264848,0.415176,-0.086503,-0.076414,0.202627,0.442772,-0.232939,-0.059856,0.295973,0.109694,-0.389414,0.127733,-0.313254,0.010216,0.029103,0.376203,-0.037506,-0.220558,-0.269034,0.374252,-0.328989,-0.074131,-0.312827,0.273304,-0.025627,-0.148856,-0.138900,0.352214,0.053774,0.217868,0.397039,0.401742,-0.171491,0.452451,-0.475124,-0.123164,0.395799,-0.225363,-0.226919,-0.197378,0.112313,-0.061667,0.226735,0.394911,0.174199,-0.295533,0.432682,-0.235507,-0.350106,-0.410033,0.063384,-0.386238,-0.361224,-0.199970
-0.218347,0.104240,0.316745,0.261350,-0.237516,-0.254690,0.465792,-0.491764,0.379721,-0.300271,0.447284,-0.157693,-0.059648,0.207121,0.087669,-0.182061,0.053831,0.230707,-0.457665,-0.488801,-0.041933,-0.368163,0.164344,-0.285948,-0.067149,-0.302329,0.048484,-0.383947,-0.476893,-0.448868,0.454258,-0.357714,0.208478,-0.432074,-0.391840,0.008876,-0.035129,0.451580,0.444835,0.279609,0.102102,-0.045040,-0.143821,0.447088,0.102909,0.079073,-0.268099,-0.453302,0.445189,-0.186265,-0.057411,-0.385360,0.336924,-0.472368,0.333991,-0.359715,0.386564,0.229773,-0.335330,0.065818,-0.187344,-0.321767,0.359182,-0.096477,-0.101456,-0.330113,-0.116934,0.371617,-0.136871,0.451604,0.446309,-0.355101,-0.322689,0.362674,-0.107239,-0.495626,-0.226128,0.097629,0.299266,-0.366611,-0.389459,0.422093,0.251148,0.089780,0.269187,-0.071146,0.258456,-0.128197,-0.255905,0.229013,-0.080328,0.481377,-0.150515,0.421727,0.432963,-0.258147,0.298221,-0.066925,0.417525,-0.049876,0.244304,-0.033033,-0.272199,-0.300650,-0.074569,0.255495,0.105071,0.188629,-0.217674,-0.018565,-0.455605,0.317532,0.489892,-0.093121,-0.489036,-0.330207,0.152527,0.112079,0.287865,-0.246116,0.263632
0.187984,-0.177186,0.045488,-0.352726,-0.047435,0.381197,-0.078809,0.339567,0.090253,-0.308123,0.081106,0.005983,-0.101359,-0.380370,-0.083291,-0.427238,-0.401231,-0.084083,-0.194619,0.425544,-0.124294,0.257858,0.030248,0.204086,-0.239884,0.441905,0.030088,0.331324,-0.134954,-0.399789,0.173712,-0.492240,-0.024707,-0.307198,0.127376,0.479420,-0.035597,0.317498,0.007784,-0.004160,0.430423,0.389966,0.285800,-0.203744,0.045008,-0.276103,-0.056083,-0.015787,0.331640,0.396028,-0.085380,-0.482296,0.361774,-0.325721,0.121882,-0.475029,-0.100494,0.485960,-0.399306,-0.076307,-0.192850,0.405088,0.369340,-0.262301,-0.418812,0.127138,-0.163631,0.172084,-0.467880,-0.366601,0.186372,-0.287629,0.357588,-0.441409,-0.284518,0.498560,-0.066924,0.202966,-0.317337,0.109869,0.226106,-0.185523,0.328897,0.103418,-0.110877,0.057642,0.076761,-0.334465,-0.097268,-0.156569,-0.099097,0.261111,-0.017462,0.440316,-0.206324,-0.084296,0.286957,0.046025,0.047028,-0.446660,-0.101400,-0.229266,0.499335,-0.191645,0.384497,0.176234,-0.159084,0.043534,0.340536,0.383368,-0.339606,-0.160427,-0.164777,-0.457955,0.098238,0.354820,-0.118426,0.240036,0.127700,-0.124351,-0.358940
0.209324,0.354565,0.185854,-0.482122,-0.283767,-0.430520,0.070386,0.256478,-0.389421,0.338338,0.055509,0.189969,0.471402,-0.416319,0.401224,-0.373897,-0.107041,0.351439,0.406254,0.006372,0.094105,0.208147,0.332759,-0.378489,0.310069,-0.018724,-0.049377,-0.076100,0.009212,0.445051,0.048204,0.453178,-0.319710,0.224136,0.312240,0.179129,0.106922,0.064813,0.360930,0.321647,-0.377711,0.348588,-0.085931,-0.246303,0.369769,-0.067975,0.308365,-0.236596,-0.496071,-0.004541,-0.399772,0.254376,-0.223925,-0.056354,-0.412966,-0.213341,0.281490,-0.348412,0.147160,0.417426,0.179837,0.311022,-0.391028,-0.249268,0.394539,0.215106,0.139554,0.163767,-0.085799,-0.455443,0.284442,0.178713,-0.027196,0.399760,-0.163840,-0.205678,0.372796,0.296988,0.014980,-0.369265,-0.284929,0.156228,-0.114959,0.336473,0.449955,0.305637,-0.122455,0.288686,-0.148558,-0.332900,-0.466607,-0.114283,0.403559,-0.261013,-0.293487,0.469821,-0.474996,0.285782,-0.178630,-0.462512,0.417803,-0.360358,0.051779,-0.225946,-0.434807,-0.450078,-0.384443,-0.428633,0.260558,-0.014434,-0.157108,-0.081631,0.428947,0.410752,0.215676,0.384682,-0.180352,-0.118891,0.113712,0.123626,-0.018300
-0.099342,0.486180,0.321124,-0.065020,0.227292,-0.230438,-0.399831,-0.147569,-0.097027,-0.483463,0.314792,-0.140807,0.080418,-0.426037,-0.325003,0.389694,0.108688,0.450284,0.498750,-0.128140,-0.201197,0.358356,0.498611,0.129641,0.295141,0.281746,-0.144660,0.074270,0.333057,0.188114,-0.478836,-0.163294,-0.355524,-0.267028,0.405489,-0.463107,-0.280199,-0.190431,0.116884,0.034102,-0.281731,-0.335759,-0.263202,0.002530,-0.228822,0.447603,-0.036135,-0.441204,0.229266,-0.171155,0.153489,-0.220406,0.070744,0.272153,0.428009,-0.238873,-0.165143,-0.035734,0.427175,0.401387,-0.410122,-0.368070,-0.004491,-0.393381,-0.154419,-0.351615,0.136040,0.449495,0.496734,-0.124759,0.099013,0.356268,-0.382538,0.189564,-0.091156,-0.293854,-0.097246,-0.424040,0.195407,-0.247257,-0.188594,-0.378919,0.364659,-0.006556,0.072147,0.069433,-0.089507,-0.307470,0.245133,-0.372944,-0.396126,0.210145,-0.291163,-0.193227,-0.024773,-0.050649,0.208579,0.123432,0.144396,0.214054,-0.207387,-0.177667,-0.062002,-0.192538,0.484938,0.314052,-0.335345,-0.494406,-0.457217,-0.255937,-0.385709,0.033338,0.357995,0.236750,-0.284391,-0.100701,0.007894,0.310206,0.339122,0.409718,0.009245
0.194275,-0.388200,0.065289,-0.251308,-0.068283,0.134051,-0.243014,-0.447815,-0.489766,-0.477840,-0.491650,-0.389645,-0.260511,-0.278778,0.486797,-0.193994,-0.372579,0.045563,0.357957,0.178060,-0.203918,0.061616,0.214856,0.228104,0.166538,0.370810,0.370105,0.078937,-0.070144,0.141570,0.318212,-0.494348,0.491997,-0.317106,-0.029751,0.372030,-0.274960,-0.023205,-0.367418,-0.104924,-0.322865,-0.136372,-0.126536,0.493171,0.494813,-0.385214,0.225969,-0.448255,-0.469808,-0.394666,0.465486,0.440864,-0.306072,-0.338328,-0.259465,0.015547,0.069705,-0.278407,0.256623,-0.190447,0.422131,0.156723,-0.063649,0.289912,0.317915,-0.209518,-0.160285,0.435955,-0.335259,-0.457850,-0.045945,0.301210,0.271668,0.419531,0.033201,-0.399935,0.088689,0.278396,-0.406672,-0.327343,-0.487709,0.093653,0.386734,0.170663,0.482040,-0.436966,0.403001,0.314068,-0.185758,0.473527,-0.212062,0.389305,0.380749,0.257658,0.063470,-0.379997,0.031972,-0.143204,0.292217,0.258129,0.410613,-0.485170,0.309103,0.438462,0.289300,-0.369806,-0.418721,-0.479155,0.128745,0.129673,0.486914,-0.101957,-0.168094,0.124425,0.325609,0.436774,0.303124,-0.073326,0.134914,0.356299,-0.009390
-0.283313,-0.330277,-0.499842,0.218238,-0.388903,-0.256161,-0.202124,0.060380,-0.102043,0.174674,-0.444361,-0.376061,-0.000788,-0.163035,-0.204187,-0.432972,0.395719,0.191819,-0.378382,-0.434954,0.474873,0.181173,-0.082544,0.201731,0.256332,0.279962,-0.022123,-0.070117,-0.488972,0.426557,0.103308,-0.296846,0.419603,0.414932,0.489184,0.374057,0.497784,-0.255314,0.342250,0.323028,-0.269060,-0.401562,0.479421,-0.203975,0.370892,-0.495873,-0.478975,-0.034129,-0.261285,0.189841,0.065564,-0.422514,-0.337372,-0.111951,-0.314396,0.292222,-0.083930,-0.406568,-0.015657,-0.409162,-0.371063,-0.260390,0.359528,0.424613,0.326258,-0.165923,-0.227554,0.049156,0.221853,0.493373,-0.368429,-0.450708,0.194356,0.332226,0.346349,0.178464,0.454016,0.011005,0.413815,0.467812,0.347157,-0.190241,-0.303784,0.048120,-0.046985,0.377758,-0.399968,-0.242260,0.251799,-0.405013,-0.179236,-0.112845,0.122594,-0.341867,0.360604,-0.052458,0.417022,-0.032130,-0.224960,-0.358171,-0.496255,0.032157,-0.392843,-0.108272,0.089272,-0.224314,-0.324776,0.274722,0.446791,-0.399560,-0.344410,0.460013,-0.462216,0.477632,-0.495356,0.373669,-0.192675,0.438589,-0.183055,0.154306,-0.419967
-0.257670,0.273679,0.028686,0.427969,-0.071249,0.369812,-0.051045,0.479248,0.459834,-0.170863,0.385924,0.347611,-0.289320,0.124290,-0.427318,0.336711,-0.325454,-0.429185,-0.099781,0.076922,0.354917,0.474243,-0.060507,-0.439553,0.249116,0.065173,-0.052109,-0.190731,0.002399,-0.161320,0.257012,0.043894,0.376848,0.043544,-0.261738,0.351092,0.057219,-0.293159,0.123508,-0.142283,0.344406,-0.046700,0.226441,-0.404464,-0.103976,0.483241,0.308460,-0.340059,-0.222236,-0.170184,0.150366,0.256995,0.249527,0.009874,0.310821,-0.062922,-0.376119,0.064442,0.452301,0.292994,0.078701,0.146806,0.430562,-0.071657,-0.168606,0.477242,0.363443,-0.176956,-0.036219,-0.084922,-0.350904,0.457819,-0.095688,0.375329,-0.310644,0.047871,-0.476039,0.264220,0.080914,0.125590,-0.448279,-0.288962,-0.425669,-0.211086,0.127439,0.066186,0.112150,0.049251,-0.226971,-0.255493,-0.362940,0.349071,0.116479,-0.313489,-0.322791,0.373036,0.242731,0.159399,-0.093136,-0.238024,0.479451,0.297240,-0.198221,0.347565,0.258932,-0.202919,-0.073447,-0.314047,-0.388948,0.222762,-0.232488,0.320059,0.495609,-0.423380,-0.026965,0.302063,0.288951,0.259997,-0.151005,-0.046147,0.094968
0.473941,-0.172453,0.423144,-0.230643,0.489074,0.170264,-0.036489,0.113390,-0.227469,-0.225826,-0.386445,-0.385950,-0.152328,0.262855,0.107971,-0.397415,0.352237,0.101368,0.460856,0.170185,-0.324825,-0.026217,0.148498,-0.471735,-0.485090,-0.370597,-0.248336,-0.070451,-0.012560,-0.361972,0.173392,0.096138,-0.205536,-0.486340,-0.422352,-0.108305,-0.346026,-0.123180,0.128183,0.047237,-0.268824,-0.156178,0.114031,0.360855,0.253213,0.053400,-0.137707,-0.134949,0.379417,-0.460756,0.487983,0.164375,0.181138,-0.462002,0.105529,-0.015222,-0.394221,-0.222078,0.390314,0.049988,-0.086583,-0.427318,0.214122,0.202851,0.114044,0.010263,-0.066216,0.093271,-0.266605,0.441259,0.088795,-0.188808,-0.050320,0.305685,-0.338384,-0.207164,0.179508,-0.184511,0.292502,-0.369547,0.262686,-0.431648,-0.487407,0.398224,0.081339,-0.148173,-0.267405,0.116886,0.009002,0.491598,0.483216,0.135025,-0.057129,-0.008859,0.182479,-0.398425,-0.171648,-0.424728,-0.426639,-0.304161,-0.014747,0.284774,-0.014504,-0.164523,-0.417647,0.050296,-0.228731,0.114934,0.477188,-0.388686,-0.287875,-0.026905,0.468614,0.271810,0.398229,-0.166285,0.492038,-0.397167,-0.447027,0.355603,0.427265
-0.409415,-0.386573,-0.466826,-0.395492,-0.290580,0.470077,0.167860,0.278553,0.276139,0.035074,0.297489,0.095808,-0.185454,0.061110,0.033509,0.323453,0.481727,-0.088957,0.263391,-0.400237,0.276831,-0.128583,-0.460610,-0.136754,0.110643,-0.380750,0.424034,-0.422328,0.430007,0.207138,-0.170288,-0.109250,0.240809,0.101471,0.171643,-0.110835,-0.012187,0.489867,-0.286077,-0.082144,-0.208177,0.265112,0.264013,-0.207555,-0.418610,-0.488567,-0.072549,-0.089662,0.488390,-0.030198,-0.243582,0.391229,-0.008932,0.099176,-0.404331,-0.117084,0.444224,0.089505,-0.155498,0.125667,0.410411,-0.226009,0.005117,0.458691,-0.327604,0.219664,0.114481,0.179675,-0.148780,-0.186121,0.184210,-0.284457,-0.080345,-0.311825,-0.491695,0.470057,-0.068297,0.469350,-0.359676,0.087367,-0.299026,0.290074,0.283703,-0.387393,0.412064,-0.305370,0.112977,0.485634,0.382397,0.456564,-0.157401,-0.394424,-0.311653,0.000495,0.293230,-0.349846,0.159732,-0.176422,-0.158798,0.161918,-0.033001,0.312033,-0.344081,0.289948,-0.435765,-0.305946,0.156150,0.354926,-0.247320,-0.172808,0.037121,-0.288427,0.311156,0.273637,-0.354708,-0.036170,0.274828,-0.162670,0.133107,-0.449787,0.108689
-0.347347,0.330583,-0.144551,-0.218446,0.340889,-0.449856,-0.103391,-0.129996,-0.215200,0.411754,0.250928,-0.436077,0.214687,0.027299,0.400868,-0.187054,0.074162,0.000755,-0.010439,-0.043895,-0.294371,0.255710,-0.048664,0.458516,-0.239192,0.182744,0.440717,0.163458,0.371273,0.327481,-0.139882,0.100124,-0.343739,0.035526,-0.269578,0.243737,0.028058,-0.088773,-0.231203,0.498698,-0.428289,-0.456439,-0.282743,0.471072,0.479238,0.154928,0.380107,-0.286038,0.472042,-0.357215,-0.398875,-0.387788,0.073128,0.280974,-0.133333,0.477896,-0.065580,-0.349551,-0.034033,0.179037,0.332226,-0.041232,0.093607,-0.232655,0.145917,0.485972,-0.450946,0.386531,0.062283,-0.247901,0.454890,-0.016646,-0.168310,-0.318502,-0.255548,0.332849,0.114410,0.413246,-0.268032,-0.378861,-0.493912,0.007862,0.498307,0.194965,-0.191605,0.376859,0.281722,-0.484585,0.316860,-0.199473,-0.350327,-0.273669,-0.031420,-0.075132,-0.211113,-0.327782,0.262231,0.490110,0.277792,-0.204063,-0.255191,-0.282334,-0.363305,0.051331,0.105400,0.205503,0.180213,-0.207667,-0.169689,0.181515,-0.150552,-0.287377,-0.125664,-0.227916,-0.411687,0.330139,0.353111,-0.280250,-0.435228,0.238827,-0.288471
-0.106565,-0.435865,-0.273730,0.292902,0.304396,-0.292915,-0.164086,-0.365762,-0.425827,0.492172,0.155594,0.042097,0.265499,0.340077,0.306715,-0.483461,-0.313192,0.154905,-0.124241,0.482483,0.165405,0.456549,-0.298554,0.363957,-0.178648,0.489565,-0.342311,0.016340,0.292845,-0.067358,-0.031916,0.486356,-0.074692,0.104072,-0.445460,0.342210,0.148168,-0.095980,-0.483830,0.091669,-0.487342,-0.498796,0.116099,-0.310983,-0.308112,0.153272,-0.446303,-0.186594,-0.350568,0.080176,0.161765,0.221136,-0.244769,-0.410750,-0.421316,-0.073848,0.445844,-0.282271,-0.243258,-0.399111,0.105570,0.179873,0.142931,0.361130,-0.013574,-0.365543,-0.210595,0.162430,0.113122,0.031003,0.182964,0.137391,0.381325,0.086016,0.278601,-0.251293,0.178183,0.402194,-0.114268,0.279104,0.224789,-0.440474,0.081508,-0.369811,0.467319,0.311408,-0.390276,-0.378248,0.094474,-0.155111,-0.465094,0.041642,-0.112155,-0.398924,0.301920,0.415077,0.256594,0.322422,-0.283509,-0.236427,-0.291472,0.265063,0.447917,0.216837,0.381467,0.138699,-0.112340,-0.074238,-0.424679,-0.468543,0.195476,-0.061571,0.052215,0.057661,-0.222624,-0.024107,-0.029240,-0.111573,0.320675,-0.048836,0.103645
0.395520,0.366234,0.390422,-0.229995,-0.465018,-0.238933,-0.221293,0.409360,0.149243,-0.418296,-0.364621,-0.344324,0.130422,0.235414,0.359644,0.440637,-0.298295,-0.190228,-0.259677,-0.141238,0.414665,0.075113,0.238192,-0.009881,-0.471142,-0.435805,0.037923,0.218789,-0.284669,0.221910,0.310666,-0.088103,0.246419,-0.095970,0.178351,0.263997,0.491927,-0.154603,-0.088959,-0.334380,-0.295927,0.193395,0.417046,-0.105395,-0.320156,-0.214901,-0.044948,-0.209350,-0.266421,0.235984,-0.492155,0.039231,0.293767,-0.233772,0.103292,0.168900,0.155025,-0.054150,-0.153422,0.335924,0.258446,-0.178745,-0.396981,-0.428192,-0.405724,0.082869,-0.448338,-0.163073,0.253200,-0.205652,0.263308,0.245467,-0.254173,0.228822,0.247777,-0.102546,-0.289580,0.021271,0.421398,0.139617,-0.327078,0.182757,-0.072797,0.091529,0.234064,0.014947,0.313984,0.222156,0.115073,-0.349207,0.335949,0.435906,-0.363035,-0.011759,-0.241111,0.254523,0.221630,-0.359115,0.377027,-0.319027,0.297259,-0.043020,-0.171728,-0.341761,-0.332386,0.161891,0.050430,-0.377915,-0.387302,-0.427689,0.243767,0.211882,-0.441569,0.060270,-0.415324,0.403746,0.407117,0.198233,0.426189,0.311453,0.328539
0.069708,-0.193941,-0.282201,-0.172800,0.128495,-0.327343,-0.241360,-0.031939,-0.266950,0.088644,0.423176,0.248089,0.166427,0.082721,-0.012052,-0.313436,0.394710,-0.251464,-0.408691,0.250015,-0.324384,-0.128104,-0.471715,-0.362932,-0.326796,-0.445590,0.156657,0.337008,-0.126685,0.374576,-0.286653,-0.174610,-0.349263,0.120559,-0.080130,0.113283,0.261675,0.045703,0.127630,0.435250,-0.200936,-0.140836,0.217703,0.111306,-0.321467,-0.123853,-0.032162,-0.080610,-0.321725,0.424430,0.262319,-0.018644,0.180061,0.397283,-0.363826,-0.249627,0.042701,0.299010,-0.463745,0.484018,-0.045093,-0.140769,-0.207276,-0.325643,0.291574,0.455414,-0.086355,0.452421,0.323798,-0.018949,0.174026,-0.065016,0.058723,-0.441954,0.196263,-0.447175,0.317085,0.324947,-0.262923,-0.176337,-0.018690,0.096663,-0.212646,0.092486,-0.202213,-0.444509,-0.497472,-0.398849,0.292251,0.461431,-0.073034,0.012684,-0.353152,0.051031,-0.355345,0.111214,0.433259,-0.304301,0.264564,-0.476498,-0.124503,-0.389251,-0.147525,-0.326463,-0.126695,-0.082477,-0.199409,0.156622,0.418852,-0.099405,-0.307657,-0.229277,0.354001,0.071640,-0.044989,-0.350363,-0.050273,-0.221508,0.443163,0.384070,-0.416097
0.016653,-0.274942,-0.089223,0.376848,0.027515,-0.165785,-0.292112,0.300325,0.124518,-0.031935,-0.282516,-0.165754,0.459843,0.020090,-0.099301,0.021422,0.278989,-0.159891,-0.321294,0.084936,0.165204,0.212718,0.381988,-0.128826,-0.424645,0.458349,-0.064988,0.123258,0.166305,0.046514,-0.294742,0.255143,0.303752,0.052976,-0.011439,-0.386062,-0.416048,-0.160435,-0.189154,0.453656,0.283623,0.159924,0.017648,-0.332632,0.478457,-0.124959,-0.393074,-0.006201,0.373998,0.387291,-0.489034,0.386296,-0.228516,-0.461028,0.347790,0.363867,0.096231,0.074434,0.313120,0.286310,0.390105,0.052747,0.467647,0.496147,-0.383455,0.349544,-0.000178,-0.112434,0.113072,-0.444034,0.006461,0.370891,-0.286538,-0.073610,0.439481,-0.071436,-0.141632,-0.059463,0.019453,0.131991,0.300693,-0.047898,0.317481,0.033721,-0.161519,0.157951,0.217722,0.058049,-0.443385,-0.330117,-0.214702,-0.217374,0.173421,-0.481651,0.255682,-0.234658,-0.189978,0.027910,-0.284074,0.384471,-0.414631,-0.055618,0.349422,0.115844,-0.207670,-0.079240,0.206694,0.473261,0.393139,-0.157567,0.498198,-0.496495,-0.472370,0.323841,-0.300537,-0.439231,-0.262852,-0.073900,0.230566,0.124336,-0.262379
0.003270,0.426214,0.315008,-0.176810,0.482265,0.208620,-0.437551,-0.464839,-0.331592,0.227856,-0.316261,0.011487,-0.406740,0.420886,-0.156039,0.408132,0.444876,-0.493871,-0.035865,-0.475344,0.408693,0.018408,-0.425056,-0.389723,-0.116491,0.440234,0.192909,0.367619,-0.133543,-0.456786,0.474318,-0.482827,0.447652,-0.131323,-0.489910,0.189157,0.480540,0.465626,-0.339063,-0.318752,0.065539,0.137305,0.239418,-0.318950,0.459007,0.138739,0.347047,0.040066,-0.085723,0.477183,0.082121,0.366874,0.453292,0.175355,0.048939,-0.496489,-0.459980,-0.299149,-0.313992,-0.245241,-0.195065,-0.139935,-0.079462,-0.401134,-0.457638,0.173944,0.037335,-0.055856,0.134440,0.327679,-0.072307,0.141119,0.453572,0.339624,-0.073999,0.144717,-0.322929,0.060522,0.481328,0.018315,0.427638,-0.092665,0.498845,0.079220,-0.457731,0.086755,-0.225427,-0.467519,0.320853,-0.224270,0.296549,-0.211782,-0.305674,0.473936,-0.138355,0.101376,0.109981,0.060473,0.414696,0.174441,-0.096267,0.362380,-0.318937,0.044237,0.450550,0.125398,0.316968,0.153561,0.339371,0.444488,-0.227078,-0.330339,-0.016009,0.201862,-0.272809,-0.495899,-0.157065,0.468859,0.194967,-0.098675,-0.307424
-0.143910,-0.330161,-0.393694,0.406742,0.497650,-0.335886,-0.445477,-0.170269,-0.038341,-0.295179,-0.198575,-0.299129,0.274261,0.212578,0.134952,-0.112782,0.409041,0.469533,-0.326361,-0.276987,0.025631,-0.408749,-0.063552,0.081791,0.022074,-0.169091,0.042446,0.458801,-0.293983,0.154831,-0.456603,-0.433584,0.051828,-0.395061,-0.477653,-0.328487,0.064849,0.203341,-0.297521,0.168259,-0.317524,0.113457,-0.088040,0.153800,0.495053,0.437817,-0.495718,0.385439,-0.433509,0.453047,-0.218174,-0.117965,-0.408362,-0.387727,0.226741,0.444332,0.110748,0.215850,0.261970,-0.237186,-0.454770,-0.498127,-0.149351,-0.258536,-0.437682,-0.320472,-0.375501,0.414878,-0.359733,0.037648,0.093106,0.043489,-0.400944,-0.181202,-0.448730,-0.104330,-0.311401,0.061633,0.192808,0.032120,-0.065763,-0.112667,0.341692,-0.280632,0.234218,0.257482,-0.080800,-0.202699,-0.029459,-0.406786,-0.454070,-0.388397,-0.312855,0.004177,0.349137,-0.264358,0.435162,0.454908,0.458905,0.337563,-0.136175,-0.427316,0.068819,0.058681,0.349976,0.495991,0.008157,-0.154796,-0.314098,-0.495200,0.009114,0.055519,0.324938,0.004577,0.416468,0.128083,0.340336,-0.351698,0.355336,0.175144,-0.329767
-0.310236,0.426501,-0.467785,-0.037465,-0.186525,0.165077,0.339629,-0.139622,-0.073098,0.481918,0.283917,0.397204,-0.061238,-0.265924,-0.088137,0.216092,-0.390570,-0.229531,-0.453364,-0.067652,0.327446,-0.475336,0.175324,0.432496,-0.263072,0.193635,0.475102,0.462278,-0.265071,-0.399669,-0.351717,0.202036,0.225759,0.174237,-0.163922,-0.330223,0.080761,-0.016320,0.228834,-0.058640,-0.161360,-0.206521,-0.288530,-0.234254,-0.405170,-0.153143,-0.463430,-0.313586,0.246770,-0.174531,0.168237,0.216884,0.081185,0.458698,-0.478560,0.238653,0.458787,0.362272,-0.332107,-0.173180,-0.327548,0.101308,0.212188,-0.182926,0.039507,0.190921,-0.078660,0.354016,0.271550,-0.435334,0.121125,-0.264674,0.057518,0.456888,0.379062,-0.095484,-0.208486,-0.265594,0.032515,-0.385752,0.049275,-0.498666,-0.176150,-0.280066,0.471219,0.227242,-0.150347,-0.407155,0.016801,-0.286552,0.036430,0.335362,0.115793,0.133788,0.041030,0.427266,0.431903,0.012723,-0.194241,-0.040413,-0.313442,0.136344,0.000092,-0.396700,-0.302352,-0.020368,0.387589,0.066391,0.181535,-0.160971,0.071411,-0.052620,0.159130,-0.449424,-0.006700,-0.204007,-0.173815,0.460917,-0.317305,-0.188755,0.009893
0.363027,-0.083330,0.243865,0.356374,-0.189984,-0.107250,-0.143444,0.332856,-0.455653,-0.191579,0.179409,0.065443,-0.063711,0.039948,-0.302415,-0.069283,0.001703,0.401189,-0.239165,0.367829,0.144241,-0.479659,0.224631,-0.464448,0.497381,0.372637,-0.202656,-0.242589,-0.118559,-0.143833,-0.127662,-0.181723,0.121133,-0.335736,0.345981,0.312402,-0.023517,0.352730,-0.252855,-0.482435,0.119208,-0.042091,0.067165,0.399339,0.469926,0.134453,0.264056,-0.416192,-0.339284,0.233205,-0.068635,-0.054035,-0.191392,0.107356,-0.314835,0.126916,-0.326201,-0.436174,-0.169642,-0.268860,0.388992,-0.445047,-0.323386,0.048720,-0.018933,-0.454148,-0.492748,0.488068,0.158835,-0.134594,-0.029568,-0.233450,-0.155126,0.149044,0.382812,-0.315870,0.340362,-0.378443,-0.285008,-0.462825,-0.359188,0.417303,-0.040561,-0.422334,0.459727,0.378992,0.254683,0.433473,-0.279871,0.336369,0.189991,0.369759,0.296912,-0.153505,0.274399,-0.237544,-0.171408,-0.392094,0.435077,-0.208997,0.020622,-0.108667,0.459928,-0.164951,0.278546,0.355416,-0.064394,-0.121828,0.247746,0.412896,0.254932,-0.272874,0.388308,-0.112418,0.076229,0.331436,-0.311605,0.284510,0.096163,0.393342,-0.328030
-0.079318,0.332843,-0.480768,-0.387799,0.490565,-0.219606,0.475543,-0.317468,-0.138906,0.252869,0.157778,0.081122,0.029899,0.343440,-0.265051,-0.057529,-0.344548,0.095942,-0.249456,-0.166158,-0.028749,-0.473229,-0.408062,0.185929,-0.071030,0.364790,0.194672,-0.491899,0.116712,-0.406275,0.280933,0.491508,0.031199,0.182780,-0.262686,-0.062402,0.356095,-0.332577,-0.234464,-0.054566,0.212249,-0.124116,0.427732,-0.405543,-0.129196,0.208954,-0.274013,0.156413,-0.335783,-0.444020,-0.378984,0.429985,0.051751,0.296346,-0.167345,0.092659,-0.005048,0.445738,0.247575,0.230543,-0.453647,0.049670,-0.033009,0.427842,-0.242658,-0.230167,-0.088654,-0.256630,-0.370816,0.357415,0.058277,0.361363,0.331135,-0.217958,0.047737,-0.416782,0.415252,-0.095737,-0.106324,-0.197245,-0.039336,-0.248241,-0.125148,0.299947,0.334256,-0.195818,-0.030986,0.373820,-0.447327,0.389145,-0.280816,0.178539,0.082552,0.052941,0.359360,-0.398428,-0.152972,0.038253,0.311289,-0.283557,0.302930,-0.100362,-0.311086,0.258986,-0.409101,0.014767,-0.436124,-0.143582,0.101077,0.056116,-0.095345,-0.070952,-0.273230,-0.044117,0.453255,0.350453,-0.354767,-0.470219,0.433524,0.026750,0.037838
0.280718,-0.185311,-0.018092,0.468663,0.172149,-0.346255,-0.366773,-0.295735,0.266712,-0.204623,-0.478611,0.444174,-0.330287,-0.490442,-0.262868,-0.264971,-0.077995,0.420390,0.379185,-0.043105,-0.089100,0.055009,-0.256546,-0.447815,0.439224,-0.313301,-0.301599,-0.027540,-0.008387,-0.481566,-0.352045,-0.121845,0.183731,-0.271582,-0.076986,0.057345,0.388592,-0.173929,-0.366442,-0.010728,0.246722,-0.390140,-0.075317,-0.482215,-0.466441,-0.017047,-0.201803,0.345107,0.102154,-0.046067,-0.092065,-0.002755,-0.459561,0.392793,0.498303,-0.318513,-0.379617,-0.356423,0.161027,0.161441,0.347924,0.251826,-0.050310,0.112855,0.188285,0.012736,-0.024349,0.145097,0.057475,0.143942,0.112855,0.219197,0.142804,0.019742,0.181797,-0.050518,-0.258329,-0.498582,0.059964,0.090655,0.472049,-0.138522,-0.105867,-0.298200,-0.429466,0.272804,-0.250319,0.108905,0.187773,-0.028763,0.376352,-0.056205,-0.215091,0.396016,0.361564,-0.335960,-0.474039,-0.410014,-0.213453,0.472260,0.058516,-0.126738,0.388716,-0.046864,-0.184761,0.441220,0.349518,0.343668,0.012285,0.289438,-0.320647,0.073223,0.483846,-0.209042,0.294352,-0.009522,-0.460194,0.263019,-0.331431,0.131474,-0.414336
0.446867,-0.208276,-0.273535,-0.370864,0.446002,0.211904,0.241661,-0.000595,-0.025272,-0.389979,0.059841,-0.253084,0.477145,0.296581,-0.087008,-0.348659,0.285332,-0.377946,-0.310666,-0.288479,0.056891,0.287057,-0.185685,-0.415330,-0.035462,0.248110,-0.278336,-0.280075,0.447227,0.454154,0.490466,0.307660,-0.311816,-0.288018,-0.159775,-0.181867,0.456528,0.289074,0.224009,-0.314037,0.409526,0.327870,-0.336358,0.371170,-0.227752,-0.419130,0.156822,0.153805,-0.405068,-0.181148,0.492814,0.178427,0.230075,-0.287083,-0.421218,-0.223098,-0.251102,-0.265456,-0.307246,0.074756,-0.171897,0.320345,-0.316053,-0.035373,-0.486342,-0.018318,-0.444162,0.477724,0.290592,-0.009889,-0.413413,0.092445,0.258764,-0.309283,0.068208,0.314211,0.268248,0.302992,0.379323,0.437682,-0.094479,0.068769,0.290660,0.197140,0.495520,-0.486322,-0.144867,-0.218972,-0.237684,-0.277470,0.209124,-0.415241,0.241609,0.193426,-0.249196,-0.247166,0.128861,0.262171,0.376486,0.352140,0.464883,0.081385,0.408656,0.308513,0.394668,-0.488373,0.465903,-0.026470,0.298183,-0.372796,-0.104059,-0.228539,-0.208341,-0.376744,0.305764,-0.490758,-0.187495,-0.325589,0.089039,-0.245748,-0.241002
-0.011662,0.152689,-0.378695,-0.324489,-0.252825,0.473748,-0.102848,0.098990,-0.258457,-0.009540,-0.425881,-0.465258,-0.031266,-0.101341,-0.363120,0.187601,0.492903,-0.104353,0.124559,0.462976,0.331535,-0.036448,0.237489,-0.371865,0.012104,-0.220940,-0.338836,-0.073719,-0.368985,0.198985,-0.043760,0.031145,-0.353624,-0.360228,0.083415,0.485010,-0.403749,-0.214269,0.369459,-0.427728,0.375886,0.024286,-0.091733,-0.190319,-0.202883,-0.194197,0.384803,0.223795,0.169723,0.298749,-0.242885,0.118043,-0.039934,0.282442,-0.190744,0.143179,0.382212,-0.097850,-0.433378,0.016051,-0.154028,0.172225,0.451033,-0.014392,-0.033810,0.154585,-0.396502,-0.246494,0.418979,0.169943,-0.486556,-0.295375,0.182837,0.264399,0.339860,-0.207823,0.431029,0.052947,0.196539,0.096739,-0.377260,0.463115,-0.377124,-0.245118,0.313628,0.118597,0.338149,0.015736,-0.123007,0.421845,-0.463748,0.356130,-0.269182,0.348736,-0.360803,0.080219,0.388108,-0.026460,0.246567,0.304672,0.236494,0.425330,-0.053166,-0.326875,-0.452189,-0.253540,-0.356802,0.057949,-0.315055,-0.461066,-0.464010,0.331569,0.091450,-0.141915,0.394228,-0.429803,0.480322,0.116292,-0.316536,0.179069,0.263381
-0.070657,0.361633,-0.349268,-0.221162,-0.406508,-0.289122,-0.261271,0.417633,-0.421890,-0.072585,0.032399,0.398693,0.497696,0.253388,0.470791,0.287101,0.463203,0.207271,-0.420237,-0.098080,0.146597,-0.149281,-0.226616,0.077399,0.433502,-0.465018,0.269231,0.222727,0.463953,0.430711,0.262233,0.020409,-0.295732,0.045236,0.265352,0.395669,0.289712,-0.304733,0.099686,-0.167827,-0.490794,-0.299779,-0.386779,0.342719,-0.241494,-0.215302,0.459937,-0.120913,-0.490414,-0.216154,-0.380700,-0.397191,-0.422513,0.093259,-0.310652,-0.138757,0.362018,-0.075662,0.415691,-0.002062,-0.101163,0.250389,-0.426825,-0.410522,0.151974,-0.013059,0.290415,0.416271,-0.111633,0.096410,0.000697,0.481611,0.331084,0.411738,-0.245660,0.272526,-0.234527,-0.291257,0.444266,-0.480696,0.465389,-0.350738,0.319438,-0.224077,-0.149298,-0.283242,0.085514,-0.151904,0.157393,-0.484353,-0.435625,-0.400339,-0.081006,0.314796,0.388178,-0.255189,0.074370,0.268365,-0.211171,-0.090992,0.023974,-0.365125,-0.474018,-0.347194,0.126854,-0.426382,-0.310304,-0.162146,-0.422130,-0.308301,0.411270,-0.480701,0.153432,-0.115591,0.172649,0.088692,-0.276501,0.347209,-0.008060,0.322536,-0.093987
0.484686,0.270489,0.465950,0.014326,-0.026309,0.255454,0.380291,0.464146,-0.175448,0.298705,-0.289354,0.045574,-0.320152,-0.152603,0.431358,-0.353909,0.132401,0.092954,-0.379262,-0.174021,0.062982,-0.312821,0.300624,0.472157,-0.285241,-0.313088,-0.045065,0.247765,-0.218399,-0.480120,0.041221,0.456601,-0.108723,-0.079865,0.468902,0.194608,0.219172,0.062702,0.474609,0.188866,0.395033,0.199379,0.235116,-0.209589,-0.196521,0.282985,-0.203294,0.062770,-0.250648,0.316983,-0.389499,0.329447,0.102730,-0.313090,0.042035,-0.217501,-0.176533,-0.148472,-0.436681,0.485962,-0.468465,0.162497,-0.128772,0.146010,-0.143752,0.173751,0.229236,0.190553,-0.386038,0.156893,-0.220012,-0.471199,-0.085169,-0.066457,-0.032826,0.204824,-0.191156,-0.184719,-0.439448,0.186821,0.067826,-0.150575,0.205189,0.037358,-0.030755,0.011325,0.136348,0.160003,-0.211042,-0.359257,-0.343366,0.139391,0.372873,-0.090504,-0.330480,0.256602,0.332489,0.380582,0.106831,0.360729,-0.484585,-0.392764,-0.407424,0.212605,-0.430418,-0.003636,-0.027293,-0.189296,0.370405,-0.329567,-0.147537,0.274172,-0.469578,0.172950,0.316398,0.432268,0.376297,-0.180616,0.086364,-0.422707,-0.242130
-0.405778,-0.184813,0.375187,-0.152833,0.061898,-0.066619,-0.041083,0.469572,-0.203846,0.127324,-0.079937,-0.438854,-0.010669,0.313343,-0.401247,-0.430408,-0.346368,0.264400,0.223995,0.065018,-0.031774,0.388326,0.266698,0.311942,0.313262,0.142717,-0.041985,0.364678,0.426007,-0.476194,-0.448445,0.458743,-0.222839,0.373369,-0.111205,-0.380900,-0.419557,-0.343492,-0.250107,-0.011482,0.201498,0.486399,-0.058493,0.018185,0.021816,0.039434,0.017741,-0.491225,-0.498275,-0.402334,-0.398443,0.204897,-0.295084,0.394714,0.428606,0.475893,0.439081,-0.228112,0.009777,-0.324545,0.306210,0.388432,0.351289,-0.066633,0.258674,-0.402421,-0.459755,0.253236,-0.074645,0.495549,-0.402746,0.355628,-0.020017,0.327150,0.317127,0.415992,-0.202150,0.449799,-0.348333,-0.418031,-0.068384,0.328323,-0.026579,0.329287,0.229687,-0.290572,0.448882,-0.439219,0.398280,-0.195557,0.000148,-0.077648,-0.328165,-0.141853,-0.307066,-0.296114,-0.312943,-0.010983,0.297931,0.068970,0.393207,0.136544,0.189340,0.167607,-0.050541,0.189339,-0.430292,0.359851,0.277812,-0.254770,0.268032,-0.487357,-0.282753,-0.434863,0.280227,0.255874,0.313636,-0.495518,0.001233,0.204836,-0.344599
0.149791,-0.415890,-0.318674,-0.024203,0.153565,-0.354131,-0.314777,-0.295554,-0.261299,-0.273446,-0.104851,0.153790,-0.061968,0.275974,0.219269,-0.373473,-0.451158,0.377942,-0.420169,-0.351661,-0.477867,0.128336,0.082371,0.486904,0.386932,-0.089157,-0.128414,-0.203148,-0.347593,-0.361916,-0.367716,-0.385885,-0.259488,-0.193331,0.461579,0.078473,0.487596,-0.127533,-0.042373,-0.175421,-0.317112,-0.356835,0.445079,0.486811,-0.455091,-0.349654,-0.076476,-0.313667,-0.136120,-0.370904,-0.043488,-0.228305,-0.148095,-0.405687,-0.071872,0.483258,-0.171167,0.376429,0.343199,0.452058,0.290110,0.159597,0.356584,-0.424355,-0.037169,0.489256,0.269600,0.462075,0.279634,0.374882,0.206530,0.260502,0.023178,0.424238,0.325039,0.343885,0.173009,-0.195420,-0.464370,0.435655,0.086120,-0.201857,-0.350865,0.329523,0.336520,0.314508,0.145083,-0.133985,-0.195930,-0.491445,0.333608,-0.412567,0.130755,0.004075,0.026689,0.426713,-0.468385,0.273392,-0.447948,-0.461846,-0.070182,-0.436925,0.289144,0.029563,-0.470961,-0.459499,0.112669,0.306112,-0.062200,0.054581,0.299829,0.110506,-0.275240,0.113052,0.128279,0.234107,0.120874,0.469242,-0.302712,0.451091,0.038339
0.171956,-0.400538,-0.119424,0.269379,0.206911,-0.459861,0.046594,-0.411722,0.495856,0.397297,-0.478919,0.358650,0.419430,-0.146452,0.219502,-0.057896,0.155232,-0.159683,-0.177441,-0.075566,-0.354432,0.331139,-0.151302,-0.099850,0.394055,-0.003376,0.044254,0.456498,0.386726,-0.330533,-0.026785,0.471296,-0.127634,-0.128427,-0.304970,-0.385677,0.240305,0.270030,0.469013,0.273418,-0.256648,-0.459883,0.485437,-0.159549,-0.188028,0.405955,0.085100,-0.285129,0.389096,0.493361,-0.413321,0.362252,-0.109484,0.024072,0.414816,0.473379,-0.237836,-0.287149,-0.419483,0.061798,-0.486396,-0.088102,-0.426616,-0.094774,-0.460068,0.335217,-0.290261,-0.171691,0.370048,0.246266,-0.280962,-0.428101,0.215674,-0.109297,0.266080,-0.054705,-0.153998,-0.048795,0.248559,0.402220,-0.450233,0.024112,-0.467165,-0.031590,0.385283,-0.138410,0.432450,0.130608,0.434155,0.257167,-0.396565,-0.268849,-0.105830,-0.329893,-0.005088,-0.028632,0.456259,-0.066272,0.285627,0.441911,0.376989,-0.291332,-0.003970,-0.152260,-0.100141,-0.139193,0.326359,-0.047861,0.023694,0.482447,-0.440021,-0.012042,0.274062,-0.348838,0.111532,-0.260535,0.367404,-0.172900,-0.170937,0.098194,-0.316437
-0.215111,-0.083368,-0.146362,0.024877,0.099640,0.066667,0.154168,-0.192250,-0.373574,0.260808,0.350780,-0.242994,-0.092908,-0.001431,0.033327,0.159490,-0.458397,0.221477,-0.438029,-0.031711,0.327671,-0.048785,-0.350910,0.485034,0.389285,0.271314,-0.088488,-0.316154,0.441411,0.032351,0.352355,-0.157905,-0.164712,0.485540,0.021833,-0.359305,-0.280325,-0.018056,-0.457529,-0.037466,-0.081059,0.279336,-0.145058,0.482549,-0.319230,0.090987,-0.410301,0.233864,0.494754,0.319139,0.055704,-0.015259,0.335030,0.435974,0.489207,-0.103461,0.490917,-0.344074,-0.246450,-0.410984,-0.228261,0.267938,0.352924,0.278893,0.131066,0.013967,0.208704,-0.109166,0.341308,0.177190,0.197805,0.035936,0.385229,-0.247985,-0.118852,0.277643,-0.007251,0.389214,-0.153601,-0.130670,0.388736,-0.035630,0.016125,-0.167236,-0.223330,0.155949,-0.380159,0.379273,0.279203,-0.309252,0.194020,0.102633,-0.315465,-0.226796,-0.091013,0.199243,0.138723,0.032235,0.268411,0.257938,0.117859,0.286990,-0.165737,0.381250,0.114910,0.322364,0.046279,-0.281562,0.042410,-0.128888,0.197499,-0.024206,0.336113,0.178073,0.184544,-0.282845,0.484250,0.341675,0.289005,-0.169785,0.035632
-0.362897,0.038476,-0.354111,0.053038,0.148722,-0.109804,-0.001455,0.375653,-0.391437,0.291733,-0.329245,-0.463292,-0.314425,0.265043,-0.094874,0.372521,0.024708,-0.477750,0.216714,-0.389767,0.289380,-0.331897,-0.154554,0.261271,0.454231,-0.128566,0.329400,-0.309208,0.307180,0.157494,-0.307256,-0.197496,-0.368229,-0.117033,-0.296351,0.143998,0.494505,-0.487991,0.040920,0.073667,0.414209,0.006005,0.043701,-0.028347,-0.231096,-0.443971,-0.091342,-0.447409,0.050492,-0.192706,0.033602,-0.365703,0.432630,0.394521,-0.310003,-0.156556,0.113493,-0.404314,-0.145432,-0.248888,0.415517,0.352511,0.079833,0.020346,0.430726,0.432428,0.469330,-0.374621,-0.339442,0.176737,0.041434,-0.481534,-0.438025,0.388080,0.368871,-0.142729,0.391051,0.093675,0.305906,-0.072569,-0.386602,-0.066273,-0.042700,0.050944,-0.394417,0.491402,-0.255863,-0.301448,0.026803,0.037208,-0.060179,0.271892,0.016654,0.109695,0.223746,-0.474975,0.070644,0.384194,-0.482611,-0.094818,0.426227,-0.146846,-0.041271,0.481541,-0.300676,-0.434745,0.359423,0.368465,-0.027922,0.014207,0.335806,0.238559,-0.234851,-0.483107,-0.020300,0.358912,0.395835,0.456226,0.379563,0.080044,-0.055394
0.274850,0.239822,0.038143,-0.412673,0.426081,-0.044397,-0.136666,0.129567,0.173838,-0.289312,0.336939,-0.210063,-0.313316,-0.093600,0.230560,0.465458,0.309281,0.440348,-0.359394,-0.428823,0.057705,-0.209703,0.328055,0.171988,0.470728,-0.245208,-0.014216,0.001240,-0.260823,0.090093,-0.056714,-0.053278,-0.137263,-0.483071,0.022095,-0.164752,-0.498680,-0.192056,-0.221372,-0.106552,-0.368148,0.007684,0.192440,0.130186,0.303755,-0.047992,0.019092,0.310402,-0.072299,0.201599,-0.065398,-0.082264,0.260206,-0.325163,-0.161414,-0.275828,-0.140890,-0.269625,0.079406,0.298171,0.286613,-0.135499,0.488760,0.093854,-0.100600,0.335539,0.229874,0.249275,-0.303861,-0.031676,0.361828,0.004038,0.183453,0.087934,0.342357,-0.215439,0.075475,-0.376765,0.190211,0.231968,-0.457163,0.175791,-0.085310,-0.375903,-0.080092,-0.305767,-0.084440,-0.115661,0.238392,0.274216,0.107029,-0.477313,0.431022,0.186233,-0.465805,0.318833,-0.299734,0.079221,-0.033366,-0.080161,0.389714,-0.062639,-0.424656,0.446639,0.420535,0.184433,-0.032107,-0.407141,0.290748,-0.424522,-0.431399,0.037384,-0.339872,-0.492270,-0.076887,-0.362783,-0.339485,-0.423089,-0.294906,0.215484,0.308927
-0.047466,0.006554,-0.467345,-0.430684,-0.242432,0.043898,0.239551,0.105003,-0.107872,-0.381676,0.280773,-0.136214,0.236054,0.012979,0.238662,0.407290,0.421030,0.035107,0.011508,-0.234322,0.435800,-0.042081,-0.372409,-0.067295,-0.372947,0.002532,0.061276,-0.162244,-0.428349,0.443504,0.273353,0.338881,-0.133132,0.260831,-0.014627,-0.298917,-0.375577,-0.154949,-0.362448,0.498269,-0.450811,-0.058856,-0.047906,-0.199368,0.071352,-0.350023,0.283912,-0.167552,0.091343,0.215639,0.389042,0.335787,0.108309,-0.111607,0.003205,0.268735,0.377546,-0.396218,-0.115144,0.276117,-0.068348,-0.167772,-0.088677,0.102845,0.499805,-0.007008,-0.291506,-0.337153,-0.457650,0.058817,0.044572,-0.294766,0.195329,0.241107,-0.240902,-0.155900,0.490472,-0.125736,0.260802,-0.047275,0.293345,0.269023,0.167756,0.354778,0.439218,0.079983,-0.262531,-0.101371,0.258306,0.150883,-0.322202,-0.448760,0.182962,-0.248921,-0.000330,0.246747,0.062667,-0.416697,-0.314420,-0.280672,-0.242136,0.065403,0.003966,-0.296840,-0.432445,-0.328568,0.484381,-0.031453,0.367346,0.348752,0.011520,0.206688,-0.307248,0.188397,-0.227615,0.332062,-0.416276,0.273139,-0.400063,0.381189,-0.195795
0.154393,-0.012498,-0.133697,0.145442,0.447523,-0.458730,0.418853,0.109082,0.307314,-0.116125,-0.028157,0.368851,-0.085152,0.034660,-0.479805,-0.341402,0.141687,0.216977,0.082601,-0.356690,-0.054595,-0.144905,-0.004339,0.370329,0.275861,-0.416010,0.390309,-0.028233,0.243862,-0.359961,0.170720,-0.263674,-0.061619,-0.483137,-0.348389,-0.407920,-0.260256,-0.399982,0.191910,-0.470960,0.117741,-0.359292,0.445161,0.433094,-0.274497,0.114421,-0.471995,0.431789,0.022987,-0.456777,-0.157500,-0.423151,-0.107056,0.169926,-0.030110,-0.116278,-0.380843,-0.255061,-0.399857,0.307499,-0.364760,0.095373,-0.157260,-0.274022,0.139468,-0.042998,-0.099855,0.092852,-0.008732,-0.196516,0.059061,0.169499,-0.473307,-0.034128,-0.442317,-0.313595,0.060509,0.366189,0.382806,-0.430056,-0.080895,0.083006,-0.352930,0.265432,0.244235,0.403341,-0.491514,-0.283316,0.327187,0.170580,0.394390,-0.442820,0.096964,0.069047,-0.464326,0.013522,0.109520,-0.308707,-0.226670,0.140347,-0.031699,0.358014,-0.157618,-0.233340,0.484866,0.411136,-0.471007,0.270729,-0.389665,-0.472515,-0.226304,-0.230654,0.319319,0.210667,0.481609,0.211513,-0.081744,0.198928,0.499459,0.210142,0.261681
0.438365,-0.386349,0.204784,0.350806,0.454379,-0.289031,0.003929,0.180555,-0.252532,0.100473,-0.242421,-0.166543,-0.058481,0.029190,-0.050634,-0.006804,-0.201411,-0.341035,-0.452650,-0.304021,0.081944,0.286115,-0.330752,-0.391445,0.249290,-0.194842,0.451499,0.214318,-0.173244,-0.210457,0.023698,-0.420855,-0.382323,-0.324142,0.274724,0.013857,-0.489433,0.173517,-0.076310,0.010852,-0.285884,0.051782,0.479153,-0.426555,-0.216083,-0.257002,-0.251451,-0.121294,0.318110,0.412859,-0.297785,0.042950,0.136899,0.021827,-0.065924,-0.308024,-0.011781,-0.098785,0.295563,0.263604,-0.366001,-0.411481,0.408154,0.035508,0.357801,-0.441849,0.026516,0.039427,0.360702,-0.402390,-0.259554,-0.093462,0.365841,0.438883,0.492725,0.459193,-0.494058,-0.452292,-0.352393,-0.151138,0.329918,0.392656,-0.313166,0.119664,0.417362,-0.036268,-0.396456,-0.042186,-0.124205,0.077658,-0.061341,-0.482654,0.493998,0.043540,-0.026369,0.454617,-0.344140,-0.310762,0.308015,-0.239169,0.299227,-0.228467,-0.466812,0.017015,-0.303314,0.257846,0.141200,0.423603,0.282988,-0.319224,0.300158,0.141737,0.168952,0.332263,0.073824,-0.033996,0.136641,-0.202043,-0.317403,0.116588,-0.266152
-0.420085,-0.499446,0.108319,-0.137851,0.252311,-0.124824,-0.013997,-0.092915,0.150575,-0.143861,0.463768,0.436147,0.348028,0.420300,-0.050860,0.036430,0.242093,0.196146,0.390679,0.216331,0.497885,-0.151494,0.332998,0.197635,0.191386,-0.174164,0.285602,0.400376,-0.281452,0.125497,-0.107865,0.489548,-0.021167,-0.271680,-0.118142,0.153838,-0.423911,0.103602,0.431225,0.350363,-0.432326,0.493390,0.198727,-0.337719,-0.487584,-0.328717,0.338176,-0.478361,-0.266853,0.257306,0.086111,0.282736,0.246151,-0.449399,0.392511,-0.272968,0.053392,0.144288,-0.331372,0.476231,-0.011844,-0.442357,0.437262,0.086268,0.199193,0.025176,0.334738,-0.466867,-0.231622,-0.030352,-0.423396,0.205907,-0.106337,-0.227332,-0.496621,0.219830,0.333809,-0.104959,0.064218,-0.272313,0.122198,-0.487863,-0.011356,0.144205,0.418192,-0.118664,0.265190,0.097687,0.427012,-0.101622,-0.180905,0.387142,-0.450756,-0.363615,-0.417596,0.343110,-0.489393,0.361657,-0.048732,-0.495975,-0.098355,-0.313199,0.124400,0.179359,-0.012472,-0.459480,0.156129,0.342039,0.220324,0.329958,-0.299490,0.388888,-0.177807,-0.486595,0.343392,0.441821,0.155558,-0.268563,-0.248256,-0.033407,0.397831
-0.350402,0.325974,-0.208697,0.308586,0.420271,-0.072506,-0.134949,0.302221,0.029483,0.184449,0.122829,-0.347111,0.344790,-0.304225,0.432282,-0.249429,0.233881,-0.215345,-0.182215,-0.189998,0.247892,0.056815,0.382952,-0.192627,0.191993,0.252949,-0.348518,-0.099411,-0.017183,-0.144313,-0.177887,0.186420,-0.284134,0.209391,0.435044,0.065198,0.111434,-0.431067,0.364477,-0.214552,0.115051,0.479112,0.095503,0.224709,-0.054680,-0.439634,0.297599,-0.465001,0.200658,-0.477078,0.362305,-0.342364,0.014271,0.097151,-0.042455,-0.159237,-0.032186,-0.188584,-0.061878,-0.141087,0.066205,-0.262076,0.488657,0.000870,-0.305838,-0.022933,0.366415,-0.478193,0.179554,0.047968,-0.330442,0.317476,-0.131115,-0.206198,0.328125,0.138525,0.398259,0.129884,0.240818,0.336446,-0.445260,0.276049,0.113706,-0.430492,0.008578,-0.417542,0.235947,0.046502,0.453574,-0.316865,0.106033,-0.288418,0.114065,0.222650,0.222304,0.315074,0.353550,-0.422728,-0.156733,0.187123,-0.001414,-0.309324,0.052710,-0.092564,-0.109962,0.309754,-0.092402,-0.473545,-0.441937,0.356244,0.460601,0.188409,-0.135632,0.438600,0.162803,0.344334,0.265852,-0.120861,-0.021298,-0.313868,-0.207986
0.278126,0.393978,0.224460,-0.034826,-0.413491,-0.443052,-0.125674,-0.036178,0.109121,-0.493510,0.489723,-0.136061,0.348095,0.034967,-0.369561,0.297566,0.209827,0.027436,0.014553,-0.412520,0.155849,0.411245,-0.406755,-0.236489,0.402308,-0.215656,0.153944,0.034818,0.096328,-0.084211,-0.200009,-0.451467,0.244281,0.246093,0.170726,0.143634,-0.256283,-0.477655,0.308715,-0.008861,-0.193162,-0.398068,-0.437278,-0.151133,0.304737,0.418724,0.396751,0.420001,0.407725,0.027225,-0.280584,0.298047,-0.286287,-0.232793,-0.266746,0.014982,-0.178172,-0.345844,-0.046827,0.373907,0.070553,0.378336,-0.304128,-0.333026,0.075577,-0.036671,0.160173,0.294627,0.251307,0.442261,-0.101744,-0.293613,0.050913,-0.389257,-0.211149,-0.292112,-0.103436,-0.388783,-0.468158,0.156794,0.110249,0.208359,0.160386,-0.385705,-0.208921,-0.370473,0.342972,0.246904,-0.298473,-0.158691,0.466615,0.094159,0.301156,-0.235409,-0.289947,0.283917,0.185872,0.180978,0.052635,0.063578,0.235698,-0.229998,-0.147232,0.371637,-0.191135,0.046310,0.202639,0.499925,-0.064709,-0.071907,0.342588,0.305503,0.231076,-0.036770,-0.176061,0.108730,0.376223,0.383777,-0.391502,-0.071650,-0.035278
0.477615,0.177998,-0.092754,-0.473942,0.065385,-0.403924,0.334450,0.252519,-0.039491,-0.070789,0.397339,-0.211542,-0.250980,0.439197,0.309246,0.320626,-0.304806,-0.356704,-0.473970,-0.262958,0.274190,-0.259962,0.229103,-0.248092,-0.104708,0.483162,-0.255188,-0.123629,-0.198913,-0.390375,-0.010106,-0.121309,0.194887,0.317595,0.044250,-0.467804,0.118922,-0.444609,0.116356,0.185030,-0.302232,0.319346,0.411085,0.313087,-0.194891,0.086643,0.414815,-0.179335,0.320028,-0.490525,-0.496353,0.259712,0.261448,0.288977,0.430027,-0.382094,-0.268015,0.403725,-0.322764,0.182229,0.030463,-0.416806,-0.214736,0.020372,0.352350,0.207538,0.121883,-0.003967,-0.201316,-0.380755,-0.090924,-0.471482,-0.288944,-0.067517,-0.081395,-0.455705,0.089060,0.049684,-0.421896,0.443163,-0.400617,0.354834,-0.499690,0.382281,-0.480280,0.257812,-0.138309,0.238217,-0.098255,-0.429092,0.267507,-0.428747,0.422120,-0.449026,-0.020675,0.223034,-0.106754,-0.282767,0.259091,0.284295,0.422695,-0.123835,0.006252,-0.136872,-0.242918,0.251033,-0.160348,-0.071851,-0.096326,0.212661,0.417796,0.166756,-0.028417,0.279205,0.140971,-0.439390,-0.404336,-0.462083,-0.043184,0.325853,-0.186917
-0.115840,0.409477,0.336903,0.165048,-0.233196,-0.382959,-0.483941,-0.392989,-0.207404,0.051790,-0.436000,-0.363772,-0.318919,0.131982,0.115790,0.050766,-0.249499,-0.128880,-0.403310,-0.273539,0.397705,0.479692,0.147660,0.416823,0.142742,-0.466804,0.496763,-0.401048,0.182642,-0.247164,-0.108019,0.145934,-0.063513,-0.249454,-0.165554,-0.158452,0.459324,0.298613,-0.041451,-0.300179,0.311016,-0.342818,-0.289538,-0.133987,0.380348,-0.368213,-0.377766,-0.006025,-0.223589,0.068728,-0.048363,-0.065041,-0.388027,-0.358950,0.321079,0.385883,-0.265316,-0.386539,-0.446583,0.108298,0.215353,-0.127190,0.179676,0.212959,0.435342,-0.435126,-0.307708,-0.431474,0.367994,0.292587,0.074642,-0.416337,-0.226688,-0.202280,0.060743,-0.241956,-0.427040,0.230762,-0.200920,-0.047626,-0.372333,0.302548,0.065532,0.401586,-0.004528,0.441426,0.391868,0.076460,0.433893,-0.176911,-0.134358,-0.454522,0.089201,0.221924,0.273519,-0.350184,-0.055841,-0.323137,0.162127,-0.342054,0.404164,-0.269365,-0.208598,0.350906,-0.041532,-0.476004,-0.005414,-0.415457,0.485345,0.088112,-0.243467,0.063718,-0.423133,0.299891,0.425328,0.374444,-0.158242,-0.174232,-0.464912,0.151400,0.034905
-0.040654,0.407631,-0.332121,-0.490334,-0.426684,-0.276629,-0.466714,0.002844,-0.185910,-0.319517,0.250084,-0.295549,0.187605,-0.150735,0.011828,0.433867,-0.462648,0.000265,0.354423,0.087974,-0.223129,-0.102319,0.180266,0.390812,-0.458934,-0.428461,-0.174948,-0.267220,-0.235069,-0.278730,-0.304175,-0.369376,0.433954,-0.355811,-0.295596,-0.253734,0.433015,0.255714,0.289699,-0.395242,0.336310,-0.091807,-0.237177,0.075750,0.322183,0.278652,0.389997,0.428132,-0.261878,-0.076142,-0.485371,0.379322,-0.345428,0.361475,-0.170613,-0.131866,-0.460868,-0.173121,0.388364,-0.474453,-0.093673,-0.468600,-0.129077,-0.327359,-0.247782,0.377598,-0.063951,-0.226202,0.089338,-0.357893,-0.240608,0.046248,-0.262477,0.179128,-0.008509,0.271989,0.448245,-0.384195,-0.165335,-0.180451,-0.348817,0.310303,0.259879,-0.015575,0.037771,-0.440456,0.055507,0.291342,0.073828,-0.234694,0.167548,-0.138512,0.044873,-0.012435,-0.118825,0.218878,0.383876,-0.494787,0.433617,0.011515,0.200732,0.355625,-0.032896,0.334974,-0.322380,-0.340832,0.157471,0.370143,0.392426,0.143740,0.025489,-0.168607,0.480000,-0.180304,0.244186,0.031982,0.108512,-0.106519,0.464823,0.071682,0.437788
-0.492409,0.072671,0.217187,0.245080,0.404977,-0.495598,-0.499670,-0.027737,-0.470706,0.474533,-0.277935,-0.027335,-0.438862,0.022048,-0.120044,-0.455340,-0.164876,-0.108564,0.489921,-0.292114,0.044780,0.487316,0.292019,0.493368,0.468298,-0.010460,0.196376,-0.389557,-0.058851,0.309019,0.005335,0.202699,0.245751,-0.246531,0.375699,-0.040178,-0.289815,0.365416,-0.082181,0.250312,0.048033,-0.118128,0.309876,0.084470,-0.109438,-0.390402,0.395445,-0.464530,0.363187,-0.140038,0.139339,0.422200,-0.348293,0.066950,0.264433,0.257584,0.025632,0.124739,0.257527,0.341028,0.261813,-0.145995,0.496726,-0.065497,-0.475535,-0.137383,-0.372217,-0.378557,-0.218465,-0.446625,0.188512,-0.426011,-0.296710,-0.407100,-0.436832,-0.232248,0.071899,0.464686,0.375557,0.375934,-0.323933,-0.235093,-0.423607,0.278468,-0.430184,0.056696,-0.252124,-0.256554,0.490725,0.256780,0.336939,0.071983,0.371014,0.145491,0.446174,-0.218661,0.095320,0.190131,-0.107063,0.379708,0.479803,-0.006231,-0.109359,-0.028062,0.352737,0.145468,-0.455228,0.042170,-0.482700,0.278535,-0.171688,-0.027993,0.298678,-0.453551,-0.341458,-0.102040,-0.270075,-0.162099,0.498175,0.325414,0.383902
0.437055,-0.159064,-0.202923,-0.265938,0.330117,0.179552,-0.263828,-0.123006,0.006712,0.028140,0.388728,-0.119434,0.408524,-0.058632,0.246373,0.430254,0.407576,-0.443047,-0.294296,-0.023095,-0.068446,0.140892,0.444709,-0.387595,-0.048141,-0.307589,0.394108,0.464580,-0.021298,-0.395990,0.285295,0.197141,-0.145329,0.387407,0.475832,0.057854,0.065728,-0.202486,0.084506,-0.060358,-0.197809,-0.432815,-0.247292,-0.302145,0.042042,0.101670,0.108572,-0.111819,-0.078770,0.334238,-0.023767,0.487773,-0.060383,0.149581,-0.449637,0.153340,0.351426,0.442458,0.497321,-0.217821,0.075370,-0.049282,0.063817,-0.342547,0.356150,0.409569,-0.050338,-0.219570,-0.359167,0.183765,-0.187768,0.409539,0.171012,0.145685,0.059402,-0.454224,0.431922,0.127937,0.494062,0.037356,0.210111,-0.443790,0.131736,0.264650,0.278514,0.270112,-0.273717,0.475398,0.495182,-0.424404,0.436446,-0.210551,0.189284,-0.161889,0.467754,-0.398496,-0.002253,-0.071952,-0.173977,0.145534,-0.368944,0.216662,0.480592,0.304559,0.360017,-0.140363,-0.175113,0.017048,-0.454273,0.445358,-0.356215,0.403013,-0.416418,0.322625,-0.348037,-0.461868,0.219489,-0.219735,0.214496,0.055085,-0.391193
0.432130,-0.047686,0.234447,0.001021,0.104361,-0.197226,-0.299640,0.042570,-0.059781,-0.109887,0.172567,0.190507,-0.454080,-0.161256,-0.088235,-0.403108,-0.264099,-0.448358,0.496242,0.236557,-0.412550,-0.479751,0.219288,-0.060808,0.286797,0.423476,0.099300,-0.312892,0.282194,0.455812,0.080231,0.181997,-0.162525,-0.118472,0.234654,0.427771,0.128988,0.289848,-0.328365,-0.288041,0.032035,-0.323446,0.134995,-0.208347,0.291533,0.308110,-0.036213,-0.319189,0.146775,0.492787,0.122591,-0.464225,-0.482706,-0.179638,-0.304216,0.313051,0.344806,-0.241381,-0.174355,-0.263753,0.408383,0.002649,0.156137,-0.084518,0.131014,-0.114145,-0.160322,0.134480,0.091062,-0.206472,-0.350652,-0.131423,-0.084802,0.128684,0.414529,-0.463815,-0.256339,-0.306284,0.002294,-0.070299,0.229038,-0.257584,0.094498,0.383857,0.410678,0.458785,0.273261,0.405988,-0.265469,-0.302419,-0.493512,0.206844,0.437467,-0.313065,0.136944,0.246460,0.427614,0.146860,0.470294,-0.155327,-0.150071,0.043013,-0.116498,-0.498574,0.231772,0.251717,0.246975,-0.154979,0.022289,-0.140026,-0.483964,0.062449,-0.376239,-0.419959,0.255499,-0.490494,0.459008,0.015255,0.483016,-0.442002,0.083530
-0.150673,0.343482,-0.138777,-0.239512,0.357553,-0.125347,-0.483167,-0.109711,0.154522,-0.245640,-0.068012,-0.443285,0.088093,0.256295,-0.086687,-0.079767,-0.411718,-0.298059,-0.345325,-0.018312,0.029256,0.448940,-0.426768,0.099868,0.026499,0.016233,0.373159,-0.294462,-0.459227,0.172272,-0.154843,-0.482410,-0.248626,-0.190673,0.116838,-0.327414,-0.086946,-0.017525,-0.040763,0.473941,-0.454496,0.450968,0.081937,0.295728,-0.069607,-0.046162,0.379326,0.395934,-0.261311,-0.300758,-0.003765,0.400277,-0.177645,0.152015,0.208152,0.278675,0.063924,-0.097545,0.467016,0.111331,0.228565,-0.155017,0.169949,-0.242202,-0.254903,0.214722,0.021395,0.183277,-0.230562,0.098723,-0.056066,0.096960,-0.209120,0.215451,0.305929,-0.240084,-0.199379,0.161154,0.195585,0.204100,0.182699,-0.107192,-0.105146,-0.245182,-0.343166,0.192577,-0.406811,0.437792,0.326686,0.357506,0.406669,-0.091395,0.346701,-0.341939,-0.478358,0.284891,-0.425203,0.488525,0.174796,0.253450,-0.254196,0.173865,-0.456780,0.337826,-0.330376,0.197358,-0.275519,-0.431547,-0.018506,-0.330714,0.229444,-0.262434,-0.157527,0.067439,-0.215032,-0.122012,0.315622,-0.320790,-0.417798,-0.171642,-0.075623
0.042659,-0.127576,0.289912,-0.460681,-0.068232,-0.117744,0.147578,0.466276,0.010375,0.486877,-0.197751,-0.469132,-0.334337,-0.104875,-0.183666,-0.402946,-0.067340,-0.161884,-0.377381,-0.203883,0.386436,-0.197951,0.213955,0.112047,-0.072819,-0.260974,-0.130985,0.092107,-0.149247,-0.285104,-0.383537,0.379767,-0.059687,0.125208,-0.009590,0.372567,0.046935,-0.019219,0.424601,0.219690,-0.388450,-0.322296,0.287123,0.335851,0.045191,0.054455,0.131933,-0.060884,0.180199,-0.391519,0.461279,0.250155,0.131174,-0.183678,-0.339045,-0.090657,0.161577,0.133710,-0.117359,0.113286,0.313748,-0.473715,-0.049379,0.258555,0.046144,0.151476,0.016676,0.491875,-0.445378,-0.008955,-0.408583,-0.340214,-0.116962,-0.344460,0.463687,0.446790,-0.163890,0.139748,0.033753,0.315587,0.127446,-0.499748,0.263174,0.246848,0.009723,0.402919,0.408446,0.023912,0.107988,0.496522,-0.201180,-0.175383,-0.317226,0.395867,0.244488,-0.394357,0.481767,0.230962,0.350522,-0.451849,0.004961,0.198598,0.042947,0.166647,0.317874,-0.125663,0.348669,-0.337084,-0.229114,-0.456654,-0.135573,-0.120090,0.305271,0.153131,-0.063277,0.152114,-0.447217,-0.319728,0.126948,0.141367,0.274135
-0.097000,0.222554,0.183980,0.463393,-0.284870,0.051680,0.101764,0.498648,-0.298816,0.023218,-0.153815,0.025893,-0.267871,-0.452388,0.072565,-0.164146,-0.318059,-0.176064,-0.450720,0.450442,0.081148,0.314769,-0.076882,0.403315,-0.016682,0.073945,-0.008206,0.233278,0.066656,-0.228401,-0.354460,0.106124,-0.010820,-0.404024,-0.104383,0.014776,0.326893,-0.423899,-0.151505,0.322656,0.148424,-0.210042,0.345335,-0.006706,-0.001648,0.476587,0.447117,-0.141467,-0.359421,-0.174333,-0.469517,-0.479232,-0.104478,0.441020,0.371357,0.011443,0.065226,-0.494067,-0.284499,-0.475226,0.254540,-0.354354,0.369047,0.143324,-0.270581,-0.342280,0.127625,0.400837,0.218360,-0.151453,0.087384,-0.189238,0.499150,0.248839,0.114382,-0.076741,0.118152,-0.158384,-0.471135,-0.104911,0.430481,0.126301,-0.416044,0.384994,-0.231125,-0.256231,-0.202909,0.077202,0.044688,-0.008586,0.217537,-0.183462,0.282065,-0.324678,0.282621,0.163810,0.183208,-0.018447,0.167002,-0.420203,0.351551,-0.444453,-0.351258,0.076790,0.239411,-0.423748,0.420765,0.473608,0.105950,-0.018757,0.241395,-0.171643,-0.006736,0.416151,0.455655,0.427069,-0.237552,-0.267531,-0.202335,-0.058689,-0.185833
-0.125787,0.120637,0.262526,0.235558,0.314424,-0.467816,-0.452266,0.289383,0.033079,0.078141,-0.447413,-0.244686,0.138354,0.359182,0.416983,0.000419,0.045474,0.333050,0.037625,0.016859,0.405084,0.289933,0.409073,-0.281753,0.024375,0.342472,-0.388852,0.294662,-0.317027,0.308119,0.112001,-0.306764,-0.026646,0.181905,0.133853,-0.072753,0.399367,0.019263,0.005867,-0.437749,0.422120,-0.322883,0.028345,0.303568,-0.284547,0.027373,-0.259315,0.259695,0.064341,0.355976,0.394558,0.148733,0.225391,0.049220,-0.115571,0.148118,0.408289,-0.083320,-0.185590,-0.111563,-0.064602,-0.426439,-0.001558,-0.005686,0.088444,-0.137180,0.113108,0.378216,0.455471,0.083612,-0.457409,0.469236,0.205862,-0.164036,-0.352842,-0.356581,-0.332256,-0.454427,0.402154,0.040768,0.199959,0.328109,0.291541,0.382606,0.467255,-0.060929,0.450335,0.223290,-0.429332,0.181783,0.186717,0.405861,-0.127068,0.084912,-0.487812,-0.167925,-0.437756,0.021873,0.317448,-0.293557,0.027441,-0.295991,-0.379312,0.010997,-0.420851,0.087355,-0.468663,-0.393285,0.049997,0.091407,-0.471013,0.073377,0.338503,0.222316,-0.368815,0.092475,0.172253,-0.462769,0.355348,0.406267,0.350452
0.324631,0.244965,0.133432,0.178627,0.306395,0.162498,-0.172273,-0.124039,0.397057,-0.482878,0.198821,0.454778,0.206228,0.493912,0.187545,-0.465637,0.327010,-0.215370,-0.053943,-0.187908,-0.231446,-0.068594,-0.121249,0.133339,0.313151,-0.202911,-0.286279,0.166895,0.170320,0.401131,-0.484054,0.353041,0.021002,0.121302,-0.408629,-0.067385,-0.272698,-0.245775,0.004095,0.312456,0.243781,0.091000,0.039418,-0.072694,0.472710,0.060193,-0.246034,-0.269909,0.111353,0.022828,-0.492302,0.330065,0.204122,0.161829,-0.431219,-0.137944,0.435382,0.362589,-0.214457,-0.342941,-0.050912,-0.144170,0.182226,0.466435,-0.136999,-0.437776,0.397614,-0.462050,0.452766,0.164579,0.441689,-0.300340,-0.459300,-0.011790,-0.049377,-0.168508,0.457656,0.322584,0.161582,-0.337142,0.234323,0.227012,-0.074932,0.424786,-0.333022,-0.232662,-0.436776,0.295451,0.121759,-0.185060,-0.336186,-0.459852,-0.333254,-0.046715,-0.252823,-0.241018,0.375576,0.015138,0.229252,-0.464289,-0.134837,-0.020831,-0.313583,-0.379808,0.370304,0.439432,-0.421193,-0.150981,0.458286,-0.416838,0.143641,0.472221,0.478224,-0.028777,-0.337251,-0.297916,0.389601,0.411683,0.107880,0.266176,0.239931
0.161822,0.327277,0.185407,0.034002,-0.263044,0.243888,-0.026562,-0.205208,0.301946,0.196714,0.437340,-0.334558,0.149189,-0.255761,0.403583,-0.400501,0.156162,0.291086,-0.145082,0.454138,0.350731,-0.205382,-0.492459,-0.203343,-0.218690,0.389965,0.467121,-0.429560,-0.028705,0.048332,-0.407088,-0.122502,-0.182918,0.036056,0.161191,0.203485,-0.363245,0.312948,0.178542,0.389075,-0.050664,0.393890,0.365774,-0.061591,-0.118857,0.432812,0.215165,0.428245,0.296975,0.109297,-0.384147,-0.208519,0.468842,-0.180578,-0.406745,0.207553,0.234004,-0.214542,-0.202328,-0.031107,-0.478211,0.289323,-0.182911,0.353763,0.302630,0.161402,-0.175125,0.016317,-0.055171,-0.161118,0.348136,-0.016493,0.332723,-0.394782,-0.358975,0.477320,0.087768,0.009770,0.023156,-0.284731,0.218704,-0.415219,0.073324,0.070769,0.414188,0.026183,-0.362937,0.072753,-0.408672,-0.296206,-0.468891,0.013294,-0.415467,-0.030606,0.432945,0.219761,-0.422588,-0.275790,0.173662,0.394702,-0.467081,0.312451,0.061814,0.046091,0.457813,0.247645,0.350119,-0.146004,0.054364,0.115406,-0.178416,0.070248,-0.263345,-0.356624,-0.126030,0.239290,0.416187,-0.042286,0.142824,-0.396963,0.404464
0.068604,0.280338,0.294441,-0.243519,0.029174,0.460480,-0.410365,0.183050,0.462264,-0.199423,0.361448,0.433658,0.247086,-0.268672,-0.165999,-0.464191,0.331453,0.349611,0.132710,-0.147472,-0.423189,0.253058,0.226526,0.412603,0.230532,0.328695,0.245955,0.130687,-0.073034,0.402117,0.150969,-0.101645,-0.416531,-0.209295,0.043727,-0.224365,-0.278765,0.027394,-0.330180,0.300410,-0.015632,0.073863,-0.352617,-0.175424,-0.089910,0.308213,0.270160,-0.277023,0.116179,-0.256544,0.488247,0.452124,0.063265,0.198903,0.301430,0.220998,0.199829,0.458554,0.096456,0.136303,0.349269,0.169891,0.232933,-0.265831,-0.128733,-0.352699,0.005765,-0.044273,0.497163,0.111209,0.286445,-0.165985,0.331545,0.115085,0.196992,-0.205569,0.048638,0.134037,0.089095,0.415194,0.398273,0.470984,0.167428,0.471914,0.332478,-0.229168,-0.072564,-0.261608,-0.495803,-0.311951,-0.495939,0.219838,-0.074466,-0.187425,0.261721,0.332487,0.475300,0.142014,-0.038471,-0.194736,-0.277682,-0.287074,-0.090811,0.491786,-0.499146,-0.302794,-0.311607,0.217119,-0.147515,-0.042739,-0.351376,-0.095003,-0.396800,0.033043,-0.402062,0.290508,0.066602,0.223968,-0.081484,-0.118509,-0.401791
0.023856,0.014502,-0.031898,0.240518,0.332504,0.250790,-0.356134,0.122060,-0.419677,0.194622,-0.118161,-0.367501,0.362051,0.114008,-0.145275,-0.469273,0.037310,0.423226,0.096380,0.471651,-0.363549,0.068305,0.298125,0.025541,-0.408934,0.082886,0.111738,0.228709,0.261212,0.270773,0.163444,-0.284189,-0.095764,0.276130,0.453427,-0.421053,0.035537,-0.187478,-0.274606,0.005811,0.106089,-0.490228,0.280207,0.319882,0.465511,-0.319356,0.094553,-0.073375,-0.165172,0.065633,0.282383,-0.476947,0.469400,0.309882,0.251154,0.260387,-0.110939,0.251621,-0.113230,0.398707,-0.322778,-0.207653,0.051338,-0.180789,-0.075763,-0.007577,0.356353,0.023192,-0.137540,-0.252264,-0.091324,0.015736,0.246115,-0.378951,-0.278391,-0.120346,-0.139602,-0.108252,0.293521,-0.175846,0.001898,0.123907,-0.267821,0.218695,0.047111,-0.053219,0.309784,-0.256505,0.383176,0.061049,0.109175,0.375059,0.317583,0.101562,0.253188,-0.066681,0.047378,-0.437930,-0.410142,0.329425,-0.440328,-0.330601,0.295833,-0.498854,-0.217596,0.084039,0.095450,0.277153,0.005926,0.009402,0.225311,-0.001376,0.108491,0.397774,-0.098549,-0.114875,-0.496451,0.113426,-0.470228,0.004148,0.304234
0.049921,-0.230364,0.286168,-0.230283,0.233032,0.110258,-0.330004,0.405134,-0.299356,0.489587,-0.492690,-0.236517,-0.300140,-0.486007,0.232368,0.193426,0.292351,-0.243301,-0.055665,0.159114,-0.060231,0.197326,0.133973,-0.385352,0.281043,0.220676,0.155834,-0.344906,-0.232004,-0.106823,-0.220070,-0.272190,0.305358,0.138232,0.065472,-0.274047,0.418077,-0.308817,0.294951,0.466673,0.227093,0.492859,0.151051,-0.282540,-0.296181,-0.175436,-0.492870,0.181698,-0.231332,0.315183,-0.140827,-0.020044,0.465689,-0.257828,0.221254,0.255118,-0.279002,0.000997,-0.149798,0.271906,0.122483,-0.024017,0.279363,-0.264844,0.253622,0.365374,0.378622,0.283674,-0.091986,0.481808,-0.120406,0.138625,-0.338926,0.480449,0.203986,0.253378,-0.434223,0.263418,0.274723,0.171773,-0.208090,-0.010310,-0.389566,-0.028413,-0.256176,-0.150903,-0.337400,-0.269946,-0.423431,0.419901,0.030411,-0.103258,0.035029,0.128293,0.421879,-0.321307,-0.204448,0.475789,-0.128807,-0.477438,-0.352357,-0.473661,0.489923,-0.221129,0.423543,0.495886,0.099841,-0.466804,-0.418408,-0.018411,-0.093828,0.106177,-0.061152,0.434077,0.034740,0.193726,0.396485,-0.353128,-0.270265,-0.392681,-0.360362
0.012584,-0.178821,-0.076827,0.482490,-0.343296,0.040812,-0.401129,-0.181504,0.027526,0.446632,-0.108772,-0.435093,-0.111839,-0.354259,-0.270010,0.118091,-0.432576,-0.035276,0.109462,-0.078142,-0.480874,0.485519,-0.132884,0.278577,-0.174354,-0.024983,-0.111536,-0.157461,-0.478149,-0.139979,0.389490,0.190393,-0.354577,0.091155,0.392231,0.200034,-0.351316,0.367832,-0.198456,-0.045924,0.026143,0.350507,0.431607,0.429653,-0.492046,0.421888,-0.445613,-0.234226,0.014988,-0.020074,0.104710,-0.020554,0.434376,-0.259451,-0.225975,0.420738,-0.423260,0.109561,0.181736,0.005542,0.194232,-0.327245,0.352632,-0.359974,-0.099188,-0.424742,0.045211,0.169746,0.441222,0.239336,0.041103,0.432617,-0.021563,0.061206,0.096099,-0.090020,0.338483,-0.314824,0.054842,0.222233,0.403976,0.383918,0.008740,0.143161,-0.105762,-0.031822,0.406266,0.430704,0.395414,-0.361629,0.350084,0.448364,-0.138750,0.018646,0.279095,0.062078,0.493484,-0.044287,0.213943,0.292591,-0.005900,0.356984,0.046155,-0.088349,-0.392176,-0.106586,0.233936,0.421286,-0.248321,-0.144764,-0.346039,0.190723,0.460188,0.140952,0.117077,0.053490,-0.411544,0.229504,0.102050,0.161477,0.398811
0.283961,0.280915,0.427184,0.489935,0.081283,-0.391118,-0.040870,0.287601,-0.472275,-0.443113,-0.432842,0.231036,0.001167,-0.131102,-0.394383,0.232240,-0.178980,-0.234676,0.152319,0.059011,-0.137589,0.141487,-0.228778,0.294830,-0.270681,-0.341162,0.282439,0.207892,-0.317361,-0.383754,0.338399,0.276598,-0.172743,0.158197,-0.375840,0.007048,-0.481270,-0.108398,-0.425157,-0.024853,-0.078318,-0.055615,-0.454669,-0.138384,0.256484,-0.131086,0.215172,-0.130521,-0.076761,0.063892,0.450682,-0.391140,-0.467086,0.107957,0.449097,0.489723,-0.015836,-0.031918,0.144964,0.055635,0.134088,0.373999,0.246306,-0.003123,-0.038136,0.139602,-0.044294,-0.042221,-0.483694,-0.325936,-0.011486,0.322653,-0.221273,0.022643,-0.155038,-0.395196,0.458298,0.354674,-0.421508,0.219787,-0.152420,0.494850,-0.197601,-0.261262,0.067891,0.335126,-0.307481,0.209403,-0.438593,0.418935,-0.418925,0.414231,-0.009193,-0.051909,0.473307,0.490384,0.150178,-0.372881,0.006170,0.029163,0.014446,0.069492,-0.481275,0.211227,0.212394,-0.384530,0.070239,0.068361,0.182450,-0.414602,0.126503,-0.219248,0.007003,0.273324,0.205646,-0.381097,0.091185,0.469117,-0.343231,0.352907,0.202548
0.274003,-0.218042,-0.212111,0.406019,-0.140168,-0.436985,0.100597,-0.375182,0.296596,0.141746,0.374727,0.284837,-0.387886,-0.118929,0.274560,-0.082659,0.472365,0.235740,-0.484500,0.379986,-0.399195,-0.359476,0.234492,0.364969,0.036350,-0.210950,-0.148684,-0.157111,-0.173322,-0.257090,0.108867,0.400405,-0.192918,-0.313306,0.338578,0.241783,0.430837,-0.334480,-0.355749,0.041429,0.114434,-0.019827,0.098967,-0.319620,-0.020386,0.158093,-0.067294,0.179447,-0.048809,-0.166400,-0.196395,-0.089098,-0.476910,0.168525,0.345106,-0.145373,-0.453967,0.486776,-0.236302,-0.373379,-0.130247,0.238557,-0.206083,0.074703,-0.084440,-0.382236,-0.169713,0.224871,0.112004,-0.380222,-0.336678,0.140733,0.313415,-0.150526,0.095311,-0.329356,-0.188624,-0.479730,0.268276,-0.098990,0.316126,0.208373,0.328744,-0.214341,-0.314891,0.471906,0.217328,0.334042,-0.486867,-0.145538,0.242817,-0.422017,0.067340,-0.070927,-0.482383,-0.264024,-0.215208,-0.388140,0.131537,-0.257602,-0.222381,0.398239,-0.032877,-0.107872,0.223871,0.409614,-0.474964,-0.051761,0.110781,-0.181437,0.272408,0.471477,0.443427,-0.234017,-0.273662,0.457491,-0.041372,-0.291702,0.206997,-0.215580,-0.232753
0.379249,-0.337521,-0.435607,-0.230814,0.106945,-0.376912,-0.028405,0.127337,0.348737,-0.270130,0.317346,-0.265094,0.176767,-0.069326,-0.385319,0.214263,-0.282237,-0.323377,-0.141677,0.153290,-0.266004,-0.316338,-0.490046,-0.028357,-0.071354,-0.266132,-0.446348,-0.070744,0.288205,0.215282,0.360795,-0.490417,0.466419,-0.158588,0.490398,-0.247381,-0.028464,-0.146072,-0.144239,0.342282,0.246419,0.492151,0.113515,-0.036743,-0.409926,0.496561,0.051531,0.200477,-0.093258,0.047716,0.442578,-0.333581,-0.207627,-0.347940,0.292216,-0.437955,-0.418368,-0.201506,0.014188,-0.093725,-0.455184,0.457492,0.452870,-0.220644,0.231526,0.078575,-0.262523,-0.237828,-0.008847,-0.080763,-0.208771,0.307512,-0.018537,0.154848,-0.310726,0.033508,-0.182024,0.026414,0.280826,0.268913,-0.145779,0.194277,0.441290,0.125669,-0.351590,0.179709,-0.395096,0.372110,0.016660,-0.114859,-0.442993,-0.119216,0.403207,-0.479017,-0.025352,0.431158,-0.105159,-0.071824,0.078560,-0.037063,-0.331398,-0.481444,0.109812,0.420807,-0.393636,-0.289047,-0.129771,0.308742,-0.230740,0.382054,-0.445042,0.440957,0.060747,0.158778,-0.132310,0.281994,-0.333434,-0.451088,-0.104483,0.353696,0.254927
0.017156,0.072138,-0.370107,0.340682,0.286960,0.156470,-0.033809,0.464459,0.379032,0.144430,-0.128199,0.118022,0.075441,-0.105758,-0.193326,-0.092989,0.073911,-0.071865,-0.236426,0.260963,0.031467,-0.432325,-0.131683,0.384913,0.255237,-0.176753,0.438183,-0.423397,0.461235,-0.254295,-0.490906,-0.066192,-0.141030,0.039089,0.296773,0.342431,-0.098770,-0.070154,-0.351822,-0.452452,0.141215,-0.435562,0.233830,0.039090,-0.301417,0.039523,-0.317002,-0.061263,0.299560,-0.038081,-0.351301,0.223829,-0.313232,0.238550,-0.020648,-0.046258,0.351435,0.208604,-0.467089,-0.203826,0.370921,-0.481674,0.045253,0.227826,0.121856,0.260532,0.225692,0.192031,0.321540,0.145691,-0.097582,-0.028091,0.216725,0.376306,-0.227781,-0.157923,0.430739,0.078512,-0.321038,0.163695,0.490762,0.323454,0.245741,-0.291953,0.376140,0.025789,0.389290,-0.170172,-0.437949,-0.024024,-0.230162,0.215229,0.457107,0.190974,0.386934,-0.046976,0.271641,0.343043,0.210876,0.007777,0.125866,0.200507,-0.246916,0.309579,0.450325,-0.034761,0.201067,0.237026,0.162248,0.047115,0.381648,-0.051073,-0.438897,0.344556,0.173981,0.349259,-0.361453,-0.469247,0.434375,-0.352272,0.309652
0.323210,0.208705,-0.368738,0.167399,0.389087,-0.074468,-0.086483,-0.057142,-0.417728,0.392026,0.369183,0.497909,0.085183,0.251192,-0.297328,0.167529,0.149733,0.401209,0.330793,0.438466,0.368833,0.368694,-0.436277,0.345962,0.107478,-0.119556,-0.443485,0.177674,-0.171798,-0.032224,0.181728,0.411775,0.325437,-0.049403,-0.112217,-0.260220,-0.127573,-0.388954,0.471106,0.073917,-0.372194,-0.147194,0.047039,0.032886,-0.464497,0.450841,-0.224624,-0.483815,-0.423556,0.080195,-0.362214,-0.458275,-0.120374,0.122761,-0.388160,-0.186672,-0.082239,-0.340540,0.006074,-0.414786,-0.453482,0.019835,-0.252103,-0.404626,-0.076087,0.415141,0.224192,0.315616,0.371914,0.472628,0.263247,0.108408,-0.134574,-0.318357,0.186660,0.494950,-0.032641,0.223679,-0.004908,-0.068067,-0.089694,0.004625,-0.133104,0.248773,0.374272,0.382885,-0.272301,0.395909,-0.158449,-0.190692,0.226756,-0.195304,-0.447034,-0.126382,0.221466,-0.173042,0.129559,0.160119,0.233736,0.397130,-0.067436,-0.333568,-0.181074,-0.067833,0.213891,-0.486878,-0.184215,0.279843,0.170858,0.231740,0.311811,0.283236,0.182183,-0.060338,0.483598,0.069073,-0.297231,-0.207187,0.193562,0.424740,-0.321280
-0.417654,0.381531,0.415278,-0.223621,-0.122714,0.160188,-0.170070,0.377159,-0.392421,-0.462018,-0.291514,-0.213912,-0.387073,-0.434310,0.255608,-0.335723,0.413922,-0.132000,0.170606,-0.274598,-0.259677,0.074709,0.060643,0.268729,0.257813,0.170688,-0.050869,0.390640,0.122578,0.490198,0.319370,-0.455690,-0.179406,0.071876,0.221470,0.050336,0.286130,-0.217344,-0.316088,-0.446083,0.073314,0.188600,-0.173850,0.113584,-0.447843,-0.400707,0.201755,-0.131930,0.171334,0.331721,0.352622,-0.327832,-0.013714,0.233927,0.273981,0.284676,-0.271833,-0.307465,0.090012,0.241086,-0.180860,-0.395295,0.216746,-0.200302,-0.333637,-0.352276,-0.185090,0.092678,-0.141598,-0.479338,-0.403092,-0.209497,0.159704,-0.401485,0.060657,-0.380114,-0.288385,-0.327811,-0.432771,0.171330,-0.036596,0.331053,-0.401109,-0.355267,-0.193542,0.265866,-0.194241,-0.091581,-0.198396,-0.419776,0.439434,0.048539,0.287833,0.158357,0.014254,-0.410322,0.142734,-0.344630,-0.085617,0.129113,0.282229,0.185045,0.171534,-0.350958,-0.153871,-0.457088,0.219477,0.452586,-0.235890,-0.412303,-0.024430,0.356698,0.051974,-0.453223,0.474272,0.328650,-0.368406,0.421798,-0.049312,-0.128102,-0.038947
0.334572,0.159480,-0.440752,0.457604,-0.352216,0.245568,0.136137,-0.312472,-0.329268,0.370328,-0.080305,0.154577,0.004071,0.227354,-0.020758,-0.212620,-0.136617,0.359078,-0.031965,-0.286551,0.434605,0.296600,-0.444334,0.498943,0.194927,-0.339733,-0.262832,0.192445,0.279761,-0.260964,-0.243031,-0.192879,0.098018,-0.328184,-0.395757,0.178864,0.279098,0.000929,-0.136167,-0.067957,-0.111592,0.459985,0.268090,-0.291913,-0.115811,0.044012,0.112986,-0.031816,0.310127,0.267606,0.005158,0.354429,0.251090,0.278582,0.456401,-0.233533,-0.232352,0.388952,0.272226,0.426546,-0.436870,0.127757,-0.355372,0.003897,-0.344253,-0.371921,-0.487832,0.130239,-0.140977,-0.394812,-0.177162,-0.331056,0.441695,-0.179995,-0.166046,0.339858,0.147756,0.210172,0.136002,0.446196,-0.292999,0.489039,0.330956,0.088973,0.162372,0.148826,-0.441604,-0.281984,0.461471,0.034364,-0.121646,0.262038,0.024519,-0.486837,0.236238,0.232218,-0.334851,0.456660,-0.276092,-0.042251,-0.385264,0.103282,-0.124549,-0.146827,0.326977,-0.490438,0.297947,0.071449,0.486099,0.089443,-0.444621,-0.449355,0.383153,0.341214,-0.154110,0.118032,-0.010409,0.467164,0.449961,0.483839,0.366449
0.409552,-0.282721,0.331007,0.208857,0.462787,0.071262,-0.414833,0.097399,0.186581,-0.279679,-0.105887,0.098503,-0.125894,-0.125052,-0.366913,0.440747,0.250494,-0.498757,0.265613,0.239795,-0.490269,-0.130396,0.106748,-0.047249,0.277986,-0.074542,-0.346137,0.476416,-0.257960,0.217692,-0.356844,-0.170987,-0.057972,-0.307768,-0.050040,-0.342837,0.059007,0.163713,-0.437566,0.371132,-0.314859,-0.274638,0.161350,-0.031249,-0.000604,-0.371845,0.305736,0.117054,-0.364618,-0.126001,0.310410,0.068355,-0.391351,-0.127223,-0.257306,0.017466,0.343361,-0.063733,-0.066658,0.405351,0.076185,0.066191,-0.238090,0.107723,0.075910,-0.103149,0.490696,0.381891,0.249586,0.037346,-0.037940,-0.315103,-0.194263,0.273961,-0.046251,0.382270,-0.352089,0.008347,0.146966,0.016848,0.389227,0.489563,-0.384165,-0.370045,-0.369676,0.181177,-0.127324,0.233315,-0.094529,0.127607,0.269858,0.048216,0.039504,-0.411766,-0.089218,0.045777,-0.038019,0.400782,0.406531,0.321917,-0.124702,0.217299,-0.104712,-0.267406,-0.157097,-0.429035,-0.168222,-0.039258,0.455481,-0.186589,0.402454,-0.271142,-0.309031,0.018995,0.172511,-0.455668,-0.278934,-0.044316,-0.168996,0.212621,0.011161
-0.339641,0.394465,-0.207094,0.231131,0.279916,0.463158,-0.001493,0.115836,-0.165124,0.178179,-0.036617,-0.062348,0.355468,-0.449831,0.381962,0.352070,0.006366,-0.009797,-0.138193,0.494174,-0.388831,0.090215,0.181682,0.434330,0.280203,0.143847,-0.383188,-0.126266,-0.361158,0.381213,0.249621,0.257537,0.152257,0.007044,-0.350029,-0.170305,-0.363084,0.224913,-0.339771,0.202114,0.192255,-0.040696,-0.364771,-0.185199,-0.179907,0.200385,-0.386257,0.329069,0.261007,-0.313693,0.219164,0.168513,0.248121,-0.311071,-0.342410,-0.263516,-0.134128,0.293665,0.237924,0.425452,-0.441370,-0.488444,0.199139,-0.220713,-0.165921,0.046802,-0.397587,0.142694,-0.174853,0.132715,0.334007,-0.328889,0.430873,0.030688,0.422928,-0.292270,0.104563,-0.096113,0.274222,0.105909,-0.005485,0.412985,-0.122883,-0.280020,0.108101,0.124028,-0.060905,-0.013390,0.459553,0.232686,-0.389398,-0.287870,0.475577,0.226466,0.415045,-0.196139,0.241867,0.214003,-0.205310,0.050816,0.127415,-0.018868,0.327179,0.332869,0.350601,0.303424,-0.011917,-0.118562,0.331376,-0.009799,-0.253629,0.007344,-0.358150,0.191629,-0.164079,-0.239341,0.456509,0.276881,0.287070,0.123722,0.339173
