-1.000000 -1.000000 -1.000000 -1.000000 -1.000000 -1.000000 -1.000000 -0.999999 -1.000000 -0.999995 -1.000000 -0.999998 -0.999983 -0.999993 -0.998878 -1.000000 -0.999980 -0.999988 -1.000000 -1.000000 -0.992954 -1.000000 -1.000000 -0.999698 -1.000000 -0.999996 
-0.999994 -0.999998 -1.000000 -1.000000 -1.000000 -1.000000 -0.999837 -1.000000 -0.999997 -1.000000 -1.000000 -1.000000 -1.000000 -1.000000 0.890154 -1.000000 -1.000000 -0.999998 -0.999608 -0.999986 -0.997254 -0.999999 -0.999991 -0.999999 -1.000000 -1.000000 
-1.000000 -1.000000 -0.999948 -1.000000 -1.000000 -0.999973 -0.999999 -0.999992 -0.999011 -1.000000 0.999995 -1.000000 -1.000000 -0.999957 -1.000000 -0.999996 -1.000000 -0.999167 -0.981346 -0.999987 -1.000000 -1.000000 -1.000000 -1.000000 -0.999995 -0.999999 
-1.000000 -0.999999 -1.000000 -1.000000 -1.000000 -1.000000 0.998892 -1.000000 -1.000000 -1.000000 -0.999995 -0.999999 -0.999998 -0.999915 -0.998488 -0.999998 -1.000000 -1.000000 -0.999765 -1.000000 -0.995707 -0.999999 -1.000000 -1.000000 -1.000000 -0.999999 
-0.999397 0.950960 -0.999986 -1.000000 -0.983963 -1.000000 -1.000000 -1.000000 -0.999999 -1.000000 -0.999998 -1.000000 -1.000000 -0.999999 -1.000000 -1.000000 -0.999996 -0.999999 -0.997589 -1.000000 -1.000000 -1.000000 -0.999933 -1.000000 -1.000000 -1.000000 
-1.000000 -1.000000 -1.000000 -1.000000 -1.000000 -0.999952 -1.000000 -0.999996 -0.999997 -0.999743 -1.000000 -1.000000 -0.999457 -1.000000 -0.999980 -0.999812 -0.999913 -1.000000 -0.999999 -0.999944 -0.999994 -0.998637 -1.000000 -0.999989 -0.888238 -0.999995 
-1.000000 -1.000000 -0.998894 -0.999904 -0.966092 -0.999987 -0.999896 -0.998997 -0.999971 -1.000000 0.985704 -0.999998 -0.998023 -0.999999 -1.000000 -0.999974 -0.999996 -0.991596 -0.999997 -0.999999 -1.000000 -1.000000 -0.999988 -1.000000 -1.000000 -1.000000 
-0.999954 -1.000000 -1.000000 -1.000000 -0.971161 -0.999995 -1.000000 -0.999999 -0.999997 -1.000000 -0.999654 -1.000000 -1.000000 -1.000000 -1.000000 -0.999997 -1.000000 -0.999957 -0.999995 -1.000000 -1.000000 -1.000000 -1.000000 -1.000000 -0.999684 -1.000000 
-1.000000 -1.000000 -0.999999 -1.000000 -0.999617 -1.000000 -1.000000 -1.000000 -1.000000 -0.999999 -1.000000 -1.000000 -1.000000 -1.000000 -1.000000 -1.000000 -1.000000 -0.999982 -1.000000 -1.000000 -1.000000 -1.000000 -1.000000 -0.999992 -0.999986 -1.000000 
-1.000000 -0.994418 -0.999984 -1.000000 -1.000000 -0.999999 -0.999985 -1.000000 -1.000000 -0.999998 -0.999976 -1.000000 -0.999990 -1.000000 -1.000000 -0.999952 -1.000000 -0.999987 -0.999999 -1.000000 -0.999991 -0.999982 -1.000000 -0.999999 -1.000000 -0.999983 
-0.999632 -0.999960 -0.997682 -0.999999 0.999982 -1.000000 -1.000000 -0.999999 -1.000000 -1.000000 -0.999897 -1.000000 -1.000000 -1.000000 -1.000000 -1.000000 -1.000000 -0.999987 -0.997835 -1.000000 -1.000000 -1.000000 -1.000000 -0.999999 -0.977691 -1.000000 
-1.000000 -1.000000 -1.000000 -1.000000 -1.000000 -1.000000 -0.999794 -0.999999 -0.999993 -0.999951 -0.999836 -1.000000 -0.999998 -0.999699 -0.999958 -0.999994 -0.999999 -0.999993 -0.999994 -1.000000 0.996316 -0.999997 -1.000000 -1.000000 -0.999998 -1.000000 
-0.999820 -0.999997 -0.999999 -0.999728 -1.000000 -0.999998 -1.000000 -0.999975 -1.000000 -0.999872 -0.999599 -1.000000 -0.999999 -1.000000 -0.999998 -0.999997 -0.999999 0.999600 -0.999476 -1.000000 -1.000000 -0.999998 -1.000000 -1.000000 -1.000000 -1.000000 
-1.000000 -1.000000 -1.000000 -1.000000 -1.000000 -0.999999 -0.999700 -0.999995 -0.999983 -1.000000 0.999090 -1.000000 -1.000000 -0.998834 -1.000000 -1.000000 -0.999998 -0.997065 -0.998919 -0.999941 -0.999999 -0.999997 -1.000000 -1.000000 -0.999923 -1.000000 
-0.999936 -0.999965 -0.994700 -0.999990 -0.999993 -0.999993 -0.999999 -0.999998 -0.999992 -0.999990 -0.987913 -1.000000 -1.000000 -0.996903 -1.000000 -1.000000 -1.000000 0.990099 -0.999533 -1.000000 -1.000000 -1.000000 -0.999984 -1.000000 -1.000000 -1.000000 
-0.999998 -0.999983 -0.999984 -0.999999 0.999744 -1.000000 -0.999746 -1.000000 -1.000000 -1.000000 -0.999992 -1.000000 -1.000000 -1.000000 -1.000000 -1.000000 -1.000000 -1.000000 -0.997455 -1.000000 -1.000000 -1.000000 -0.999999 -1.000000 -0.999707 -1.000000 
-0.999994 -0.999994 -0.999765 -0.999999 -1.000000 -1.000000 -0.999998 -0.999786 -1.000000 -0.999999 -0.999719 -1.000000 -1.000000 -0.999999 -1.000000 -1.000000 -1.000000 0.995606 -0.999972 -1.000000 -1.000000 -1.000000 -0.999946 -0.999972 -0.999961 -1.000000 
-0.999996 -1.000000 -1.000000 -1.000000 -1.000000 -1.000000 -0.999995 -1.000000 -0.999999 -1.000000 -0.999988 -1.000000 -0.999988 -0.999872 0.901566 -1.000000 -1.000000 -1.000000 -1.000000 -0.999992 -1.000000 -0.999993 -0.999976 -1.000000 -1.000000 -1.000000 
-1.000000 -0.999982 -0.999941 -1.000000 -0.999998 -0.999987 -1.000000 -0.999997 -0.999987 -0.766244 -1.000000 -1.000000 -1.000000 -1.000000 -1.000000 -0.999999 -0.999997 -0.999989 -0.999342 -0.999984 -1.000000 -0.999963 -0.999678 -0.999996 -0.997959 -0.999998 
-0.997680 -1.000000 -0.999995 -0.999993 -0.999997 -1.000000 0.976392 -0.999992 -0.999996 -0.999999 -1.000000 -1.000000 -0.999998 -0.999997 -1.000000 -1.000000 -1.000000 -0.988724 -0.998754 -0.999992 -0.999993 -0.999959 -1.000000 -1.000000 -1.000000 -1.000000 
-1.000000 -0.999999 -1.000000 -1.000000 -1.000000 -1.000000 -0.999989 -1.000000 -0.999984 -1.000000 -0.999946 -1.000000 -0.999942 -0.999955 -0.999980 -0.999785 -1.000000 -1.000000 -1.000000 -1.000000 0.777155 -0.999999 -1.000000 -1.000000 -1.000000 -1.000000 
-1.000000 -1.000000 -1.000000 -0.999999 -0.999859 -1.000000 -1.000000 -0.999999 -1.000000 -0.913177 -1.000000 -1.000000 -0.999968 -1.000000 -0.998428 -1.000000 -0.999999 -1.000000 -0.972545 -0.999854 -1.000000 -1.000000 -0.999997 -0.999857 -0.981099 -1.000000 
-1.000000 -1.000000 -0.999999 -1.000000 -1.000000 -1.000000 -0.999998 -1.000000 -1.000000 -1.000000 -1.000000 -1.000000 0.999731 -0.999994 -1.000000 -1.000000 -1.000000 -1.000000 -0.999999 -1.000000 -1.000000 -0.999999 -1.000000 -0.999996 -1.000000 -0.999932 
-1.000000 -1.000000 -1.000000 -1.000000 -0.999943 -1.000000 -0.999976 -0.999995 -0.999999 -1.000000 -0.999994 -1.000000 -0.999955 -0.998039 -1.000000 -1.000000 -1.000000 -0.999993 -0.999993 -1.000000 -0.999999 -1.000000 -1.000000 -1.000000 -1.000000 -1.000000 
-0.999992 -0.999933 -0.999965 -0.999693 -0.978710 -0.999998 -1.000000 -0.999999 -0.999999 -1.000000 -0.999997 -1.000000 -1.000000 -1.000000 -1.000000 -0.999991 -1.000000 -0.999998 -1.000000 -1.000000 -0.999993 -1.000000 -1.000000 -1.000000 -0.999909 -1.000000 
-1.000000 -0.999995 -1.000000 -1.000000 -0.990575 -1.000000 -1.000000 -1.000000 -1.000000 -1.000000 -0.998600 -1.000000 -0.999999 -1.000000 -1.000000 -1.000000 -1.000000 -1.000000 -0.999974 -1.000000 -0.999883 -1.000000 -1.000000 -1.000000 -0.999946 -1.000000 
-1.000000 -1.000000 -0.999998 -0.999998 -1.000000 -1.000000 -1.000000 -1.000000 -1.000000 -1.000000 -1.000000 -1.000000 -0.999999 -0.999939 -1.000000 -1.000000 -1.000000 -0.982337 -0.999995 -1.000000 -1.000000 -1.000000 -0.999998 -0.999995 -1.000000 -0.999999 
-1.000000 -0.999997 -1.000000 -1.000000 -1.000000 -0.999998 -1.000000 -0.997130 -0.999998 -0.999691 -1.000000 -1.000000 -0.999999 -0.999761 -1.000000 -0.999786 -1.000000 -0.995995 -1.000000 -0.999995 -1.000000 -0.999996 -0.999967 -1.000000 -1.000000 -1.000000 
-1.000000 -1.000000 -0.999968 -0.999999 -0.998484 -0.999999 -0.999951 -0.999998 -1.000000 -1.000000 -1.000000 -0.999997 -1.000000 -1.000000 -1.000000 -1.000000 -1.000000 -1.000000 -0.999903 -0.999989 -1.000000 -0.999997 -1.000000 -0.999924 -0.999916 -0.999999 
-1.000000 -1.000000 -1.000000 -0.999999 -1.000000 -0.999993 -1.000000 -1.000000 -1.000000 -0.999999 -0.999790 -1.000000 -0.999996 -0.999930 -1.000000 -0.999998 -1.000000 -0.999942 -0.999990 -0.999869 -1.000000 -1.000000 -0.999986 -0.999999 -0.999997 -1.000000 
-0.999999 -1.000000 -1.000000 -1.000000 -1.000000 -1.000000 -0.999238 -1.000000 -0.999999 -1.000000 -1.000000 -1.000000 -1.000000 -1.000000 -0.992167 -1.000000 -1.000000 -0.999997 -0.999986 -0.999986 -0.999969 -1.000000 -0.999985 -1.000000 -1.000000 -1.000000 
-1.000000 -1.000000 -1.000000 -1.000000 -1.000000 -1.000000 -1.000000 -1.000000 -1.000000 -1.000000 -0.999996 -1.000000 1.000000 -1.000000 -0.999999 -0.999997 -1.000000 -1.000000 -1.000000 -1.000000 -1.000000 -1.000000 -1.000000 -0.999999 -1.000000 -0.999912 
-1.000000 -0.999992 -1.000000 -1.000000 -1.000000 -1.000000 -0.999899 -1.000000 -0.999992 -0.999824 -1.000000 -1.000000 -0.999989 -0.998085 -0.993252 -0.999887 -1.000000 -1.000000 -0.999646 -1.000000 0.972533 -1.000000 -1.000000 -1.000000 -0.999999 -1.000000 
-0.999994 -1.000000 -1.000000 -0.999997 -1.000000 -1.000000 -0.999978 -0.999992 -1.000000 -0.999998 -1.000000 -1.000000 -0.999983 -0.999944 -0.998771 -0.999999 -1.000000 -0.999999 -0.999998 -0.999971 -0.996648 -1.000000 -0.999987 -0.999998 -0.999996 -0.998903 
-1.000000 -1.000000 -1.000000 -1.000000 -1.000000 -1.000000 0.991594 -1.000000 -1.000000 -1.000000 -0.999940 -1.000000 -1.000000 -0.999994 -0.999966 -1.000000 -1.000000 -1.000000 -0.999821 -0.999963 -0.999964 -1.000000 -0.999986 -1.000000 -1.000000 -1.000000 
-1.000000 -0.999548 -1.000000 -1.000000 -0.981125 -0.999998 -1.000000 -1.000000 -0.999997 -1.000000 -0.997870 -1.000000 -1.000000 -1.000000 -1.000000 -1.000000 -1.000000 -0.999999 -0.999974 -1.000000 -1.000000 -1.000000 -1.000000 -1.000000 -0.988568 -1.000000 
-1.000000 -0.999998 -1.000000 -0.999999 -1.000000 -1.000000 -0.999473 -0.999996 -1.000000 0.999145 -1.000000 -1.000000 -1.000000 -0.999999 -0.999999 -0.999999 -0.999998 -0.999973 -0.996713 -1.000000 -0.999992 -1.000000 -0.998248 -0.999999 -1.000000 -1.000000 
-0.999997 -1.000000 -1.000000 -1.000000 -1.000000 -1.000000 -0.999868 -1.000000 -0.999999 -1.000000 -1.000000 -0.999999 -0.999978 -0.999999 0.999998 -0.999999 -0.999992 -1.000000 -0.999985 -0.999999 -0.995280 -0.999488 -1.000000 -1.000000 -0.999357 -1.000000 
-1.000000 -1.000000 -1.000000 -1.000000 -0.994752 -1.000000 -1.000000 -0.999998 -1.000000 -1.000000 -1.000000 -1.000000 -0.999978 -0.999763 -1.000000 -1.000000 -1.000000 -0.999994 -0.999836 -0.999999 -1.000000 -1.000000 -1.000000 -0.999990 0.838379 -0.999999 
-1.000000 -1.000000 -1.000000 -1.000000 -1.000000 -0.999846 -0.999999 -0.999998 -1.000000 -0.999999 -0.999966 -1.000000 -1.000000 -0.999968 -1.000000 -0.999999 -1.000000 -0.982611 -0.999927 -1.000000 -1.000000 -1.000000 -0.999945 -1.000000 -0.999972 -0.999998 
-0.999999 -0.998077 -1.000000 -1.000000 -0.978785 -1.000000 -0.958561 -1.000000 -1.000000 -0.999957 -1.000000 -1.000000 -0.997878 -0.999995 -0.999986 -0.999999 -1.000000 -1.000000 -0.741121 -0.999879 -1.000000 -0.999993 -0.999947 -0.999949 -0.999910 -1.000000 
-1.000000 -1.000000 -1.000000 -1.000000 0.999802 -1.000000 -0.999999 -1.000000 -0.999999 -1.000000 -1.000000 -1.000000 -1.000000 -1.000000 -1.000000 -1.000000 -1.000000 -0.999949 -0.999875 -1.000000 -1.000000 -1.000000 -0.999999 -1.000000 -0.999597 -1.000000 
-1.000000 -1.000000 -0.999999 -1.000000 -0.999997 -0.999999 -1.000000 -0.999999 -0.999998 -1.000000 -0.950454 -1.000000 -0.999857 -0.999999 -1.000000 -0.999999 -1.000000 -1.000000 -0.975219 -1.000000 -0.999999 -1.000000 -0.999998 -0.999998 -0.994233 -1.000000 
-0.999992 -0.999998 -1.000000 -0.999922 -0.999998 -1.000000 -0.999996 -1.000000 -1.000000 -0.992832 -1.000000 -1.000000 -0.999463 -1.000000 -0.997071 -0.999999 -1.000000 -1.000000 -0.999835 -0.999937 -0.999999 -0.999999 -0.999999 -0.999924 -0.988782 -1.000000 
-0.999999 -0.999996 -0.999987 -0.999984 -1.000000 -0.999999 -1.000000 -0.999923 -1.000000 0.999769 -1.000000 -1.000000 -0.999966 -1.000000 -0.999998 -0.999953 -1.000000 -0.999999 -0.990097 -0.998362 -1.000000 -0.999999 -0.999969 -0.999537 -1.000000 -1.000000 
-0.999999 -0.999984 -0.999887 -0.999977 -1.000000 -1.000000 -0.999997 -0.999990 -0.999947 -0.999774 -1.000000 -1.000000 -0.999973 -0.999982 -1.000000 -0.997885 -0.999996 -0.999984 -0.994073 -0.999948 -1.000000 -1.000000 -0.999194 -0.999958 -1.000000 -0.999948 
-1.000000 -1.000000 -1.000000 -1.000000 -1.000000 -1.000000 -0.999972 -0.999995 -0.999998 -1.000000 -0.999994 -0.999999 -0.999988 -0.999634 -0.994109 -0.999999 -1.000000 -1.000000 -1.000000 -0.999991 -1.000000 -0.999999 -0.999967 -1.000000 -1.000000 -0.999999 
-1.000000 -1.000000 -0.999971 -0.999998 -0.999992 -1.000000 -0.999996 -1.000000 -1.000000 0.938930 -0.999999 -1.000000 -1.000000 -1.000000 -1.000000 -1.000000 -1.000000 -0.999990 -0.867286 -0.999886 -0.999982 -1.000000 -0.999092 -0.999999 -1.000000 -1.000000 
-0.999939 -0.999995 -0.988338 -0.999958 0.992630 -1.000000 -1.000000 -0.999942 -0.999846 -1.000000 -0.998642 -1.000000 -1.000000 -1.000000 -1.000000 -1.000000 -0.999990 -0.999636 -0.999996 -1.000000 -0.999802 -1.000000 -1.000000 -1.000000 -0.999847 -1.000000 
-1.000000 -0.999999 -1.000000 -1.000000 -0.999996 -0.999982 -1.000000 -0.999413 -0.999999 -0.999999 -0.969132 -1.000000 -0.999982 -1.000000 -1.000000 -1.000000 -1.000000 -0.999987 -0.999673 -0.999999 -0.999999 -0.999999 -1.000000 -1.000000 0.962175 -1.000000 
-0.999999 -1.000000 -1.000000 -1.000000 -0.999999 -1.000000 -0.999951 -0.999999 -0.999999 -1.000000 -0.994571 -1.000000 -1.000000 0.985958 -1.000000 -1.000000 -1.000000 -0.999560 -0.999987 -1.000000 -0.999962 -1.000000 -0.999997 -1.000000 -1.000000 -1.000000 
-1.000000 -0.999986 -0.999999 -1.000000 0.942311 -0.999987 -1.000000 -1.000000 -1.000000 -1.000000 -0.999996 -1.000000 -1.000000 -1.000000 -1.000000 -0.999994 -1.000000 -0.999978 -1.000000 -1.000000 -1.000000 -1.000000 -1.000000 -1.000000 -0.999373 -0.999999 
-0.999998 -0.999999 -0.999996 -0.999999 -0.999351 -0.999997 -0.977163 -1.000000 -1.000000 -0.999978 -1.000000 -1.000000 -0.999948 -1.000000 -1.000000 -1.000000 -1.000000 -1.000000 -0.998504 -0.984035 -1.000000 -1.000000 -1.000000 -0.999998 -0.998964 -1.000000 
-0.999957 -0.999959 -0.999999 -0.999999 0.999240 -1.000000 -1.000000 -1.000000 -0.999998 -1.000000 -0.999663 -1.000000 -1.000000 -1.000000 -1.000000 -1.000000 -1.000000 -0.998756 -0.999893 -1.000000 -1.000000 -0.999999 -0.999999 -1.000000 -0.999799 -1.000000 
-0.999999 -1.000000 -1.000000 -0.999999 -0.999995 -1.000000 -1.000000 -1.000000 -1.000000 -0.998704 -0.999999 -0.999999 -1.000000 -1.000000 -0.999977 -0.999999 -1.000000 -0.999968 -0.999830 -0.929512 -1.000000 -0.999895 -1.000000 -0.999964 -0.999983 -1.000000 
-1.000000 -0.999993 -0.999997 -1.000000 -1.000000 -0.999979 -1.000000 -0.999424 -0.999997 -0.999906 -0.999999 -1.000000 -1.000000 -0.999998 -1.000000 -0.999994 -1.000000 -0.796429 -1.000000 -1.000000 -1.000000 -0.999997 -0.999962 -1.000000 -1.000000 -0.999998 
-1.000000 -0.998848 -0.999947 -0.999999 -0.999964 -1.000000 -0.999784 -0.999999 -0.994973 -0.999859 -0.999994 -1.000000 -1.000000 -1.000000 -0.999912 -0.999601 -0.999999 -0.999999 -0.999966 -1.000000 -1.000000 -0.999715 0.999030 -0.999960 -1.000000 -0.999959 
-1.000000 -0.999970 -0.999999 -1.000000 -1.000000 -1.000000 -0.997727 -1.000000 -0.999999 -0.999999 -0.998598 -1.000000 -0.999998 -0.999999 -1.000000 -0.999983 -1.000000 -1.000000 -0.999996 -1.000000 -0.994604 -1.000000 -1.000000 -1.000000 -1.000000 -0.999999 
-1.000000 -1.000000 -0.999999 -0.999845 -0.999999 -0.999990 -1.000000 -0.999971 -0.999999 -0.954852 -1.000000 -1.000000 -1.000000 -1.000000 -1.000000 -0.999874 -1.000000 -0.982096 -0.999995 -1.000000 -0.986872 -0.999999 -1.000000 -1.000000 -0.999997 -1.000000 
-0.999977 -1.000000 -0.999999 -0.999999 -0.999941 -1.000000 -1.000000 -1.000000 -1.000000 -1.000000 -1.000000 -1.000000 -0.999957 -0.998342 -1.000000 -0.999999 -0.999998 -1.000000 -1.000000 -1.000000 -0.999989 -0.999999 -1.000000 -1.000000 -0.999996 -1.000000 
-1.000000 -1.000000 -1.000000 -1.000000 -0.999996 -1.000000 0.999994 -1.000000 -1.000000 -0.999999 -0.999984 -1.000000 -0.999979 -0.998594 -0.999915 -1.000000 -1.000000 -1.000000 -0.602149 -0.999522 -0.988398 -1.000000 -0.999899 -1.000000 -0.999999 -1.000000 
-1.000000 -1.000000 -1.000000 -1.000000 -1.000000 -1.000000 -1.000000 -1.000000 -1.000000 -0.999996 -1.000000 -0.999965 1.000000 -1.000000 -0.999998 -0.999648 -1.000000 -1.000000 -1.000000 -1.000000 -0.999999 -0.999997 -1.000000 -0.999970 -0.999995 -0.999001 
-1.000000 -1.000000 -0.999999 -1.000000 -0.999997 -1.000000 -0.999938 -0.999998 -0.999978 -0.997621 -1.000000 -1.000000 -0.999999 -0.999718 -1.000000 -1.000000 -0.999999 -0.999998 -0.999183 -1.000000 -1.000000 -1.000000 -0.999661 -0.999994 -0.999999 -0.999918 
-0.999741 -0.999985 -0.999999 -1.000000 -0.999689 -1.000000 -0.999856 -1.000000 -1.000000 -0.991389 -1.000000 -1.000000 -0.999997 -0.999998 -0.999992 -1.000000 -0.999997 -1.000000 0.989013 -0.903278 -0.999771 -0.999996 -0.999995 -0.996545 -1.000000 -1.000000 
-0.999997 -0.999551 -0.999897 -1.000000 -0.999975 -1.000000 -1.000000 -1.000000 -0.998762 -0.999978 -1.000000 -1.000000 -1.000000 -1.000000 -0.995470 -0.999944 -0.999994 -0.995408 -0.994519 -1.000000 -1.000000 -0.999992 0.999997 -1.000000 -1.000000 -0.999999 
-0.999989 0.996195 -1.000000 -0.999993 -0.999992 -1.000000 -0.999463 -1.000000 -1.000000 -0.999989 -0.999948 -1.000000 -0.999958 -1.000000 -0.999999 -0.999981 -1.000000 -0.999999 -0.878779 -1.000000 -0.999997 -1.000000 -0.999951 -1.000000 -1.000000 -1.000000 
-1.000000 -1.000000 -0.999991 -1.000000 0.999880 -1.000000 -0.999972 -1.000000 -1.000000 -1.000000 -1.000000 -1.000000 -0.999999 -1.000000 -1.000000 -1.000000 -0.999999 -0.999999 -0.998815 -1.000000 -1.000000 -1.000000 -0.999986 -1.000000 -0.999950 -1.000000 
-0.999985 -1.000000 -0.999998 -0.999998 -0.998676 -0.999980 -1.000000 -0.999997 -0.999951 -1.000000 -0.996127 -1.000000 -1.000000 -1.000000 -1.000000 -0.999991 -1.000000 -1.000000 -0.999404 -1.000000 -0.998827 -1.000000 -1.000000 -1.000000 -0.986046 -1.000000 
-0.999999 -0.999998 -0.999971 -0.999962 -0.999999 -1.000000 -1.000000 -1.000000 -1.000000 -0.999880 -0.999999 -1.000000 -0.999922 -1.000000 -0.999734 -0.999999 -0.999999 -1.000000 -0.999338 -0.990032 -0.999998 -0.999999 -1.000000 -0.999296 -1.000000 -1.000000 
-0.999996 -0.999927 -0.999972 -0.999998 0.983317 -1.000000 -1.000000 -1.000000 -0.999735 -1.000000 -0.999625 -0.999990 -1.000000 -1.000000 -1.000000 -1.000000 -0.999999 -0.989915 -0.978468 -1.000000 -1.000000 -1.000000 -0.999998 -0.920693 -0.999942 -0.999994 
-1.000000 -0.999995 -1.000000 -1.000000 -1.000000 -0.999999 -0.998472 -0.999999 -0.999987 -0.998171 -0.999998 -1.000000 -0.999777 -0.998568 -0.999868 -0.999854 -1.000000 -1.000000 -0.999998 -0.999978 0.971166 -0.999995 -0.999999 -1.000000 -1.000000 -0.999998 
-0.999986 0.997051 -1.000000 -0.999963 -0.999999 -1.000000 -0.999987 -0.999998 -1.000000 -0.999996 -0.999991 -1.000000 -0.999944 -1.000000 -0.999964 -0.999975 -1.000000 -0.999999 -0.992964 -0.999999 -0.999997 -1.000000 -1.000000 -1.000000 -1.000000 -1.000000 
-1.000000 -1.000000 -0.999999 -1.000000 -0.999805 -1.000000 -0.999888 -0.999998 -0.999999 -0.999932 -0.999962 -1.000000 -0.999998 -0.999987 -1.000000 -1.000000 -1.000000 -1.000000 -0.596984 -1.000000 -1.000000 -1.000000 -0.999995 -0.999931 -1.000000 -0.999996 
-0.999798 -0.999997 -0.999999 -0.999953 -0.985381 -0.999996 -1.000000 -1.000000 -0.999998 -0.999993 -0.999980 -1.000000 -1.000000 -1.000000 -1.000000 -1.000000 -1.000000 -0.999421 -0.998596 -0.999994 -1.000000 -0.999996 -0.999996 -1.000000 -0.999981 -1.000000 
-1.000000 -1.000000 -1.000000 -1.000000 -0.999997 -0.999085 -1.000000 -1.000000 -1.000000 -1.000000 0.990318 -1.000000 -1.000000 -1.000000 -1.000000 -0.999975 -1.000000 -0.999781 -0.999223 -1.000000 -1.000000 -1.000000 -1.000000 -1.000000 -0.928954 -0.999999 
-1.000000 -1.000000 -1.000000 -0.999999 -0.996557 -1.000000 -0.999984 -0.999966 -1.000000 -0.999996 -0.999916 -1.000000 -1.000000 -0.999998 -1.000000 -1.000000 -1.000000 0.957439 -0.999985 -1.000000 -1.000000 -1.000000 -0.999960 -1.000000 -1.000000 -0.999997 
-1.000000 -1.000000 -0.999990 -0.999999 -0.850060 -0.999996 -0.999999 -0.999987 -0.999950 -1.000000 -1.000000 -1.000000 -1.000000 -1.000000 -1.000000 -1.000000 -0.999997 -1.000000 -0.915358 -0.999983 -1.000000 -1.000000 -1.000000 -0.999987 -0.999977 -1.000000 
-1.000000 -1.000000 -0.999996 -1.000000 -1.000000 -1.000000 -0.999568 -0.999999 -0.999996 -0.999501 -0.999996 -1.000000 -1.000000 -0.999686 -1.000000 -1.000000 -1.000000 -0.995699 -0.983876 -0.999999 -1.000000 -0.999999 -0.991229 -0.999851 -1.000000 -0.999997 
-0.999995 -1.000000 -1.000000 -0.999996 -0.999998 -1.000000 -0.997020 -1.000000 -0.999999 -0.996548 -1.000000 -1.000000 -0.999999 -0.999975 -0.999900 -1.000000 -0.999972 -0.997523 0.307982 -0.698708 -0.999967 -0.999940 -0.999998 -0.995124 -1.000000 -1.000000 
-0.999999 -0.999998 -0.999997 -1.000000 -0.999891 -1.000000 -0.999978 -1.000000 -0.999760 -1.000000 -0.994325 -0.999998 -0.999997 -1.000000 -0.999766 -0.999995 -1.000000 -0.999997 0.626965 -1.000000 -0.996857 -0.983582 -1.000000 -0.999839 -1.000000 -1.000000 
-1.000000 -1.000000 -1.000000 -0.999998 -0.999997 -1.000000 -1.000000 -0.999985 -1.000000 -0.999997 -0.999994 -1.000000 -0.956023 -0.999997 -1.000000 -1.000000 -1.000000 -0.996118 -0.997422 -1.000000 -1.000000 -1.000000 -1.000000 -0.999981 -0.953057 -0.999978 
-0.999965 -1.000000 -1.000000 -0.999989 -1.000000 -0.999973 -1.000000 -1.000000 -1.000000 -0.999859 -0.999999 -1.000000 -0.999651 -0.999958 -0.999994 -0.999998 -1.000000 -0.999988 -0.990922 0.987570 -1.000000 -0.999980 -1.000000 -0.999994 -0.998988 -1.000000 
-0.999948 -0.999881 -0.999999 -0.999999 0.982747 -1.000000 -0.999993 -1.000000 -1.000000 -1.000000 -0.999075 -1.000000 -1.000000 -1.000000 -1.000000 -1.000000 -1.000000 -1.000000 -0.929488 -1.000000 -0.999997 -1.000000 -0.999999 -1.000000 -0.999978 -1.000000 
-1.000000 -0.999951 -0.999911 -0.999892 -0.974012 -1.000000 -0.999999 -1.000000 -1.000000 -1.000000 -0.999990 -0.999995 -1.000000 -1.000000 -1.000000 -1.000000 -1.000000 -1.000000 -0.997464 -1.000000 -1.000000 -0.999999 -0.999998 -0.999995 -0.999999 -1.000000 
-1.000000 -1.000000 -1.000000 -1.000000 -1.000000 -0.999999 -0.999861 -1.000000 -1.000000 -1.000000 -0.999991 -1.000000 -0.999998 0.997899 -1.000000 -0.999999 -0.999998 -0.987016 -0.995450 -0.999991 -0.999994 -0.999997 -0.999874 -1.000000 -0.999995 -1.000000 
-0.999993 -0.999994 -0.999980 -0.999977 -1.000000 -1.000000 -0.999972 -0.999998 -0.999998 -0.980010 -1.000000 -1.000000 -0.999965 -1.000000 -0.997380 -1.000000 -0.999999 -0.999997 0.610824 -0.985985 -0.999993 -0.999998 -0.998180 -0.999323 -1.000000 -1.000000 
-0.999915 -0.999997 -1.000000 -1.000000 -1.000000 -1.000000 -0.999762 -0.999992 -0.999968 -1.000000 -1.000000 -0.999995 -0.999987 -0.999999 0.782638 -0.999993 -1.000000 -0.999975 -1.000000 -1.000000 -0.932196 -1.000000 -1.000000 -0.999993 -1.000000 -0.999996 
-1.000000 -0.999999 -0.999999 -1.000000 -1.000000 -1.000000 0.999893 -1.000000 -1.000000 -1.000000 -0.999997 -0.999994 -0.999992 -0.996319 -0.999996 -1.000000 -1.000000 -1.000000 -0.986153 -1.000000 -0.999818 -1.000000 -0.999999 -1.000000 -1.000000 -0.999965 
-0.999999 -1.000000 -0.999993 -0.999944 -0.999983 -1.000000 -1.000000 -0.999399 -0.999999 -0.999992 -1.000000 -1.000000 -1.000000 -1.000000 -1.000000 -1.000000 -1.000000 -0.954138 -1.000000 -1.000000 -1.000000 -1.000000 -1.000000 -1.000000 -1.000000 -1.000000 
-0.999999 -0.999995 -1.000000 -1.000000 -1.000000 -0.987190 -1.000000 -0.999997 -1.000000 -1.000000 0.996642 -1.000000 -0.999999 -0.997212 -1.000000 -0.999992 -1.000000 -0.990957 -0.997016 -1.000000 -0.999997 -0.999991 -1.000000 -1.000000 -0.999941 -1.000000 
-1.000000 -0.999993 -1.000000 -1.000000 -1.000000 -0.999999 -1.000000 -1.000000 -1.000000 -0.999796 -0.999999 -1.000000 -1.000000 -1.000000 -0.998582 -0.999612 -1.000000 -1.000000 -0.999901 -1.000000 -1.000000 -0.999998 0.988764 -1.000000 -1.000000 -1.000000 
-1.000000 -1.000000 -1.000000 -1.000000 -1.000000 -1.000000 -0.999980 -1.000000 -1.000000 -1.000000 -0.999989 -1.000000 -0.994808 -0.963456 -1.000000 -1.000000 -1.000000 -1.000000 -0.999997 -1.000000 -0.999990 -1.000000 -1.000000 -1.000000 -1.000000 -1.000000 
-0.999540 -0.999932 -0.999999 -0.999999 0.979482 -1.000000 -0.999992 -0.999999 -1.000000 -1.000000 -0.997467 -1.000000 -1.000000 -1.000000 -1.000000 -1.000000 -1.000000 -1.000000 -0.998633 -1.000000 -0.999998 -1.000000 -1.000000 -1.000000 -0.999974 -1.000000 
-0.999994 -0.995717 -0.999948 -0.999952 0.989176 -1.000000 -1.000000 -0.999998 -1.000000 -1.000000 -0.999987 -1.000000 -1.000000 -1.000000 -1.000000 -1.000000 -1.000000 -0.999998 -0.999955 -0.999990 -0.999996 -0.999999 -1.000000 -1.000000 -0.999935 -1.000000 
-1.000000 -1.000000 -1.000000 -1.000000 -1.000000 -1.000000 -0.999915 -1.000000 -0.999991 -1.000000 -0.999995 -1.000000 -0.999997 -1.000000 -0.999559 -1.000000 -1.000000 -0.982044 -1.000000 -1.000000 0.959786 -1.000000 -1.000000 -1.000000 -0.999999 -0.999987 
-1.000000 -0.999998 -1.000000 -1.000000 -0.999867 -1.000000 -0.999994 -0.999992 -1.000000 -0.999878 -1.000000 -0.999992 -1.000000 -1.000000 -0.999999 -1.000000 -1.000000 -1.000000 -0.999961 -0.999830 -1.000000 -0.999882 -0.999992 -0.999743 -0.993382 -1.000000 
-1.000000 -1.000000 -0.999999 -1.000000 -1.000000 -1.000000 -0.999425 -0.999997 -0.999999 -1.000000 -0.999987 -1.000000 -0.999969 -0.989296 -1.000000 -0.999998 -1.000000 -1.000000 -0.999995 -1.000000 -1.000000 -1.000000 -0.999999 -0.999996 -1.000000 -0.999953 
-1.000000 -1.000000 -0.999997 -0.999998 -0.999948 -1.000000 -0.999995 -0.999968 -1.000000 -0.999984 -1.000000 -1.000000 -0.999995 -1.000000 -0.999999 -1.000000 -1.000000 -1.000000 -1.000000 -1.000000 -0.979468 -0.999999 -1.000000 -1.000000 -0.999998 -0.999991 
-0.999999 -1.000000 -1.000000 -0.999986 -0.999993 -0.999998 -0.999999 -0.999997 -1.000000 -1.000000 -0.999998 -1.000000 -0.999995 -1.000000 -1.000000 -1.000000 -1.000000 -0.999997 -1.000000 -1.000000 -0.999785 -1.000000 -1.000000 -1.000000 -0.999952 -1.000000 
-1.000000 -1.000000 -0.999997 -0.999999 -0.990857 -1.000000 -0.999981 -1.000000 -1.000000 -0.999827 -1.000000 -1.000000 -0.999999 -1.000000 -1.000000 -1.000000 -0.999998 -1.000000 -0.995313 -0.999996 -1.000000 -0.999999 -1.000000 -1.000000 -0.999912 -1.000000 
-1.000000 -1.000000 -1.000000 -1.000000 -1.000000 -0.999999 -1.000000 -0.999792 -0.999998 -1.000000 0.996894 -1.000000 -1.000000 -0.999449 -1.000000 -0.999984 -1.000000 -0.995026 -0.999941 -1.000000 -1.000000 -1.000000 -1.000000 -1.000000 -0.999961 -1.000000 
-1.000000 -1.000000 -0.999993 -1.000000 -1.000000 -1.000000 -0.999787 -0.999999 -0.999997 -0.999896 -0.999995 -1.000000 -1.000000 -0.999747 -1.000000 -1.000000 -1.000000 -0.995870 -0.999761 -1.000000 -1.000000 -0.999999 -0.991028 -0.999948 -1.000000 -0.999997 
-1.000000 -1.000000 -1.000000 -1.000000 -0.999994 -0.999987 -1.000000 -0.999989 -1.000000 -1.000000 -0.999998 -1.000000 -0.999827 -0.999951 -1.000000 -1.000000 -1.000000 -0.999992 -0.999401 -0.999999 -0.999998 -1.000000 -1.000000 -0.999998 0.999168 -0.999999 
-1.000000 -1.000000 -1.000000 -1.000000 -1.000000 -0.998542 -1.000000 -0.987716 -1.000000 -1.000000 -0.999999 -1.000000 -0.999960 -1.000000 -1.000000 -0.999993 -1.000000 -0.996915 -0.999998 -1.000000 -1.000000 -1.000000 -1.000000 -1.000000 0.985599 -0.999999 
-1.000000 -1.000000 -1.000000 -0.999992 -0.999978 -1.000000 -1.000000 -0.999986 -1.000000 -1.000000 -0.998208 -1.000000 -1.000000 -1.000000 -1.000000 -1.000000 -1.000000 0.998196 -1.000000 -1.000000 -1.000000 -1.000000 -1.000000 -1.000000 -1.000000 -1.000000 
-0.999997 -1.000000 -1.000000 -1.000000 -1.000000 -1.000000 -0.999393 -1.000000 -1.000000 -1.000000 -0.999895 -1.000000 -0.999930 -0.993227 0.998690 -1.000000 -0.999878 -0.999999 -0.999110 -0.999999 -0.998869 -0.999992 -0.999999 -1.000000 -0.999998 -1.000000 
-0.999997 0.983765 -0.999997 -1.000000 -1.000000 -1.000000 -1.000000 -0.999987 -0.999949 -0.999973 -0.998790 -1.000000 -0.999993 -0.999991 -1.000000 -0.999170 -0.999999 -0.999995 -0.999921 -1.000000 -0.975171 -0.999990 -0.999976 -1.000000 -0.999999 -0.999684 
-1.000000 -1.000000 -0.999999 -1.000000 -0.999999 -1.000000 -0.999999 -0.999999 -1.000000 -0.999998 -0.998716 -1.000000 -0.999999 -0.997128 -1.000000 -1.000000 -1.000000 -0.985905 -0.999638 -0.999973 -1.000000 -1.000000 -0.999932 -0.999990 -1.000000 -1.000000 
-1.000000 -1.000000 -1.000000 -1.000000 -1.000000 -1.000000 -0.999999 -0.999999 -0.999902 -1.000000 -0.999999 -0.999998 -0.999920 -0.999910 -0.996626 -1.000000 -0.999999 -1.000000 -1.000000 -1.000000 -1.000000 -0.999997 -0.999996 -1.000000 -1.000000 -0.999947 
-1.000000 -0.975976 -0.999965 -1.000000 -0.999992 -0.999997 -0.997595 -0.999994 -0.998931 -0.999986 -0.999960 -1.000000 -1.000000 -1.000000 -0.999635 -0.999109 -0.999999 -0.999991 -0.999960 -1.000000 -1.000000 -0.999926 0.999666 -0.999990 -1.000000 -0.998790 
-0.999978 -1.000000 -0.999995 -1.000000 -0.999165 -1.000000 0.996005 -1.000000 -1.000000 -1.000000 -1.000000 -0.999999 -0.999999 -1.000000 -0.998859 -1.000000 -1.000000 -1.000000 -1.000000 -1.000000 -1.000000 -1.000000 -0.999994 -1.000000 -1.000000 -0.999924 
-1.000000 -1.000000 -1.000000 -1.000000 -1.000000 -1.000000 -0.999998 -1.000000 -0.999997 -1.000000 -0.999994 -0.999899 0.993666 -0.999638 -0.999997 -0.997372 -1.000000 -1.000000 -0.999998 -1.000000 -1.000000 -0.999996 -1.000000 -1.000000 -0.997529 -0.999842 
-0.999966 -1.000000 -0.999998 -0.999994 -0.999727 -1.000000 -0.999995 -1.000000 -1.000000 -0.999783 -0.997453 -1.000000 -1.000000 -1.000000 -1.000000 -0.999999 -1.000000 -0.999992 -0.999713 -0.999999 -1.000000 -1.000000 -1.000000 -1.000000 -0.999994 -1.000000 
-1.000000 -1.000000 -1.000000 -1.000000 -0.999999 -0.999999 -1.000000 -1.000000 -1.000000 -1.000000 -0.999680 -0.999999 -0.999925 -1.000000 -1.000000 -0.999848 -1.000000 -0.999996 -0.999972 -0.999567 -1.000000 -1.000000 -1.000000 -0.999998 -0.999843 -1.000000 
-0.999952 0.999881 -0.999998 -1.000000 -0.999999 -1.000000 -0.999998 -1.000000 -0.999985 -0.999992 -0.999998 -1.000000 -0.999883 -1.000000 -0.999991 -1.000000 -1.000000 -0.999759 -0.947524 -1.000000 -1.000000 -1.000000 -0.999812 -0.999986 -1.000000 -0.999998 
-0.999835 -0.999965 -1.000000 -1.000000 -0.999956 -1.000000 -0.999876 -1.000000 -1.000000 -1.000000 -0.976856 -1.000000 -0.999999 -0.998688 -1.000000 -1.000000 -1.000000 -0.999974 0.999823 -0.999853 -0.999999 -1.000000 -0.999959 -0.999999 -0.999569 -1.000000 
-0.999996 -1.000000 -0.999839 -0.999954 -0.999988 -1.000000 -1.000000 -0.987178 -0.999995 -0.999886 -0.999990 -1.000000 -1.000000 -1.000000 -1.000000 -0.999998 -1.000000 -0.922031 -1.000000 -1.000000 -1.000000 -0.999993 -1.000000 -1.000000 -0.999997 -1.000000 
-1.000000 0.934967 -0.999999 -1.000000 -0.999967 -1.000000 -1.000000 -1.000000 -0.999982 -1.000000 -1.000000 -1.000000 -0.998663 -1.000000 -0.999995 -0.999897 -1.000000 -1.000000 -0.993141 -0.999859 -1.000000 -0.999979 -0.995359 -0.999998 -1.000000 -1.000000 
-1.000000 -1.000000 -0.999458 -0.999994 -1.000000 -1.000000 -0.999999 -0.999999 -0.999999 -0.999730 -1.000000 -1.000000 -0.999996 -0.994564 -1.000000 -1.000000 -0.999829 -0.999051 -0.999997 -1.000000 -1.000000 -0.999999 -0.999844 -0.999895 -1.000000 -0.999766 
-0.999998 -0.999996 -1.000000 -1.000000 -1.000000 -1.000000 -1.000000 -1.000000 -1.000000 -0.999995 -0.999999 -0.999999 -1.000000 -1.000000 -0.841714 -0.999982 -1.000000 -1.000000 -0.999989 -1.000000 -0.900526 -0.999853 -1.000000 -0.999998 -0.999998 -1.000000 
-0.999979 -0.999974 -0.999997 -0.999998 -0.994113 -1.000000 -0.978975 -1.000000 -0.999995 -0.991360 -1.000000 -1.000000 -0.999998 -1.000000 -0.999996 -1.000000 -0.999998 -0.999970 0.999337 -0.974027 -0.999968 -0.999945 -0.999939 -0.995021 -0.999999 -1.000000 
-0.999999 0.983080 -0.999980 -1.000000 -0.999995 -0.999990 -1.000000 -0.999993 -1.000000 -1.000000 -0.999992 -0.999996 -0.999999 -0.999966 -1.000000 -0.999984 -0.999999 -0.999999 -0.999502 -1.000000 -0.999966 -0.999966 -0.999996 -1.000000 -0.999843 -0.999995 
-0.999998 0.983968 -1.000000 -0.999987 -0.999996 -1.000000 -0.997221 -0.999998 -1.000000 -1.000000 -0.999994 -1.000000 -0.999828 -1.000000 -0.999997 -0.999958 -1.000000 -1.000000 -0.998036 -1.000000 -0.999999 -1.000000 -0.999998 -1.000000 -0.999999 -1.000000 
-0.999997 -0.999997 -1.000000 -1.000000 -1.000000 -0.999995 -0.984728 -1.000000 -1.000000 -1.000000 -0.999549 -1.000000 -0.999955 -0.999546 -0.994379 -0.999994 -0.999998 -1.000000 -1.000000 -0.999997 0.996965 -0.999868 -1.000000 -1.000000 -0.999987 -0.999999 
-1.000000 -1.000000 -1.000000 -0.999999 -0.999978 -1.000000 -0.999903 -0.999922 -1.000000 -1.000000 -0.999987 -1.000000 -1.000000 -0.999998 -1.000000 -1.000000 -1.000000 0.932199 -1.000000 -0.999998 -1.000000 -1.000000 -0.999914 -1.000000 -1.000000 -1.000000 
-0.999994 -1.000000 -0.999958 -0.999790 -0.999999 -1.000000 -1.000000 -0.999993 -0.999999 -0.999999 -0.999999 -1.000000 -0.999992 -1.000000 -0.999902 -0.999943 -1.000000 -1.000000 -0.999982 -0.915432 -0.999991 -0.999998 -1.000000 -0.999903 -0.999605 -1.000000 
-0.999999 -0.999996 -0.999999 -0.999963 -1.000000 -1.000000 -1.000000 -0.999957 -0.999999 -1.000000 -0.999833 -1.000000 -0.999967 -0.999999 -1.000000 -0.999999 -1.000000 0.999432 -0.999986 -1.000000 -1.000000 -0.999999 -1.000000 -1.000000 -1.000000 -1.000000 
-1.000000 -0.999997 -1.000000 -1.000000 -0.999990 -1.000000 0.989467 -1.000000 -1.000000 -1.000000 -0.999999 -0.999998 -0.999958 -0.999992 -0.999936 -1.000000 -1.000000 -1.000000 -0.999428 -0.999999 -0.999921 -1.000000 -1.000000 -0.999999 -1.000000 -1.000000 
-0.999992 -1.000000 -1.000000 -1.000000 -1.000000 -1.000000 -0.997118 -1.000000 -1.000000 -0.999999 -0.999995 -1.000000 -0.999999 -0.999938 0.992198 -0.999997 -1.000000 -0.999924 -1.000000 -0.999999 -0.999988 -1.000000 -0.999993 -1.000000 -1.000000 -1.000000 
-1.000000 -1.000000 -1.000000 -1.000000 -0.999987 -1.000000 -1.000000 -0.999982 -0.999987 -1.000000 0.950355 -1.000000 -1.000000 -0.999996 -1.000000 -0.999993 -1.000000 -0.955809 -0.999999 -1.000000 -1.000000 -1.000000 -1.000000 -0.999999 -0.999666 -0.999999 
-1.000000 -1.000000 -0.999527 -1.000000 -0.999944 -1.000000 -0.999997 -0.999997 -1.000000 -1.000000 -0.985103 -1.000000 -1.000000 -1.000000 -1.000000 -0.999999 -1.000000 -0.999911 -1.000000 -1.000000 -0.999808 -1.000000 -1.000000 -1.000000 -0.999995 -1.000000 
-0.999999 -0.999869 -0.999982 -0.999947 -1.000000 -1.000000 -0.999999 -0.999951 -1.000000 -0.930867 -1.000000 -1.000000 -1.000000 -1.000000 -1.000000 -0.999976 -1.000000 -0.999597 -0.999998 -0.999999 -0.999993 -1.000000 -1.000000 -1.000000 -1.000000 -1.000000 
-0.999932 -0.999947 -0.999989 -0.999965 -0.999102 -1.000000 -1.000000 -0.999999 -1.000000 -0.999979 -0.999999 -1.000000 -1.000000 -1.000000 -1.000000 -0.999997 -1.000000 -0.995101 -0.999744 -1.000000 -1.000000 -0.999999 -1.000000 -1.000000 -0.999996 -1.000000 
-1.000000 -0.999999 -1.000000 -1.000000 -0.999999 -1.000000 -0.790512 -1.000000 -0.999994 -1.000000 -0.999995 -0.999992 -0.999998 -0.999996 -0.933150 -1.000000 -0.999996 -1.000000 -0.999441 -0.999961 -0.957176 -0.999999 -1.000000 -1.000000 -1.000000 -1.000000 
-0.999974 -1.000000 -0.999998 -0.999925 -1.000000 -1.000000 -1.000000 -0.999696 -1.000000 0.992902 -1.000000 -1.000000 -1.000000 -1.000000 -0.999992 -1.000000 -0.999925 -1.000000 -0.988156 -0.999366 -0.999998 -0.999991 -0.999945 -0.880429 -1.000000 -1.000000 
-1.000000 -1.000000 -0.999999 -1.000000 -0.999759 -1.000000 -1.000000 -1.000000 -0.999999 -1.000000 -0.999114 -1.000000 -1.000000 -0.999988 -1.000000 -1.000000 -1.000000 -0.983907 -0.999999 -1.000000 -1.000000 -1.000000 -1.000000 -1.000000 -0.999910 -1.000000 
-0.999981 -0.999998 -0.999970 -1.000000 -1.000000 -1.000000 -0.999990 -1.000000 -1.000000 -1.000000 -1.000000 -0.999997 -0.999905 0.994474 -0.999989 -0.999956 -1.000000 -1.000000 -0.999998 -0.999996 -0.999978 -0.999882 -0.997202 -1.000000 -1.000000 -0.999729 
-0.999999 -0.999999 -1.000000 -1.000000 -0.999979 -1.000000 -0.990087 -1.000000 -1.000000 -1.000000 -0.999928 -1.000000 -0.999994 -0.998068 -0.989440 -0.999997 -0.999997 -0.999993 -0.999993 -0.999999 -1.000000 -0.999980 -0.999979 -1.000000 -1.000000 -1.000000 
-0.999992 -1.000000 -0.999996 -0.999974 -0.991771 -0.999999 -1.000000 -0.999999 -0.999999 -1.000000 -0.999991 -1.000000 -1.000000 -1.000000 -1.000000 -1.000000 -1.000000 0.993760 -0.999992 -1.000000 -1.000000 -1.000000 -0.999930 -1.000000 -1.000000 -1.000000 
-0.999987 -0.999996 -1.000000 -0.999992 -1.000000 -1.000000 -0.999964 -1.000000 -0.999999 -1.000000 -0.999918 -0.999973 -1.000000 -0.999987 0.966406 -0.998631 -1.000000 -1.000000 -0.999823 -0.999942 -0.999432 -0.998777 -1.000000 -1.000000 -1.000000 -0.999987 
-0.999999 -1.000000 -0.999963 -0.999999 -0.977743 -0.999993 -1.000000 -0.999998 -1.000000 -1.000000 -0.996630 -1.000000 -1.000000 -1.000000 -1.000000 -1.000000 -1.000000 -0.999998 -0.999994 -1.000000 -1.000000 -1.000000 -1.000000 -1.000000 -0.989084 -1.000000 
-1.000000 -1.000000 -1.000000 -1.000000 -0.999999 -1.000000 0.910603 -1.000000 -1.000000 -1.000000 -1.000000 -0.999994 -0.999963 -0.999994 -0.998373 -0.999998 -1.000000 -1.000000 -0.999844 -0.999996 -0.995706 -0.999985 -1.000000 -1.000000 -1.000000 -0.999998 
-1.000000 -1.000000 -1.000000 -1.000000 -1.000000 -0.999966 -0.994133 -1.000000 -0.999779 -1.000000 -1.000000 -0.999973 -0.992588 0.999966 -0.999997 -0.999898 -0.999998 -0.999990 -0.997937 -0.999990 -0.999960 -0.999994 -0.998455 -1.000000 -0.999996 -0.999468 
-1.000000 -1.000000 -1.000000 -1.000000 -1.000000 -1.000000 -0.999964 -1.000000 -0.999935 -0.999982 -0.999999 -1.000000 -0.999983 -0.999958 -0.999893 -0.999997 -1.000000 -0.999999 -0.999702 -1.000000 0.970389 -1.000000 -1.000000 -1.000000 -1.000000 -1.000000 
-1.000000 -1.000000 -0.999809 -0.999998 -0.999830 -1.000000 -1.000000 -1.000000 -0.999999 -1.000000 -0.995391 -1.000000 -1.000000 -1.000000 -1.000000 -1.000000 -1.000000 -1.000000 -0.999999 -1.000000 -0.999996 -0.999999 -1.000000 -0.999998 -0.999984 -0.999996 
-0.999998 0.978366 -0.999998 -1.000000 -0.997585 -1.000000 -0.999954 -1.000000 -0.999998 -0.999920 -0.999987 -1.000000 -0.999998 -1.000000 -1.000000 -1.000000 -1.000000 -0.999992 -0.574422 -1.000000 -1.000000 -1.000000 -0.999784 -0.999960 -1.000000 -1.000000 
-1.000000 -1.000000 -1.000000 -0.999938 -1.000000 -0.999991 -0.999993 -0.999995 -0.999999 -1.000000 -0.999999 -1.000000 -0.971670 -0.999999 -1.000000 -0.999989 -0.999998 -1.000000 -0.999251 -1.000000 -0.999994 -1.000000 -1.000000 -1.000000 -0.999972 -0.999988 
-1.000000 -1.000000 -0.999999 -0.999981 -1.000000 -1.000000 -1.000000 -0.999980 -1.000000 0.998072 -1.000000 -1.000000 -1.000000 -1.000000 -1.000000 -0.999994 -0.999935 -0.999883 -0.999999 -0.998847 -1.000000 -0.999807 -0.999998 -0.999998 -0.999941 -1.000000 
-1.000000 -0.999970 -0.999999 -1.000000 -1.000000 -0.999999 -0.999848 -1.000000 -0.999999 -1.000000 -0.999978 -1.000000 0.982922 -1.000000 -1.000000 -0.999565 -1.000000 -1.000000 -1.000000 -1.000000 -0.999894 -1.000000 -1.000000 -1.000000 -1.000000 -0.998491 
-0.999993 -1.000000 -0.999995 -0.999999 -1.000000 -0.996740 -1.000000 -0.999999 -0.999964 -0.999942 -0.999998 -1.000000 -1.000000 -0.998983 -0.999541 -0.999953 -1.000000 0.999831 -0.999974 -0.999948 -1.000000 -0.999951 -0.999481 -1.000000 -1.000000 -1.000000 
-0.999912 -0.999998 -0.999996 -0.999999 -0.999983 -0.999513 -1.000000 -0.999990 -0.999999 -1.000000 -0.999954 -0.999998 -0.999999 -1.000000 -0.999989 -0.999999 -1.000000 -0.999998 -0.997886 -0.988571 -1.000000 -0.999974 -1.000000 -0.999992 0.998487 -0.999998 
-1.000000 -1.000000 -0.999998 -1.000000 -1.000000 -1.000000 0.999872 -0.999999 -0.999976 -1.000000 -1.000000 -0.999946 -1.000000 -0.999951 -0.997921 -1.000000 -1.000000 -0.999994 -0.999974 -0.999992 -0.999924 -0.999945 -0.999999 -0.999996 -0.999998 -0.999966 
-0.999999 -0.999991 -1.000000 -1.000000 -1.000000 -1.000000 -0.999999 -1.000000 -0.999999 -1.000000 -0.999998 -1.000000 -0.999977 -0.999644 -0.999559 -0.999993 -0.999999 -0.999994 -1.000000 -1.000000 0.982824 -0.999532 -1.000000 -1.000000 -0.999978 -0.999998 
-0.999965 -0.980532 -0.999381 -0.999995 -0.999961 -0.999126 -1.000000 -0.999849 -0.999819 -1.000000 -0.999985 -1.000000 -0.999789 -1.000000 -1.000000 -0.999858 -1.000000 0.998057 -0.992491 -0.999870 -1.000000 -0.999998 -0.999999 -0.999732 -1.000000 -0.999551 
-1.000000 -0.999986 -1.000000 -1.000000 -1.000000 -1.000000 -0.998825 -0.999993 -0.999998 -0.999963 -0.999858 -1.000000 -1.000000 -0.999960 -1.000000 -0.999997 -1.000000 -0.999999 -0.999998 -1.000000 -0.999056 -1.000000 -0.999999 -1.000000 -1.000000 -0.999999 
-1.000000 -0.999998 -0.999999 -0.999980 -1.000000 -0.999999 -0.999999 -0.999912 -0.999998 -0.999787 -1.000000 -1.000000 -1.000000 -0.999999 -1.000000 -0.999981 -1.000000 -0.994847 -0.999999 -0.999843 -0.999999 -1.000000 -0.999289 -1.000000 -1.000000 -1.000000 
-0.999999 -1.000000 -0.999999 -1.000000 -1.000000 -1.000000 -0.999998 -0.999999 -1.000000 -1.000000 -0.999982 -0.999998 -0.995232 -0.997117 -1.000000 -1.000000 -1.000000 -1.000000 -1.000000 -1.000000 -1.000000 -0.999996 -0.999864 -1.000000 -1.000000 -0.999485 
-1.000000 -0.999998 -0.999999 -1.000000 -1.000000 -1.000000 -0.999999 -1.000000 -0.999995 -1.000000 -1.000000 -0.999999 -1.000000 -0.999992 -0.979882 -0.999990 -1.000000 -1.000000 -0.999999 -0.999998 -0.999951 -0.999941 -1.000000 -0.999999 -1.000000 -0.999999 
-1.000000 -0.999998 -0.999796 -1.000000 -1.000000 -0.992575 -0.999984 -0.999995 -0.999560 -1.000000 0.999842 -1.000000 -1.000000 -0.999976 -1.000000 -0.990005 -1.000000 -0.999833 -0.981211 -1.000000 -0.999997 -1.000000 -0.999994 -1.000000 -0.999987 -0.999990 
-1.000000 -0.999963 -1.000000 -1.000000 -0.999995 -1.000000 -1.000000 -1.000000 -0.999869 -1.000000 -0.998243 -1.000000 -0.999997 -0.999999 -0.999978 -1.000000 -1.000000 -0.999996 -0.519408 -1.000000 -0.997097 -0.999989 -1.000000 -0.999992 -1.000000 -1.000000 
-0.999998 -0.999998 -0.999999 -0.999995 -1.000000 -1.000000 -0.999999 -0.999993 -0.999997 0.999972 -1.000000 -1.000000 -0.999989 -1.000000 -0.999996 -1.000000 -0.999993 -0.999999 -0.987885 -0.999998 -0.999999 -1.000000 -0.999995 -0.995935 -1.000000 -1.000000 
-0.999988 -0.999990 -0.999997 -1.000000 -0.999917 -1.000000 -0.999978 -1.000000 -1.000000 -0.999992 -0.999841 -1.000000 -1.000000 -1.000000 -1.000000 -1.000000 -1.000000 -0.999994 -0.996244 -1.000000 -1.000000 -1.000000 -0.999969 -0.999991 -1.000000 -1.000000 
-1.000000 -1.000000 -1.000000 -1.000000 -1.000000 -0.999999 -1.000000 -0.999998 -1.000000 -1.000000 -0.999466 -1.000000 -0.999998 -0.999999 -1.000000 -1.000000 -1.000000 -0.998443 -0.999603 -0.999993 -1.000000 -1.000000 -0.999999 -1.000000 -0.999645 -1.000000 
-1.000000 -1.000000 -1.000000 -1.000000 -1.000000 -1.000000 -0.999998 -1.000000 -1.000000 -1.000000 -1.000000 -0.999906 -0.999987 -0.999961 0.970760 -1.000000 -1.000000 -1.000000 -0.999993 -0.999993 -0.999999 -0.999977 -1.000000 -0.999999 -1.000000 -1.000000 
-0.999991 -1.000000 -0.999902 -0.999985 -0.999998 -1.000000 -1.000000 -1.000000 -0.999998 -1.000000 -0.999918 -1.000000 -0.999999 -1.000000 -0.999998 -0.999982 -1.000000 -0.999998 -0.999483 -1.000000 -0.999991 -0.999998 -1.000000 -1.000000 -0.999985 -0.999996 
-0.999989 -0.999916 -1.000000 -0.999997 -0.999975 -1.000000 -0.999997 -1.000000 -1.000000 -0.999536 -0.993859 -1.000000 -1.000000 -0.999999 -0.999988 -1.000000 -1.000000 -0.999914 0.999832 -1.000000 -0.999967 -0.999995 -0.999998 -0.999999 -0.996980 -1.000000 
-0.999998 -1.000000 -1.000000 -1.000000 -1.000000 -1.000000 -0.999951 -1.000000 -0.999999 -1.000000 -1.000000 -0.999998 -0.999968 0.999341 -0.999994 -1.000000 -0.999998 -0.993880 -0.999977 -0.997047 -0.999999 -0.999995 -0.999962 -1.000000 -1.000000 -1.000000 
-0.999988 -0.999728 -0.999995 -1.000000 0.954899 -1.000000 -1.000000 -1.000000 -0.999999 -1.000000 -0.998497 -1.000000 -1.000000 -1.000000 -1.000000 -1.000000 -1.000000 -1.000000 -0.995378 -1.000000 -0.999999 -1.000000 -1.000000 -1.000000 -0.999986 -1.000000 
-0.999996 -1.000000 -0.999999 -0.999987 -1.000000 -0.999806 -1.000000 -0.999999 -1.000000 -0.993825 -1.000000 -1.000000 -0.999923 -1.000000 -0.999159 -0.999994 -0.999891 -1.000000 -0.999937 -0.991800 -0.999999 -0.999686 -1.000000 -0.999984 -0.999985 -1.000000 
-0.999996 -1.000000 -0.999998 -0.999995 -0.999996 -0.999970 -1.000000 -0.999999 -0.999981 -1.000000 0.934222 -1.000000 -0.999888 -0.999995 -1.000000 -0.999995 -1.000000 -0.967462 -0.998866 -1.000000 -1.000000 -1.000000 -1.000000 -1.000000 -0.999998 -0.999998 
-1.000000 -1.000000 -1.000000 -1.000000 -0.999833 -1.000000 -1.000000 -0.999999 -1.000000 -1.000000 -0.999515 -1.000000 -0.995750 -1.000000 -1.000000 -1.000000 -1.000000 -0.999905 -0.999702 -1.000000 -1.000000 -1.000000 -1.000000 -0.999999 -0.997486 -0.999998 
-1.000000 -0.999997 -1.000000 -0.999952 -1.000000 -1.000000 0.947286 -1.000000 -1.000000 -1.000000 -0.999998 -1.000000 -0.999771 -0.999728 -0.999963 -0.999999 -0.999997 -1.000000 -0.996443 -0.999825 -0.999641 -0.999996 -0.999998 -1.000000 -1.000000 -1.000000 
-1.000000 -1.000000 -1.000000 -1.000000 -0.999998 -0.999970 -1.000000 -0.999987 -1.000000 -1.000000 -0.999982 -1.000000 -0.999672 -0.999997 -0.999999 -1.000000 -1.000000 -1.000000 -0.992361 -0.999999 -1.000000 -1.000000 -1.000000 -0.999999 0.998901 -0.999999 
-1.000000 -1.000000 -1.000000 -0.999929 -0.999997 -0.999997 -1.000000 -0.999952 -0.999961 -1.000000 -1.000000 -1.000000 -1.000000 -1.000000 -0.999999 -0.999999 -0.999998 -0.999657 -0.999997 -1.000000 -0.999997 -0.999999 -1.000000 -1.000000 -1.000000 -1.000000 
-1.000000 -1.000000 -1.000000 -0.999999 -1.000000 -0.999999 -1.000000 -1.000000 -1.000000 -0.995121 -0.999919 -1.000000 -0.999996 -0.999999 -1.000000 -1.000000 -1.000000 -0.999998 -0.999580 -0.997839 -1.000000 -0.999987 -1.000000 -0.999955 -0.999148 -1.000000 
-0.999992 -0.999955 -0.999998 -0.999995 -0.999995 -1.000000 -1.000000 -0.925726 -1.000000 0.980515 -1.000000 -1.000000 -0.999998 -0.999999 -0.999999 -0.999989 -1.000000 -0.999951 -0.999513 -0.975607 -1.000000 -0.997321 -0.999999 -0.998718 -0.963783 -1.000000 
-1.000000 -1.000000 -1.000000 -1.000000 -0.999988 -1.000000 -0.976673 -1.000000 -1.000000 -1.000000 -0.999873 -0.999953 -1.000000 -1.000000 -0.980043 -1.000000 -1.000000 -0.999997 -0.999987 -0.999978 -0.999954 -1.000000 -1.000000 -0.999997 -1.000000 -0.999999 
-0.999994 -1.000000 -1.000000 -0.999999 -1.000000 -1.000000 -0.999993 -1.000000 -0.999997 -1.000000 -0.999898 -0.999997 -0.999983 -0.978583 -0.999997 -1.000000 -0.999998 -1.000000 -0.999982 -0.999995 -0.999999 -0.997647 -1.000000 -0.999939 -0.999975 -0.999993 
-1.000000 -1.000000 -1.000000 -0.999994 -0.999823 -1.000000 -1.000000 -0.999992 -1.000000 -1.000000 -0.999999 -1.000000 -0.999557 -1.000000 -1.000000 -1.000000 -1.000000 -1.000000 -0.999996 -1.000000 -0.995171 -1.000000 -1.000000 -1.000000 -0.999228 -0.999997 
-1.000000 -1.000000 -0.999999 -1.000000 -1.000000 -1.000000 -1.000000 -1.000000 -0.999999 -1.000000 -0.999451 -1.000000 -1.000000 -0.999948 -0.999972 -0.999998 -1.000000 -1.000000 -1.000000 -0.999999 -0.999994 -0.999998 -1.000000 -1.000000 -1.000000 -1.000000 
-0.999999 -0.999986 -0.999996 -1.000000 -0.999935 -0.999971 -0.999941 -0.999998 -1.000000 -1.000000 -0.991671 -1.000000 -0.997693 -0.999547 -1.000000 -0.999995 -1.000000 -0.999740 -0.959325 -0.999999 -0.999991 -1.000000 -1.000000 -1.000000 -0.999999 -1.000000 
-1.000000 -1.000000 -1.000000 -1.000000 -0.999992 -1.000000 -1.000000 -1.000000 -1.000000 -0.986961 -1.000000 -1.000000 -1.000000 -1.000000 -0.999999 -0.999999 -0.999984 -0.999999 -0.999998 -0.999938 -0.999999 -0.999998 -0.999999 -0.999954 -0.999963 -1.000000 
-1.000000 -1.000000 -1.000000 -0.999999 -1.000000 -1.000000 -0.999999 -0.999966 -1.000000 -0.999936 -1.000000 -1.000000 -0.999999 -0.996000 -1.000000 -0.999985 -1.000000 -0.999893 -0.999853 -0.999999 -1.000000 -1.000000 -0.999998 -0.999997 -1.000000 -0.999965 
-0.999999 -0.999999 -1.000000 -0.999998 -0.999900 -1.000000 -1.000000 -0.999986 -1.000000 -1.000000 -0.997663 -1.000000 -1.000000 -0.999999 -1.000000 -1.000000 -1.000000 0.999837 -0.999979 -1.000000 -1.000000 -1.000000 -0.999999 -0.999999 -1.000000 -1.000000 
-0.999951 -1.000000 -1.000000 -0.999999 -0.999996 -0.999999 -1.000000 -0.999997 -0.999999 -0.999999 -0.999998 -1.000000 -1.000000 -0.999029 -0.999955 -1.000000 -0.999999 0.999205 -0.999890 -1.000000 -1.000000 -0.999994 -0.999999 -1.000000 -1.000000 -1.000000 
-0.999995 -0.999999 -1.000000 -1.000000 -0.995164 -0.999994 -1.000000 -0.999999 -0.999978 -1.000000 -0.991321 -1.000000 -1.000000 -1.000000 -1.000000 -0.999994 -1.000000 -1.000000 -0.991478 -1.000000 -0.999430 -1.000000 -1.000000 -1.000000 -0.987434 -1.000000 
-1.000000 -1.000000 -1.000000 -0.999995 -0.999999 -1.000000 -0.999969 -0.999997 -1.000000 -0.990759 -0.999999 -1.000000 -0.999999 -1.000000 -0.999999 -0.999697 -0.999999 -0.999998 -0.999963 -0.999960 -1.000000 -1.000000 -0.999997 -0.999999 -0.999930 -1.000000 
-1.000000 -1.000000 -1.000000 -1.000000 -1.000000 -1.000000 -1.000000 -1.000000 -1.000000 -1.000000 -1.000000 -1.000000 0.999993 -0.999923 -1.000000 -0.999983 -1.000000 -0.999998 -0.999934 -1.000000 -1.000000 -1.000000 -1.000000 -1.000000 -1.000000 -0.999939 
-1.000000 -0.999872 -0.999999 -0.999999 -0.999991 -1.000000 -0.998143 -0.999973 -0.999985 -0.978743 -0.999963 -1.000000 -0.999997 -0.999999 -0.999964 -0.999930 -1.000000 -0.999883 -0.999968 -1.000000 -1.000000 -1.000000 0.997777 -0.999998 -1.000000 -0.999974 
-1.000000 -0.999995 -0.999991 -1.000000 -0.997163 -0.999990 -1.000000 -0.999999 -0.999974 -1.000000 -0.999997 -1.000000 -0.999803 -1.000000 -1.000000 -1.000000 -1.000000 -1.000000 -0.999552 -0.998405 -0.999998 -1.000000 -1.000000 -0.999978 -0.996706 -1.000000 
-1.000000 -1.000000 -1.000000 -1.000000 -0.996339 -0.999999 -1.000000 -1.000000 -1.000000 -1.000000 -1.000000 -1.000000 -1.000000 -1.000000 -1.000000 -1.000000 -0.999999 -0.999865 -0.999983 -0.999999 -1.000000 -1.000000 -1.000000 -0.999991 -0.999903 -1.000000 
-1.000000 -1.000000 -0.999483 -1.000000 -0.999980 -1.000000 -0.996957 -0.999994 -1.000000 -1.000000 -0.999859 -0.999999 -1.000000 -1.000000 -1.000000 -0.999998 -1.000000 -1.000000 -0.999999 -1.000000 -0.999995 -1.000000 -1.000000 -1.000000 -1.000000 -0.999985 
-1.000000 -1.000000 -1.000000 -0.999943 -1.000000 -0.999910 -0.999994 -0.999997 -1.000000 -0.999403 -0.999996 -0.999998 -1.000000 -0.991095 -0.999998 -0.999964 -0.999999 -0.999742 -0.964879 -0.996881 -1.000000 -0.999141 -0.999995 -0.999998 -0.999186 -0.999915 
-1.000000 -0.999999 -0.999995 -1.000000 -1.000000 -1.000000 -0.999998 -0.999999 -0.999995 -0.999909 -0.999997 -1.000000 -0.999999 -0.999932 -1.000000 -0.999976 -1.000000 -0.999989 -0.998712 -1.000000 -1.000000 -0.999993 -0.998499 -0.999993 -1.000000 -0.998725 
-0.999999 -1.000000 -0.999996 -0.999990 -1.000000 -0.999998 -1.000000 -1.000000 -0.999998 -0.999927 -0.999999 -1.000000 -1.000000 -1.000000 -0.999998 -0.999995 -0.999997 -1.000000 -0.999975 -0.998387 -0.999996 -0.999984 -1.000000 -1.000000 -0.999852 -1.000000 
-1.000000 -1.000000 -0.999984 -1.000000 -0.999708 -1.000000 -0.999998 -1.000000 -0.999986 -1.000000 -0.999620 -1.000000 -0.969432 -0.999784 -1.000000 -0.999998 -1.000000 -0.999986 -0.999999 -1.000000 -1.000000 -0.999999 -0.998054 -0.999999 -0.999981 -0.999998 
-1.000000 -0.992816 -0.999998 -1.000000 -1.000000 -1.000000 -0.994618 -0.999998 -1.000000 -0.999999 -0.999996 -1.000000 -0.999967 -0.999951 -0.999994 -0.999474 -1.000000 -0.999775 -0.999985 -1.000000 -0.987260 -1.000000 -0.999917 -1.000000 -1.000000 -0.999992 
-0.999955 -1.000000 -1.000000 -1.000000 -1.000000 -1.000000 -0.992856 -1.000000 -1.000000 -1.000000 -1.000000 -0.999998 -0.999769 -0.999776 1.000000 -1.000000 -0.999973 -1.000000 -0.999991 -1.000000 -0.995802 -0.999955 -1.000000 -1.000000 -0.999887 -1.000000 
-0.999999 -1.000000 -0.999970 -0.999984 -0.981992 -1.000000 -1.000000 -0.999965 -0.999998 -1.000000 -0.999759 -1.000000 -1.000000 -1.000000 -1.000000 -1.000000 -0.999999 -0.999149 -0.999945 -1.000000 -0.999997 -0.999999 -1.000000 -1.000000 -0.999815 -1.000000 
-1.000000 -0.999734 -0.999984 -1.000000 -0.999873 -1.000000 -0.999994 -1.000000 -1.000000 -0.999999 -0.999998 -0.999995 -0.999997 -0.999999 -0.999988 -0.999999 -1.000000 -0.999947 -0.999996 -1.000000 -1.000000 -0.999994 0.976092 -1.000000 -1.000000 -0.999937 
-0.999999 -1.000000 -0.999999 -0.999999 -0.999957 -1.000000 -1.000000 -1.000000 -0.999996 -0.999996 -1.000000 -1.000000 -1.000000 -1.000000 -0.999999 -1.000000 -1.000000 -0.999997 -0.999993 -0.999653 -1.000000 -0.999952 -1.000000 -0.999995 -0.997973 -1.000000 
-0.999999 -1.000000 -1.000000 -1.000000 -1.000000 -1.000000 -0.999980 -1.000000 -1.000000 -1.000000 -0.985546 -0.999946 -0.999999 -1.000000 -0.999057 -0.999999 -0.999999 -0.999991 -0.999997 -0.999998 -0.999984 -0.999999 -1.000000 -1.000000 -1.000000 -0.999993 
-1.000000 -0.999997 -1.000000 -1.000000 -1.000000 -0.999977 -1.000000 -1.000000 -1.000000 -1.000000 -0.999982 -1.000000 -0.999931 -0.995726 -1.000000 -0.999997 -1.000000 -0.998465 -0.999954 -1.000000 -1.000000 -0.999999 -0.999999 -1.000000 -1.000000 -1.000000 
-1.000000 0.907162 -0.999998 -1.000000 -0.999809 -1.000000 -0.999999 -0.999997 -1.000000 -0.999996 -1.000000 -1.000000 -0.999927 -1.000000 -0.999998 -0.999931 -1.000000 -0.999999 -0.972821 -0.999949 -1.000000 -0.999911 -0.999929 -0.999968 -1.000000 -1.000000 
-0.999969 -0.999956 -0.999997 -1.000000 0.999962 -1.000000 -0.999987 -1.000000 -1.000000 -1.000000 -0.998834 -1.000000 -0.999999 -1.000000 -1.000000 -1.000000 -1.000000 -0.999916 -0.726014 -1.000000 -1.000000 -1.000000 -0.999954 -1.000000 -0.999888 -1.000000 
-0.999999 -0.999933 -1.000000 -1.000000 -1.000000 -0.999983 -1.000000 -0.999996 -0.999989 -1.000000 -0.981453 -1.000000 -0.999981 -0.999772 -0.999980 -0.999678 -0.999996 -0.979558 -0.999980 -0.999990 -0.977285 -0.999996 -1.000000 -0.999998 -0.999714 -0.999998 
-0.999124 -0.999998 -0.999984 -0.999985 -0.998727 -0.999996 -1.000000 -1.000000 -1.000000 -0.999997 -0.999670 -1.000000 -1.000000 -1.000000 -1.000000 -0.999994 -1.000000 -0.999998 -0.999810 -0.999998 -1.000000 -0.999908 -0.999999 -1.000000 -0.999987 -1.000000 
-1.000000 -1.000000 -1.000000 -1.000000 -1.000000 -1.000000 -0.999659 -1.000000 -0.999995 -1.000000 -0.999999 -0.999995 -0.999965 -1.000000 -0.998341 -1.000000 -1.000000 -1.000000 -0.999912 -0.999999 -0.999985 -0.999854 -1.000000 -0.999956 -0.999999 -0.999949 
-1.000000 -1.000000 -1.000000 -1.000000 -1.000000 -1.000000 -1.000000 -1.000000 -0.999826 -1.000000 -0.999624 -1.000000 -1.000000 -0.985105 -1.000000 -0.999986 -1.000000 -0.999936 -0.999986 -1.000000 -1.000000 -0.999511 -0.999879 -1.000000 -1.000000 -0.999972 
-0.999991 -0.999693 -0.999971 -1.000000 -0.898994 -1.000000 -1.000000 -0.999999 -0.999999 -1.000000 -0.998468 -1.000000 -1.000000 -1.000000 -1.000000 -1.000000 -1.000000 0.990176 -0.999027 -1.000000 -1.000000 -1.000000 -0.999997 -0.999999 -0.999997 -1.000000 
-1.000000 -0.999997 -0.999999 -0.999994 -0.999987 -1.000000 -1.000000 -0.998457 -1.000000 0.974265 -1.000000 -1.000000 -0.999990 -1.000000 -1.000000 -1.000000 -1.000000 -0.999993 -0.999798 -0.999999 -1.000000 -1.000000 -0.999985 -0.999821 -0.999997 -1.000000 
-0.999631 -0.999999 -0.999966 -0.990118 -0.999999 -0.999851 -1.000000 -0.999992 -0.999996 -1.000000 -0.999999 -1.000000 -0.999985 -1.000000 -0.999998 -0.999976 -1.000000 -0.999980 -0.999926 0.999989 -1.000000 -0.999937 -1.000000 -0.999911 -0.997842 -1.000000 
-1.000000 -0.999996 -1.000000 -0.999972 -0.999999 -0.999993 -0.999998 -0.999130 -1.000000 -0.999998 -0.999990 -1.000000 -1.000000 -1.000000 -1.000000 -0.999979 -1.000000 -0.944526 -1.000000 -1.000000 -1.000000 -1.000000 -0.998496 -1.000000 -1.000000 -1.000000 
-1.000000 -1.000000 -1.000000 -1.000000 -1.000000 -1.000000 -0.999842 -1.000000 -0.999999 -1.000000 -0.999736 -1.000000 -0.999871 -0.999492 -0.992342 -1.000000 -1.000000 -1.000000 -0.999999 -0.999922 -0.999997 -0.999982 -1.000000 -1.000000 -1.000000 -1.000000 
-1.000000 -1.000000 -1.000000 -1.000000 -0.999870 -0.999883 -1.000000 -1.000000 -0.999995 -1.000000 -0.999930 -1.000000 -0.999909 -1.000000 -1.000000 -0.999994 -1.000000 -1.000000 -0.995628 -1.000000 -1.000000 -1.000000 -1.000000 -1.000000 0.986410 -1.000000 
-0.999997 -1.000000 -1.000000 -0.999784 -0.999981 -0.999998 -1.000000 -0.999999 -1.000000 -1.000000 -0.999970 -1.000000 -0.999985 -0.999922 -1.000000 -0.999997 -1.000000 -0.998738 -0.904073 -1.000000 -0.999999 -0.999995 -1.000000 -1.000000 -0.999998 -1.000000 
-0.999981 -1.000000 -1.000000 -1.000000 -0.999999 -1.000000 -0.999966 -1.000000 -1.000000 -1.000000 -0.999999 -1.000000 -0.985073 -0.999971 0.999988 -1.000000 -0.999982 -1.000000 -0.999852 -0.999997 -0.995645 -0.999340 -1.000000 -0.999999 -0.999964 -1.000000 
-1.000000 -0.689019 -0.999826 -1.000000 -0.999794 -1.000000 -0.999998 -1.000000 -0.999999 -1.000000 -0.955316 -0.999999 -1.000000 -1.000000 -0.999999 -1.000000 -1.000000 -0.999971 -0.921051 -1.000000 -1.000000 -1.000000 -0.999927 -0.999999 -1.000000 -1.000000 
-0.999996 -0.999991 -0.999988 -1.000000 -1.000000 -0.999751 -1.000000 -0.999994 -0.999993 -1.000000 -0.999942 -1.000000 -1.000000 -1.000000 -0.999994 -0.999965 -0.999998 -0.999453 -0.999976 -1.000000 -0.999999 -0.999937 -1.000000 -1.000000 -0.999997 -1.000000 
-0.999998 -0.984833 -0.999984 -1.000000 -0.998396 -0.999998 -0.999999 -0.999997 -1.000000 -1.000000 -0.877008 -1.000000 -1.000000 -1.000000 -1.000000 -0.999999 -1.000000 -0.999003 -0.998375 -1.000000 -1.000000 -1.000000 -1.000000 -0.999998 -0.999976 -1.000000 
-0.999981 -0.999943 -0.999993 -1.000000 -1.000000 -1.000000 -0.999998 -1.000000 -1.000000 -1.000000 -0.999825 -0.999998 -0.999999 -0.999837 -0.999334 -1.000000 -1.000000 -1.000000 -0.999999 -0.999999 -0.999996 -0.999808 -1.000000 -1.000000 -1.000000 -1.000000 
-0.999999 -1.000000 -0.999889 -0.999995 -0.999972 -0.999845 -0.999945 -1.000000 -0.999672 -0.999952 -0.999998 -0.999960 1.000000 -0.999982 -0.999974 -0.999747 -0.999999 -0.999998 -0.997410 -1.000000 -0.998976 -1.000000 -0.999999 -1.000000 -1.000000 -0.999998 
-1.000000 -0.999966 -0.996177 -1.000000 -0.999983 -1.000000 -0.999514 -0.999996 -0.999976 -0.999993 -0.999848 -1.000000 -0.999998 -0.999982 -1.000000 -0.999844 -1.000000 -0.999992 -1.000000 -1.000000 -1.000000 -0.999983 0.999652 -0.999997 -1.000000 -0.998949 
-1.000000 -0.999483 -0.999998 -0.999994 0.981756 -1.000000 -0.999999 -0.999990 -0.999981 -1.000000 -0.999970 -1.000000 -1.000000 -1.000000 -1.000000 -1.000000 -1.000000 -1.000000 -0.936848 -1.000000 -0.999992 -1.000000 -1.000000 -1.000000 -0.989314 -1.000000 
-0.999996 -1.000000 -1.000000 -1.000000 -1.000000 -1.000000 -0.999965 -1.000000 -0.999997 -1.000000 -1.000000 -1.000000 -0.994643 0.999999 -0.999999 -1.000000 -0.999964 -0.999989 -0.965998 -0.991167 -0.999997 -0.999988 -0.999981 -0.999995 -0.999996 -0.999982 
-0.999996 -1.000000 -1.000000 -1.000000 -1.000000 -1.000000 -0.991481 -1.000000 -0.999999 -1.000000 -1.000000 -1.000000 -0.999353 1.000000 -0.999998 -1.000000 -0.999955 -0.999906 -0.994584 -0.998388 -0.999982 -0.999999 -0.999820 -0.999999 -1.000000 -0.999984 
-0.999996 -0.999884 -0.999999 -0.999992 -0.999980 -1.000000 -1.000000 -0.999996 -1.000000 -0.999679 -0.999999 -1.000000 -0.999684 -0.999205 -1.000000 -1.000000 -1.000000 -0.999985 -0.937402 0.913080 -1.000000 -0.999994 -0.999997 -0.999194 -0.998414 -1.000000 
-1.000000 -1.000000 -0.999999 -1.000000 -0.999999 -1.000000 -0.999917 -1.000000 -0.999999 -1.000000 -0.999979 -0.999770 -0.999889 -1.000000 -0.999963 -0.999999 -1.000000 -0.999994 -1.000000 -1.000000 -0.999409 -1.000000 -1.000000 -0.999996 -1.000000 -0.999999 
-1.000000 -0.996217 -1.000000 -1.000000 -0.999996 -0.999975 -0.999995 -1.000000 -0.995117 -0.999998 -0.999999 -1.000000 -1.000000 -0.998262 -0.999343 -0.999922 -0.999994 -0.999998 -0.999861 -1.000000 -1.000000 -0.999997 0.997761 -0.999998 -1.000000 -0.999529 
-0.999999 -0.999948 -1.000000 -1.000000 -0.999995 -0.999999 -1.000000 -0.999973 -1.000000 -1.000000 -0.998727 -1.000000 -0.999881 -0.998628 -1.000000 -0.999929 -0.999999 -0.999870 -0.999985 -1.000000 -0.993365 -0.999999 -1.000000 -1.000000 -0.999811 -0.999999 
-1.000000 -0.999954 -1.000000 -1.000000 -0.999998 -1.000000 -1.000000 -1.000000 -1.000000 -0.999998 -1.000000 -1.000000 -1.000000 -1.000000 -0.999979 -1.000000 -1.000000 -0.999999 -0.999165 -0.999999 -1.000000 -1.000000 -0.999992 -1.000000 -0.999993 -1.000000 
-1.000000 -1.000000 -0.999999 -1.000000 -0.999999 -1.000000 -0.999997 -1.000000 -0.999994 -1.000000 -1.000000 -1.000000 -0.999982 -0.999961 -0.984301 -0.999995 -0.999999 -1.000000 -0.999990 -1.000000 -0.999947 -0.999999 -1.000000 -1.000000 -1.000000 -0.999934 
-0.999998 -0.998892 -0.999999 -0.999999 -0.999740 -0.999621 -1.000000 -0.999998 -1.000000 -1.000000 0.797289 -1.000000 -0.999816 -1.000000 -1.000000 -1.000000 -1.000000 -0.985977 -0.997441 -0.999999 -1.000000 -1.000000 -0.999997 -0.999996 -1.000000 -1.000000 
-0.999990 -0.999997 -0.999853 -1.000000 -1.000000 -1.000000 -1.000000 -0.999990 -0.999893 -0.999996 -0.999996 -1.000000 -0.999999 -0.999999 -1.000000 -0.999852 -0.999999 -0.913227 -0.998779 -1.000000 -1.000000 -1.000000 -0.999994 -1.000000 -1.000000 -0.999999 
-1.000000 -1.000000 -1.000000 -1.000000 -0.999958 -0.999996 -1.000000 -0.999999 -0.999998 -1.000000 -0.999830 -1.000000 -1.000000 -0.999604 -1.000000 -0.999999 -1.000000 -0.998991 -0.955633 -0.999999 -1.000000 -1.000000 -0.999989 -1.000000 -0.991449 -1.000000 
-0.999989 -0.999999 -1.000000 -1.000000 -1.000000 -1.000000 -0.999464 -1.000000 -0.999949 -1.000000 -0.999646 -1.000000 -1.000000 -0.999994 -0.997846 -1.000000 -1.000000 -0.999546 -0.999999 -1.000000 0.999157 -1.000000 -1.000000 -1.000000 -0.999522 -1.000000 
-0.999997 -0.998906 -0.999770 -0.999998 -0.995834 -1.000000 -0.999999 -1.000000 -1.000000 -1.000000 -0.988577 -1.000000 -1.000000 -1.000000 -1.000000 -1.000000 -1.000000 -0.998432 -0.999573 -1.000000 -1.000000 -1.000000 -0.999998 -1.000000 -1.000000 -1.000000 
-1.000000 -0.999928 -1.000000 -1.000000 -1.000000 -0.999948 -1.000000 -0.999999 -1.000000 -0.999999 -0.999980 -1.000000 -0.999998 -0.999890 -1.000000 -0.999998 -1.000000 -0.929367 -0.999821 -0.999999 -1.000000 -0.999997 -0.999998 -1.000000 -0.999978 -1.000000 
-0.999936 -0.999504 -0.999731 -0.999997 -1.000000 -0.999957 -1.000000 -0.999997 -0.998655 -1.000000 -0.999655 -1.000000 -0.999976 -0.996193 -0.999984 -0.999857 -1.000000 0.987336 -0.997306 -0.999999 -0.999998 -1.000000 -0.999991 -0.999999 -1.000000 -0.999959 
-1.000000 -0.999868 -1.000000 -1.000000 -0.999992 -1.000000 0.999322 -1.000000 -1.000000 -1.000000 -1.000000 -0.999985 -0.999986 -0.999786 -0.985426 -1.000000 -0.999998 -1.000000 -0.998787 -1.000000 -0.999928 -0.999998 -0.999999 -0.999999 -0.999999 -0.999992 
-1.000000 -0.999998 -1.000000 -1.000000 -1.000000 -0.999985 -0.999875 -0.999997 -1.000000 -1.000000 -1.000000 -1.000000 0.991766 -0.997965 -0.999930 -0.999506 -0.999999 -0.999999 -1.000000 -1.000000 -0.999964 -0.999999 -1.000000 -1.000000 -0.999963 -0.999929 
-0.999994 -1.000000 -0.999999 -1.000000 -1.000000 -1.000000 -1.000000 -1.000000 -0.999992 -0.999994 -1.000000 -1.000000 -0.999934 -0.999940 -0.997604 -1.000000 -0.999994 -0.999989 -0.999998 -0.999996 -0.999451 -0.999988 -0.999992 -1.000000 -0.999998 -1.000000 
-1.000000 -1.000000 -0.999943 -1.000000 -0.999990 -1.000000 -0.999904 -0.999998 -0.999871 -0.999839 -0.999996 -0.999999 1.000000 -0.999999 -0.999867 -0.998577 -0.999997 -1.000000 -0.999999 -1.000000 -0.999538 -1.000000 -1.000000 -1.000000 -1.000000 -0.999556 
-1.000000 -1.000000 -1.000000 -1.000000 -1.000000 -1.000000 -0.999775 -1.000000 -1.000000 -1.000000 -0.999807 -0.999984 -0.999948 1.000000 -0.999990 -0.999994 -0.999993 -0.998802 -0.999990 -0.999994 -0.999956 -0.999615 -0.999998 -1.000000 -1.000000 -0.999999 
-1.000000 -1.000000 -1.000000 -1.000000 -1.000000 -0.999996 -1.000000 -0.999974 -1.000000 -1.000000 0.985269 -1.000000 -1.000000 -0.999986 -1.000000 -0.999996 -1.000000 -0.999935 -0.999990 -1.000000 -1.000000 -1.000000 -1.000000 -1.000000 -0.999999 -1.000000 
-0.999846 -1.000000 -0.999999 -0.999920 -0.999954 -1.000000 -1.000000 -1.000000 -0.999987 -1.000000 -0.999833 -1.000000 -0.999995 -0.999998 -1.000000 -1.000000 -0.999999 -0.999733 -0.998104 -1.000000 -0.999998 -1.000000 -1.000000 -0.999999 -1.000000 -0.999999 
-1.000000 -0.999995 -0.999998 -1.000000 0.846895 -1.000000 -0.999893 -1.000000 -1.000000 -1.000000 -1.000000 -1.000000 -0.999999 -1.000000 -1.000000 -1.000000 -1.000000 -1.000000 -0.966958 -0.999999 -1.000000 -1.000000 -1.000000 -1.000000 -0.998735 -1.000000 
-1.000000 -1.000000 -1.000000 -1.000000 -0.999985 -0.999997 -1.000000 -0.999995 -0.999951 -1.000000 -0.999587 -0.999966 -0.999941 -1.000000 -1.000000 -1.000000 -1.000000 -1.000000 -0.999513 -0.999992 -0.999660 -0.999998 -1.000000 -0.999999 0.967058 -1.000000 
-0.999999 -1.000000 -0.999997 -0.999916 -1.000000 -1.000000 -0.999980 -1.000000 -1.000000 -1.000000 -1.000000 -1.000000 -0.999992 -0.999999 -0.999994 -0.999998 -0.999999 -1.000000 -0.999829 -0.999923 -0.992278 -0.999994 -1.000000 -0.999999 -0.999998 -0.999999 
-1.000000 -1.000000 -0.999970 -1.000000 -0.999801 -1.000000 0.948352 -1.000000 -0.999999 -0.999983 -0.999998 -1.000000 -0.999992 -0.999932 -0.999513 -0.999999 -0.999997 -1.000000 -0.999993 -1.000000 -1.000000 -0.999995 -0.972995 -1.000000 -0.999965 -1.000000 
-1.000000 -1.000000 -1.000000 -0.999953 -0.999999 -1.000000 -1.000000 -0.999999 -1.000000 -0.999884 -0.999944 -1.000000 -0.999998 -1.000000 -1.000000 -0.999955 -1.000000 -0.999981 -0.999999 -0.999897 -1.000000 -1.000000 -1.000000 -0.999997 -0.999985 -1.000000 
-0.999983 -0.990063 -1.000000 -0.999976 -0.999999 -1.000000 -1.000000 -1.000000 -1.000000 -0.999994 -0.999999 -1.000000 -1.000000 -1.000000 -0.999997 -0.999999 -1.000000 -0.995809 -0.999997 -1.000000 -1.000000 -0.999999 -1.000000 -1.000000 -0.999999 -0.999999 
-1.000000 -0.999691 -0.999997 -0.999922 -0.999834 -1.000000 -0.999996 -0.999866 -0.999999 -0.998467 -1.000000 -1.000000 -0.999984 -1.000000 -0.999760 -1.000000 -0.999998 -1.000000 -0.997960 -0.987220 -0.999988 -1.000000 -1.000000 -0.999984 -0.986631 -1.000000 
-1.000000 -0.999971 -0.999998 -1.000000 -0.999999 -1.000000 -1.000000 -1.000000 -1.000000 -1.000000 -0.999987 -1.000000 -0.999335 -0.999105 -1.000000 -0.999998 -0.999999 -0.999993 -0.998883 -1.000000 -1.000000 -0.999989 -1.000000 -1.000000 -1.000000 -0.999999 
-1.000000 -1.000000 -0.999999 -0.999999 -0.982220 -1.000000 -1.000000 -0.999999 -0.999978 -1.000000 -0.999993 -1.000000 -0.999999 -1.000000 -1.000000 -1.000000 -1.000000 -1.000000 -0.996273 -1.000000 -0.999999 -1.000000 -1.000000 -1.000000 -0.999848 -1.000000 
-0.999983 0.999739 -1.000000 -0.999944 -0.999859 -1.000000 -0.999987 -1.000000 -1.000000 -1.000000 -0.999978 -1.000000 -0.999644 -1.000000 -0.999977 -0.999975 -1.000000 -1.000000 -0.999864 -1.000000 -1.000000 -1.000000 -0.999967 -1.000000 -1.000000 -1.000000 
-0.999997 -0.999549 -0.999999 -1.000000 0.998565 -1.000000 -1.000000 -0.999999 -0.999999 -1.000000 -0.999069 -1.000000 -1.000000 -1.000000 -1.000000 -1.000000 -1.000000 -0.999814 -0.999992 -1.000000 -1.000000 -1.000000 -1.000000 -1.000000 -0.999743 -1.000000 
-1.000000 -1.000000 -1.000000 -1.000000 -1.000000 -1.000000 -1.000000 -0.999998 -0.999993 -1.000000 -0.999912 -1.000000 0.941930 -0.999969 -1.000000 -1.000000 -1.000000 -0.999962 -0.999803 -1.000000 -1.000000 -1.000000 -1.000000 -0.999995 -1.000000 -0.999999 
-1.000000 -0.999990 -1.000000 -1.000000 -0.999993 -0.999998 -1.000000 -0.999958 -1.000000 -1.000000 -0.999998 -1.000000 -0.999945 -0.999998 -0.999994 -0.999999 -1.000000 -0.999999 -0.999498 -1.000000 -1.000000 -1.000000 -1.000000 -1.000000 0.999549 -0.999998 
-0.999998 -0.999996 -0.999997 -0.998656 -1.000000 -1.000000 -1.000000 -0.999979 -1.000000 0.998887 -1.000000 -1.000000 -0.999983 -1.000000 -1.000000 -0.999998 -0.999975 -0.999996 -0.999997 -0.982454 -1.000000 -0.999854 -0.999999 -0.999993 -0.999782 -0.999995 
-0.999784 -0.992504 -1.000000 -0.999987 -0.999996 -1.000000 -1.000000 -1.000000 -0.999999 -0.999992 -0.969830 -1.000000 -1.000000 -0.999998 -0.999915 -1.000000 -0.999999 -0.999199 0.999615 -0.999997 -0.999402 -0.999994 -1.000000 -0.999999 -0.998564 -1.000000 
-0.997213 -0.997881 -0.994192 -0.999959 -0.992511 -0.999996 -0.999684 -0.999820 -0.999640 -0.992442 -1.000000 -0.999430 -0.999999 -0.987278 -0.999997 -0.999937 -0.996748 -0.999774 -0.789918 -0.999974 -1.000000 -0.989310 0.978764 -0.999742 -1.000000 -0.999990 
-0.999928 -0.999989 -0.996549 -0.997504 -0.997433 -1.000000 -1.000000 -0.999958 -0.999993 -0.999992 -0.982331 -1.000000 -1.000000 -1.000000 -1.000000 -0.999998 -0.999999 -0.999991 -0.999961 -0.998708 -1.000000 -0.999999 -0.999995 -0.999995 -0.999996 -1.000000 
-0.999998 -0.999990 -1.000000 -1.000000 -0.999701 -0.999773 -1.000000 -0.999993 -1.000000 -1.000000 -0.999999 -1.000000 -0.999970 -1.000000 -0.999999 -1.000000 -0.999999 -1.000000 -0.783682 -0.989281 -0.999996 -0.999991 -1.000000 -0.999996 0.999786 -0.999998 
-1.000000 -1.000000 -1.000000 -0.999999 -1.000000 -1.000000 -0.999999 -0.999991 -0.999987 -0.999999 -1.000000 -1.000000 -0.999950 -1.000000 -0.999999 -0.999998 -0.999999 -1.000000 -0.999998 -0.999998 -0.980304 -1.000000 -1.000000 -0.999113 -1.000000 -0.999992 
-0.999999 -1.000000 -0.999998 -1.000000 -1.000000 -1.000000 -0.999886 -1.000000 -1.000000 -1.000000 -0.999994 -0.999998 -1.000000 -1.000000 -0.995019 -0.999998 -1.000000 -1.000000 -0.999991 -1.000000 -0.999740 -0.999980 -1.000000 -1.000000 -0.999998 -0.999998 
-1.000000 -0.984660 -1.000000 -1.000000 -1.000000 -1.000000 -0.999937 -0.999999 -0.999999 -0.999999 -0.999990 -1.000000 -0.999962 -0.999997 -0.999994 -0.999988 -1.000000 -1.000000 -0.999995 -1.000000 0.992683 -0.999999 -1.000000 -1.000000 -1.000000 -0.999997 
-1.000000 -0.999979 -1.000000 -1.000000 -1.000000 -1.000000 -0.999998 -1.000000 -1.000000 -1.000000 -0.999516 -1.000000 -0.999997 -1.000000 -0.960015 -1.000000 -1.000000 -1.000000 -0.999996 -1.000000 -0.999997 -1.000000 -1.000000 -1.000000 -1.000000 -1.000000 
-1.000000 -0.999697 -0.999996 -1.000000 -1.000000 -0.999966 -0.993561 -1.000000 -0.999694 -0.999995 -0.999998 -1.000000 -1.000000 -0.989375 -0.999999 -0.999981 -0.999998 -0.999963 -0.997236 -1.000000 -0.999999 -0.999999 0.999955 -1.000000 -1.000000 -0.992776 
-0.986456 -1.000000 -0.999389 -0.986476 -0.998783 -1.000000 -1.000000 -0.999998 -1.000000 -0.999999 -0.998012 -1.000000 -1.000000 -1.000000 -1.000000 -1.000000 -0.999999 -0.999147 -0.999905 -0.999888 -1.000000 -1.000000 -0.999999 -1.000000 -1.000000 -1.000000 
-1.000000 -1.000000 -1.000000 -1.000000 -1.000000 -1.000000 -0.999594 -1.000000 -0.999999 -1.000000 -0.999971 -1.000000 -1.000000 -0.999891 -0.978207 -1.000000 -1.000000 -1.000000 -0.999996 -0.999999 -0.999593 -0.999997 -1.000000 -1.000000 -0.999995 -1.000000 
-0.999869 -0.998643 -1.000000 -0.999997 -1.000000 -0.999972 -1.000000 -0.999967 -0.999998 -0.999194 -0.999953 -1.000000 -1.000000 -0.999989 -0.999984 -0.999999 -1.000000 0.996652 -0.999993 -0.999982 -1.000000 -1.000000 -0.999999 -0.999992 -0.999996 -0.999998 
-1.000000 -0.999568 -1.000000 -1.000000 -0.999979 -1.000000 -1.000000 -1.000000 -0.999995 -1.000000 0.902431 -1.000000 -0.999950 -1.000000 -1.000000 -1.000000 -1.000000 -1.000000 -0.999894 -1.000000 -0.999995 -0.999999 -1.000000 -0.999999 -0.999791 -0.999998 
-1.000000 -0.999122 -0.999999 -1.000000 -1.000000 -0.999999 -0.999922 -1.000000 -0.999999 -1.000000 -0.999116 -1.000000 -0.999898 -0.998736 -0.999804 -0.999997 -0.999998 -1.000000 -0.999997 -1.000000 0.993881 -0.999995 -1.000000 -1.000000 -0.999999 -0.999999 
-1.000000 -0.999929 -1.000000 -1.000000 -1.000000 -1.000000 -0.998095 -1.000000 -0.999987 -1.000000 -0.999978 -1.000000 -0.999993 -0.999979 -0.999655 -0.999999 -1.000000 -1.000000 -0.999977 -1.000000 0.979059 -0.999975 -1.000000 -1.000000 -1.000000 -1.000000 
-0.999980 -0.999997 -0.999999 -0.999989 -1.000000 -0.999985 -1.000000 -1.000000 -1.000000 -0.999940 -0.999999 -1.000000 -0.999660 -0.999959 -0.999994 -0.999998 -1.000000 -0.999985 -0.999753 0.973358 -1.000000 -0.999984 -1.000000 -0.999990 -0.998831 -1.000000 
-1.000000 -0.999871 -0.999206 -0.999998 -0.999937 -1.000000 -0.999994 -0.999999 -0.999992 -0.999928 -0.999992 -1.000000 -1.000000 -1.000000 -1.000000 -1.000000 -1.000000 -0.997903 -0.999995 -1.000000 -1.000000 -1.000000 -0.991339 -1.000000 -1.000000 -0.999955 
-1.000000 -1.000000 -0.999999 -1.000000 -0.999980 -0.999999 -1.000000 -1.000000 -0.999997 -1.000000 -1.000000 -1.000000 -0.999997 -1.000000 -0.992313 -1.000000 -0.999947 -1.000000 -0.988754 -1.000000 -0.999979 -0.999994 -1.000000 -1.000000 -0.999775 -1.000000 
-1.000000 -0.987197 -1.000000 -1.000000 -0.999949 -1.000000 -0.999995 -1.000000 -0.999975 -1.000000 -0.999972 -1.000000 -0.999998 -1.000000 -1.000000 -0.999982 -1.000000 -1.000000 -0.999980 -1.000000 -0.999944 -0.999992 -0.999598 -1.000000 -1.000000 -0.999976 
-0.999963 -0.970420 -0.999998 -0.999999 0.975583 -1.000000 -0.999995 -1.000000 -1.000000 -1.000000 -0.999049 -1.000000 -1.000000 -1.000000 -1.000000 -1.000000 -1.000000 -1.000000 -0.995029 -1.000000 -0.999998 -1.000000 -0.999999 -1.000000 -0.999993 -1.000000 
-0.999992 -0.990984 -0.999999 -1.000000 0.928845 -0.999997 -1.000000 -1.000000 -1.000000 -1.000000 -0.999900 -1.000000 -1.000000 -1.000000 -1.000000 -1.000000 -1.000000 -0.999705 -0.999941 -1.000000 -1.000000 -1.000000 -1.000000 -1.000000 -0.999981 -1.000000 
-0.999995 -0.999882 -1.000000 -0.999982 -1.000000 -0.999977 -0.999980 -0.999970 -0.999975 -1.000000 -0.999805 -1.000000 -0.999996 0.993047 -1.000000 -0.999840 -0.999979 -0.999963 -0.984841 -0.999996 -0.995456 -0.999936 -0.999988 -0.999988 -0.999997 -0.999982 
-1.000000 -1.000000 -1.000000 -1.000000 -1.000000 -0.999927 -0.999999 -0.999992 -1.000000 -0.999999 -0.999984 -1.000000 -1.000000 -0.999905 -1.000000 -0.999997 -0.999998 -0.998292 -0.998606 -0.999999 -1.000000 -1.000000 -0.999970 -1.000000 -0.999860 -1.000000 
-1.000000 -1.000000 -1.000000 -1.000000 -0.999020 -1.000000 -1.000000 -1.000000 -0.999995 -1.000000 -1.000000 -1.000000 -0.999997 -1.000000 -1.000000 -1.000000 -0.999999 -1.000000 -0.999974 -1.000000 -1.000000 -1.000000 -1.000000 -1.000000 -0.999984 -1.000000 
-1.000000 -0.992904 -0.999951 -1.000000 -0.999626 -1.000000 -1.000000 -0.999999 -0.999996 -1.000000 -0.999768 -0.999998 -1.000000 -1.000000 -1.000000 -1.000000 -1.000000 -1.000000 -0.999964 -1.000000 -1.000000 -1.000000 -1.000000 -0.999999 -0.999997 -1.000000 
-1.000000 -1.000000 -0.999998 -1.000000 -1.000000 -0.999986 -1.000000 -0.999999 -0.999998 -0.999995 -0.999999 -1.000000 -1.000000 -0.997890 -0.996696 -0.999996 -1.000000 0.982734 -0.999981 -0.999997 -1.000000 -0.999991 -0.999629 -0.999999 -1.000000 -1.000000 
-0.999997 -0.999994 -0.999991 -0.999951 -0.999909 -1.000000 -1.000000 -0.999997 -1.000000 -0.999998 -0.999999 -1.000000 -0.999941 -1.000000 -0.999752 -1.000000 -0.999996 -1.000000 -0.999282 -0.992615 -1.000000 -0.999999 -1.000000 -0.999772 -0.999988 -1.000000 
-0.999997 -1.000000 -1.000000 -1.000000 -1.000000 -1.000000 -0.996169 -1.000000 -1.000000 -1.000000 -1.000000 -0.999995 -0.999992 -0.999613 0.999731 -1.000000 -0.999996 -1.000000 -0.999936 -1.000000 -0.999641 -0.999994 -1.000000 -1.000000 -0.999984 -1.000000 
-1.000000 -0.999943 -1.000000 -1.000000 -0.999980 -0.999998 -1.000000 -1.000000 -1.000000 -1.000000 -0.999747 -1.000000 -0.999999 -1.000000 -1.000000 -1.000000 -1.000000 -0.999991 -0.999187 -0.999140 -1.000000 -1.000000 -1.000000 -1.000000 -0.999982 -1.000000 
-0.999662 -0.999962 -0.999999 -0.999999 -0.999854 -0.975624 -1.000000 -1.000000 -0.998695 -0.999986 -0.999866 -0.998374 0.999995 -0.975001 -0.988203 -0.996880 -0.999988 -0.999251 -0.995048 -1.000000 -0.999978 -0.999705 -0.999996 -1.000000 -0.981238 -0.999615 
-1.000000 -0.999986 -1.000000 -1.000000 -1.000000 -1.000000 -0.998610 -1.000000 -0.999999 -1.000000 -0.999761 -1.000000 -0.999983 -0.997445 -0.999991 -0.999994 -1.000000 -1.000000 -0.999733 -1.000000 0.999154 -0.999992 -1.000000 -1.000000 -0.999990 -0.999999 
-1.000000 -0.999995 -0.999999 -0.999999 -1.000000 -1.000000 -0.999987 -0.998814 -1.000000 -1.000000 -0.999985 -1.000000 -0.992377 -1.000000 -1.000000 -1.000000 -1.000000 -0.999831 -1.000000 -0.999997 -0.999999 -1.000000 -1.000000 -0.999998 -0.998392 -0.999988 
-1.000000 -0.994924 -1.000000 -0.999999 -0.999997 -1.000000 -1.000000 -1.000000 -1.000000 -1.000000 -0.999600 -1.000000 -0.996991 -1.000000 -0.999995 -0.999990 -1.000000 -1.000000 -0.984837 -0.999821 -1.000000 -0.999998 -0.999999 -0.999977 -0.999939 -1.000000 
-0.999996 -0.999605 -1.000000 -0.999985 -1.000000 -0.999989 -1.000000 -0.999877 -1.000000 -0.999554 -0.999998 -1.000000 -0.999927 -0.999850 -1.000000 -0.999999 -1.000000 -0.994171 -0.992901 0.972442 -1.000000 -0.999997 -0.999999 -0.999938 -0.998045 -1.000000 
-1.000000 -0.999999 -1.000000 -1.000000 -0.998489 -0.995869 -1.000000 -0.999999 -0.999996 -1.000000 -0.999995 -1.000000 -1.000000 -1.000000 -1.000000 -1.000000 -1.000000 -0.999998 -0.997383 -0.999990 -1.000000 -1.000000 -1.000000 -1.000000 0.969843 -0.999999 
-1.000000 -0.999993 -1.000000 -1.000000 -0.999424 -1.000000 -0.997597 -0.999992 -1.000000 -1.000000 -1.000000 -1.000000 -0.999773 -0.999988 -1.000000 -1.000000 -1.000000 -0.999998 -0.999946 -1.000000 -1.000000 -1.000000 -0.999877 -0.999996 -1.000000 -0.999570 
-0.999998 -0.999771 -1.000000 -0.999999 -1.000000 -1.000000 0.970460 -1.000000 -1.000000 -1.000000 -0.999930 -1.000000 -1.000000 -0.999690 -0.880179 -0.999999 -1.000000 -0.999995 -0.995889 -0.999970 -0.993040 -0.999999 -0.999932 -1.000000 -0.999997 -1.000000 
-1.000000 -1.000000 -0.999999 -0.999999 -0.999996 -0.999947 -1.000000 -0.999999 -0.999941 -1.000000 0.970012 -1.000000 -0.999999 -1.000000 -1.000000 -0.999968 -1.000000 -0.999998 -0.992674 -0.999997 -0.999998 -0.999993 -1.000000 -1.000000 -0.999607 -0.999998 
-0.999998 -0.999999 -0.999737 -1.000000 -1.000000 -1.000000 -0.999464 -0.999997 -0.999981 -0.999976 -0.999967 -1.000000 -1.000000 -0.999995 -1.000000 -0.999987 -1.000000 -0.998928 -0.999994 -1.000000 -1.000000 -0.999999 0.994123 -1.000000 -1.000000 -0.999956 
-0.999895 -0.999986 -0.999990 -1.000000 -1.000000 -0.999981 -0.999228 -0.999917 -0.999748 -1.000000 -0.999999 -1.000000 -0.999999 -0.999964 -0.993437 -0.995192 -1.000000 -0.972935 -0.999946 -0.999999 -1.000000 -0.999975 0.999913 -1.000000 -0.999999 -0.998418 
-1.000000 -0.999945 -1.000000 -1.000000 -0.998290 -0.999999 -1.000000 -1.000000 -1.000000 -1.000000 -0.999926 -1.000000 -1.000000 -1.000000 -1.000000 -1.000000 -1.000000 -0.999998 -0.996518 -0.999999 -1.000000 -0.999999 -0.999991 -1.000000 -0.999917 -1.000000 
-1.000000 -0.999039 -1.000000 -1.000000 -1.000000 -1.000000 -0.999757 -1.000000 -1.000000 -1.000000 -0.999999 -0.999994 -0.999999 -0.999990 -0.992658 -0.999995 -1.000000 -0.999997 -0.999999 -0.999999 -0.999994 -0.999990 -1.000000 -1.000000 -1.000000 -0.999999 
-1.000000 -0.999990 -0.999991 -0.999951 -0.999999 -1.000000 -0.999994 -0.999988 -1.000000 -0.999482 -1.000000 -1.000000 -0.998697 -1.000000 -0.999988 -0.999999 -1.000000 -0.999996 -0.998987 -0.999978 -0.999802 -1.000000 -1.000000 -1.000000 -0.999956 -1.000000 
-1.000000 -1.000000 -0.999998 -1.000000 -1.000000 -0.999933 -1.000000 -1.000000 -1.000000 -0.999996 -0.998944 -1.000000 -1.000000 -0.999846 -1.000000 -1.000000 -1.000000 -0.997564 -0.905421 -0.999994 -1.000000 -1.000000 -0.997181 -1.000000 -0.999966 -0.999999 
-1.000000 -1.000000 -0.999954 -1.000000 -1.000000 -0.999776 -1.000000 -0.999996 -0.999873 -1.000000 -0.987815 -1.000000 -1.000000 -1.000000 -1.000000 -0.999999 -1.000000 -0.999229 -0.995091 -1.000000 -0.999999 -0.999999 -1.000000 -1.000000 -0.999652 -1.000000 
-1.000000 -1.000000 -1.000000 -1.000000 -0.999994 -0.999996 -1.000000 -1.000000 -1.000000 -1.000000 -0.999964 -1.000000 -0.999999 -0.999939 -1.000000 -0.999998 -1.000000 -0.999956 -0.999990 -1.000000 -1.000000 -1.000000 -1.000000 -1.000000 -0.999818 -0.999999 
-1.000000 -0.999996 -0.998855 -1.000000 -0.997173 -1.000000 -1.000000 -1.000000 -0.999988 -1.000000 -0.997526 -1.000000 -0.999999 -1.000000 -1.000000 -1.000000 -1.000000 -1.000000 -0.999980 -1.000000 -0.999999 -0.999997 -1.000000 -0.999990 -0.999993 -0.999992 
-1.000000 0.990834 -1.000000 -1.000000 -1.000000 -0.999998 -1.000000 -0.999979 -0.999864 -1.000000 -0.999949 -1.000000 -0.999988 -0.999422 -0.999999 -0.999831 -1.000000 -0.999988 -0.999923 -1.000000 -0.963572 -0.999988 -1.000000 -0.999998 -0.999884 -0.999997 
-1.000000 -0.999980 -0.999650 -0.999999 -0.999998 -0.999993 -0.999989 -1.000000 -0.999904 -1.000000 -0.998458 -1.000000 -0.999434 -0.989173 -1.000000 -0.999998 -0.999936 -0.999999 -0.998682 -1.000000 -0.999931 -0.982058 -1.000000 -1.000000 -0.999973 -1.000000 
-0.999962 -0.999942 -1.000000 -0.999983 -0.999991 -1.000000 -1.000000 -0.999999 -0.999997 -1.000000 -0.999995 -1.000000 -1.000000 -0.999996 -0.999612 -1.000000 -1.000000 0.999905 -0.999998 -1.000000 -1.000000 -1.000000 -0.999974 -0.999999 -1.000000 -0.999999 
-0.999997 -1.000000 -0.999995 -0.999998 -0.999596 -0.999996 -1.000000 -1.000000 -1.000000 -1.000000 -0.999883 -1.000000 -1.000000 -1.000000 -0.999947 -0.999996 -1.000000 -1.000000 -0.999782 -1.000000 -0.999985 -0.999979 -1.000000 -1.000000 -0.999934 -1.000000 
-1.000000 -1.000000 -0.999999 -1.000000 -1.000000 -1.000000 -0.999998 -1.000000 -0.999999 -1.000000 -0.999978 -0.999999 0.999959 -1.000000 -1.000000 -0.999716 -1.000000 -1.000000 -1.000000 -1.000000 -0.999976 -1.000000 -1.000000 -0.999986 -0.999999 -0.992514 
-1.000000 -0.999999 -0.999999 -0.999999 -0.974161 -0.999999 -1.000000 -1.000000 -1.000000 -0.999996 -1.000000 -1.000000 -1.000000 -1.000000 -1.000000 -1.000000 -0.999999 -0.999981 -0.999730 -0.999980 -1.000000 -0.999999 -0.999991 -1.000000 -0.999963 -1.000000 
-1.000000 -1.000000 -0.999859 -0.999999 -0.999999 -1.000000 -0.999992 -0.999995 -1.000000 -0.999938 -0.999901 -1.000000 -1.000000 -1.000000 -0.999999 -0.999998 -0.999999 -0.999997 -1.000000 -0.999996 -0.985539 -1.000000 -1.000000 -0.999999 -0.999996 -0.999997 
-0.999999 -1.000000 -1.000000 -1.000000 -1.000000 -1.000000 -0.999968 -1.000000 -0.997581 -0.999992 -1.000000 -1.000000 -0.999999 -0.999994 -0.993022 -1.000000 -0.999992 -0.999981 -0.999892 -0.999997 0.999942 -0.999119 -1.000000 -1.000000 -0.999942 -1.000000 
-0.999999 -0.999999 -0.999987 -1.000000 -0.999985 -1.000000 -1.000000 -1.000000 -0.999999 -1.000000 -1.000000 -1.000000 0.939080 -0.984635 -1.000000 -1.000000 -1.000000 -1.000000 -0.999997 -1.000000 -1.000000 -0.999997 -1.000000 -0.999983 -1.000000 -1.000000 
-0.999999 -0.999867 -1.000000 -0.999988 -1.000000 -1.000000 -1.000000 -0.999999 -0.999999 0.999941 -1.000000 -1.000000 -0.999993 -1.000000 -0.999997 -0.999997 -0.999970 -0.999999 -0.965205 -0.999999 -0.999999 -1.000000 -0.999918 -0.999901 -1.000000 -1.000000 
-0.999999 -1.000000 -1.000000 -0.999997 -0.999999 -1.000000 -0.999993 -1.000000 -0.999992 -1.000000 -0.999861 -1.000000 -1.000000 -0.999941 0.921714 -0.999985 -0.999986 -1.000000 -0.999894 -0.999999 -0.999974 -0.999999 -0.999999 -1.000000 -0.999969 -0.999999 
-0.999999 -0.999987 -1.000000 -1.000000 -0.999998 -1.000000 -1.000000 -0.999992 -0.999963 -1.000000 -1.000000 -1.000000 -0.998702 -0.999999 -1.000000 -0.999996 -1.000000 -1.000000 -0.987166 -1.000000 -0.998767 -1.000000 -1.000000 -0.999995 -0.999899 -1.000000 
-0.999999 -0.999954 -1.000000 -1.000000 -1.000000 -1.000000 -0.999928 -1.000000 -0.999999 -1.000000 -0.999999 -0.999999 -0.999922 -1.000000 -0.999972 -1.000000 -1.000000 -0.999994 -0.999998 -1.000000 -0.998755 -1.000000 -1.000000 -1.000000 -1.000000 -1.000000 
-0.999647 -0.999980 -0.999982 -0.999982 -1.000000 -0.999931 -1.000000 -1.000000 -1.000000 -0.999930 -0.999998 -1.000000 -0.991936 -0.999998 -0.999966 -0.999992 -0.999998 -0.999996 -0.990125 0.997976 -1.000000 -0.999957 -1.000000 -0.999994 -0.999209 -1.000000 
-0.999971 -0.999072 -0.999951 -0.999889 -0.999988 -0.994304 -0.995121 -0.999999 -0.994927 -0.998604 -0.999982 -0.999832 -0.999995 -1.000000 -0.996015 -0.989961 -0.999881 -0.999970 -0.952009 -1.000000 -1.000000 -0.992946 0.998748 -0.999999 -1.000000 -0.991578 
-0.999980 -0.999997 -0.999999 -0.999989 -1.000000 -0.999985 -1.000000 -1.000000 -1.000000 -0.999939 -0.999999 -1.000000 -0.999654 -0.999959 -0.999994 -0.999998 -1.000000 -0.999985 -0.999769 0.973923 -1.000000 -0.999984 -1.000000 -0.999990 -0.998800 -1.000000 
-0.999991 -0.966296 -0.999999 -1.000000 0.843748 -1.000000 -0.999997 -0.999998 -1.000000 -1.000000 -0.999718 -1.000000 -1.000000 -1.000000 -1.000000 -1.000000 -1.000000 -0.999863 -0.985367 -1.000000 -1.000000 -1.000000 -0.999997 -1.000000 -1.000000 -1.000000 
-1.000000 -0.999999 -0.999985 -1.000000 -1.000000 -0.999996 -0.999998 -1.000000 -0.999785 -1.000000 -0.999997 -1.000000 -0.999998 -0.999980 -1.000000 -0.999843 -1.000000 -0.999999 -0.992333 -1.000000 -0.999999 -0.999851 -0.991513 -1.000000 -1.000000 -0.999999 
-1.000000 -0.999999 -1.000000 -0.999943 -0.999971 -1.000000 -0.999999 -0.999993 -1.000000 -0.999668 -1.000000 -1.000000 -0.999990 -1.000000 -1.000000 -0.999977 -0.999996 -0.999997 -0.999972 -1.000000 -1.000000 -1.000000 -0.999999 -0.999999 -0.995560 -1.000000 
-1.000000 -1.000000 -0.999998 -0.999998 -1.000000 -0.999999 -1.000000 -0.999994 -1.000000 0.965161 -1.000000 -1.000000 -1.000000 -1.000000 -0.999997 -0.999998 -0.999990 -0.999999 -0.999997 -0.985465 -0.999993 -0.999995 -1.000000 -0.999996 -0.999916 -1.000000 
-1.000000 -0.999979 -1.000000 -1.000000 -0.999992 -1.000000 -0.999999 -0.999987 -1.000000 0.988818 -1.000000 -1.000000 -1.000000 -1.000000 -1.000000 -1.000000 -1.000000 -1.000000 -0.987547 -0.999999 -0.999984 -1.000000 -0.999890 -0.999545 -0.999993 -1.000000 
-0.999999 -1.000000 -1.000000 -0.999615 -0.999982 -1.000000 -1.000000 -1.000000 -1.000000 -0.999833 -1.000000 -1.000000 -0.999978 -1.000000 -1.000000 -1.000000 -0.999998 -0.999984 -0.999990 -0.999999 -1.000000 -1.000000 -0.999999 -1.000000 -0.999986 -1.000000 
-0.999990 -0.998474 -1.000000 -0.999968 -1.000000 -0.999994 -1.000000 -0.999996 -1.000000 -0.999957 -0.998418 -1.000000 -1.000000 -1.000000 -0.999997 -0.999999 -1.000000 0.996483 -0.970425 -1.000000 -1.000000 -0.999999 -1.000000 -1.000000 -1.000000 -1.000000 
-0.999999 -1.000000 -0.999999 -0.999975 -0.999127 -1.000000 -1.000000 -1.000000 -1.000000 -0.999909 -0.999973 -1.000000 -1.000000 -1.000000 -1.000000 -1.000000 -1.000000 -0.999862 -0.998992 -0.999995 -1.000000 -0.999998 -0.999036 -1.000000 -1.000000 -1.000000 
-1.000000 -1.000000 -1.000000 -1.000000 -1.000000 -1.000000 -0.999968 -1.000000 -0.999999 -1.000000 -0.999961 -1.000000 -0.999999 -0.999774 -0.999143 -0.999998 -1.000000 -1.000000 -1.000000 -0.999999 -1.000000 -0.999992 -0.999992 -1.000000 -0.999993 -1.000000 
-1.000000 -0.999999 -1.000000 -1.000000 -1.000000 -0.999952 -0.999999 -1.000000 -1.000000 -0.999919 -0.999994 -1.000000 -1.000000 -0.979305 -1.000000 -1.000000 -1.000000 -0.998304 -0.925051 -0.999967 -1.000000 -1.000000 -0.998908 -1.000000 -0.999871 -1.000000 
-1.000000 -0.999998 -1.000000 -1.000000 -0.956960 -0.999565 -1.000000 -0.999962 -0.999999 -1.000000 -0.999765 -1.000000 -0.999358 -1.000000 -1.000000 -0.999998 -1.000000 -1.000000 -0.999930 -0.999998 -1.000000 -1.000000 -1.000000 -0.999989 0.999533 -0.999999 
-0.999619 0.998265 -0.999977 -0.999992 -0.999776 -0.999993 -1.000000 -0.999999 -0.998139 -1.000000 -0.999993 -1.000000 -0.999999 -0.999669 -0.999934 -0.999377 -0.999968 -1.000000 -0.942852 -0.999978 -0.999714 -0.996456 -0.999857 -1.000000 -0.999996 -0.999980 
-1.000000 -0.999995 -0.999999 -0.999982 -1.000000 -0.999999 -1.000000 -0.999969 -1.000000 -0.988176 -1.000000 -1.000000 -0.999463 -1.000000 -0.999866 -1.000000 -1.000000 -1.000000 -0.999951 -0.972094 -0.999996 -0.999966 -1.000000 -0.999666 -0.992572 -1.000000 
-1.000000 -0.999945 -1.000000 -1.000000 -1.000000 -1.000000 -0.999546 -1.000000 -0.999987 -1.000000 -0.999999 -1.000000 -0.999909 -0.999995 0.812060 -0.999998 -0.999999 -1.000000 -0.999905 -1.000000 -0.744406 -0.998089 -1.000000 -0.999994 -0.999981 -1.000000 
-0.999978 -0.999997 -0.999999 -0.999989 -1.000000 -0.999986 -1.000000 -1.000000 -1.000000 -0.999942 -0.999999 -1.000000 -0.999640 -0.999960 -0.999992 -0.999998 -1.000000 -0.999984 -0.999772 0.974465 -1.000000 -0.999983 -1.000000 -0.999989 -0.998836 -1.000000 
-1.000000 -0.999889 -0.999992 -0.998945 -1.000000 -1.000000 -0.997309 -1.000000 -1.000000 0.980527 -1.000000 -1.000000 -0.999811 -1.000000 -0.999846 -1.000000 -1.000000 -0.999481 -0.999963 -0.990006 -0.999992 -0.999998 -0.999998 -0.999956 -1.000000 -1.000000 
-1.000000 -0.999651 -1.000000 -1.000000 -0.998368 -0.999999 -1.000000 -1.000000 -1.000000 -1.000000 -0.999592 -1.000000 -1.000000 -1.000000 -1.000000 -0.999999 -1.000000 -0.999999 -0.999999 -1.000000 -1.000000 -1.000000 -1.000000 -1.000000 -0.999999 -1.000000 
-0.999998 -1.000000 -1.000000 -0.999966 -0.999871 -1.000000 -1.000000 -0.999998 -0.999893 -1.000000 -0.999942 -0.999993 -0.999998 -0.999999 -0.999958 -0.999998 -0.999982 -0.999998 -0.999995 -1.000000 -1.000000 -0.999969 -0.999995 -1.000000 -0.999997 -0.999989 
-1.000000 -0.999992 -1.000000 -1.000000 -0.994007 -0.999984 -1.000000 -0.999995 -0.999995 -1.000000 -0.999943 -1.000000 -0.999998 -1.000000 -1.000000 -1.000000 -1.000000 -1.000000 -0.987516 -1.000000 -0.999990 -1.000000 -1.000000 -1.000000 0.999522 -1.000000 
-0.999986 -0.999855 -1.000000 -1.000000 -0.999281 -1.000000 0.727322 -1.000000 -1.000000 -1.000000 -0.999996 -1.000000 -1.000000 -0.999991 -0.999739 -0.999999 -1.000000 -0.999965 -0.999850 -0.999997 -0.999897 -0.999995 -1.000000 -0.999999 -0.999999 -0.999999 
-0.999998 -0.999997 -1.000000 -1.000000 -0.999996 -0.999943 -0.999999 -1.000000 -1.000000 -1.000000 -1.000000 -1.000000 -0.998763 -1.000000 -1.000000 -0.999976 -1.000000 -1.000000 -0.999948 0.946796 -1.000000 -1.000000 -1.000000 -0.999999 -0.999619 -1.000000 
-1.000000 -0.999999 -1.000000 -1.000000 -1.000000 -0.999999 -0.999998 -1.000000 -0.999798 -1.000000 -0.999918 -0.999999 -0.979839 -0.999393 -0.998158 -1.000000 -1.000000 -1.000000 -0.997850 -0.999999 -0.999971 -0.999991 -1.000000 -1.000000 -1.000000 -1.000000 
-1.000000 -1.000000 -1.000000 -1.000000 -1.000000 -1.000000 -0.999259 -1.000000 -0.999999 -1.000000 -0.999908 -1.000000 -0.999775 -0.998390 -0.998931 -1.000000 -1.000000 -0.999991 -0.999999 -0.999999 -0.999988 -0.999994 -1.000000 -1.000000 -1.000000 -0.999999 
-1.000000 -1.000000 -1.000000 -1.000000 -1.000000 -1.000000 -0.999973 -0.999983 -0.999999 -1.000000 -0.999995 -1.000000 -0.998259 -0.997686 -1.000000 -1.000000 -1.000000 -0.999998 -0.999995 -1.000000 -1.000000 -1.000000 -0.999995 -1.000000 -0.999993 -1.000000 
-1.000000 -0.999998 -1.000000 -1.000000 -0.996249 -1.000000 0.994436 -0.999966 -0.999994 -0.999888 -1.000000 -0.999983 -1.000000 -0.999994 -0.999796 -0.999999 -1.000000 -0.997451 -0.995427 -0.999999 -0.999999 -0.999651 -1.000000 -0.999980 -0.999999 -1.000000 
-0.999999 -0.999859 -1.000000 -1.000000 -0.999998 -1.000000 0.990475 -1.000000 -1.000000 -1.000000 -0.999969 -1.000000 -0.999994 -0.999987 -0.990978 -1.000000 -1.000000 -1.000000 -0.999903 -1.000000 -0.999961 -1.000000 -0.999999 -1.000000 -0.999990 -1.000000 
-1.000000 -0.999987 -1.000000 -1.000000 -1.000000 -1.000000 -0.999997 -1.000000 -1.000000 -1.000000 -0.999854 -1.000000 -0.999992 -0.999970 -0.999703 -1.000000 -1.000000 -1.000000 -0.999998 -0.999999 -0.999785 -1.000000 -1.000000 -1.000000 -1.000000 -1.000000 
-1.000000 -1.000000 -1.000000 -1.000000 -0.999999 -0.999987 -1.000000 -1.000000 -0.999984 -1.000000 -0.974772 -1.000000 -0.999976 -0.999981 -1.000000 -0.999979 -1.000000 -1.000000 -0.999859 -0.999999 -1.000000 -0.999999 -1.000000 -1.000000 -0.992247 -0.999990 
-1.000000 -0.999975 -0.999990 -0.999978 -0.999937 -0.999999 -1.000000 -0.999980 -1.000000 -0.998668 -0.999999 -1.000000 -0.999999 -1.000000 -1.000000 -0.999858 -1.000000 -0.997479 -0.999742 -1.000000 -1.000000 -1.000000 -0.999977 -1.000000 -0.999998 -1.000000 
-1.000000 -1.000000 -0.999998 -0.999999 -0.999999 -1.000000 -1.000000 -0.999999 -0.999975 -1.000000 -0.999999 -1.000000 -0.999988 -0.999967 -1.000000 -0.999981 -1.000000 -0.990546 -0.999988 -0.999993 -1.000000 -1.000000 -0.999999 -0.999999 -1.000000 -1.000000 
-1.000000 -0.999202 -1.000000 -0.999998 -0.999887 -1.000000 -1.000000 -0.999999 -1.000000 -0.999985 -0.999860 -1.000000 -0.999999 -1.000000 -1.000000 -0.999836 -1.000000 -0.999999 -0.999998 -0.999990 -1.000000 -1.000000 -0.999928 -0.999999 -0.999997 -1.000000 
-0.999994 -0.997209 -0.999999 -1.000000 -0.999807 -1.000000 0.991071 -1.000000 -1.000000 -0.999997 -1.000000 -1.000000 -1.000000 -0.999984 -0.999704 -0.999999 -1.000000 -1.000000 -0.953138 -1.000000 -0.999999 -0.999976 -0.999985 -1.000000 -0.999980 -1.000000 
-1.000000 -0.999934 -1.000000 -0.999993 -0.999994 -0.999999 -0.999997 -0.999977 -1.000000 -0.999961 -0.999999 -1.000000 -1.000000 -0.999986 -1.000000 -0.999996 -1.000000 0.999444 -0.999939 -1.000000 -0.999996 -1.000000 -0.999999 -1.000000 -1.000000 -0.999999 
-0.999921 -0.999770 -0.999999 -1.000000 0.979142 -1.000000 -0.999886 -1.000000 -1.000000 -1.000000 -0.999571 -1.000000 -1.000000 -1.000000 -1.000000 -1.000000 -1.000000 -1.000000 -0.987580 -1.000000 -0.999992 -1.000000 -0.999999 -1.000000 -0.999377 -1.000000 
-0.999998 -0.986802 -0.999993 -0.999990 -1.000000 -0.999996 -1.000000 -0.999900 -1.000000 -0.999955 -0.999995 -1.000000 -1.000000 -1.000000 -1.000000 -0.999992 -1.000000 -0.990629 -0.999902 -1.000000 -1.000000 -0.999999 -1.000000 -0.999997 -1.000000 -1.000000 
-1.000000 -1.000000 -1.000000 -0.999999 -1.000000 -1.000000 -0.999996 -1.000000 -1.000000 -1.000000 -0.999995 -0.999999 -0.999988 -0.999971 -0.999921 -1.000000 -1.000000 -1.000000 -0.999997 -0.999520 -0.999999 -1.000000 -0.999997 -1.000000 -1.000000 -1.000000 
-1.000000 -0.999998 -1.000000 -1.000000 -1.000000 -0.999998 -1.000000 -0.999998 -0.999844 -1.000000 -0.999995 -1.000000 -0.996522 -0.999978 -1.000000 -0.999995 -1.000000 -0.999998 -0.998612 -0.999994 -0.999950 -1.000000 -1.000000 -1.000000 -0.999746 -1.000000 
-0.999988 -1.000000 -1.000000 -0.999891 -0.999995 -0.999998 -0.999973 -0.999997 -0.997077 -0.999999 -0.999974 -1.000000 -1.000000 -1.000000 -0.970588 -0.999987 -1.000000 -0.999021 -1.000000 -0.999997 0.944526 -0.999998 -1.000000 -0.999999 -0.997766 -1.000000 
-1.000000 -1.000000 -1.000000 -1.000000 -1.000000 -1.000000 -0.999997 -1.000000 -0.999999 -1.000000 -1.000000 -0.999999 -0.999850 -0.998907 0.994551 -1.000000 -0.999846 -1.000000 -0.997068 -1.000000 -0.999517 -0.999998 -0.999973 -0.999988 -1.000000 -0.999997 
-1.000000 -0.999983 -1.000000 -1.000000 -1.000000 -0.999999 -0.999602 -1.000000 -0.999999 -0.999930 -1.000000 -1.000000 -0.999994 -0.960465 -1.000000 -0.999948 -0.999998 -1.000000 -0.999982 -1.000000 -1.000000 -0.999946 0.940527 -0.999864 -1.000000 -0.999980 
-1.000000 -0.999994 -1.000000 -1.000000 -0.999989 -1.000000 -0.996442 -1.000000 -1.000000 -1.000000 -0.999968 -0.999992 -0.999964 -0.999732 0.997679 -0.999992 -1.000000 -0.999998 -0.996745 -1.000000 -0.999777 -0.999871 -1.000000 -1.000000 -0.999619 -1.000000 
-0.999986 -1.000000 -1.000000 -0.999994 -1.000000 -0.999990 -0.999979 -1.000000 -0.999975 -0.999957 -0.999998 -1.000000 -0.999551 0.999118 -0.999991 -0.999462 -0.998972 -1.000000 -0.999991 -0.918974 -0.999321 -0.999921 -0.999997 -1.000000 -0.999998 -0.999990 
-1.000000 -1.000000 -1.000000 -1.000000 -0.999633 -1.000000 -1.000000 -1.000000 -1.000000 -1.000000 -1.000000 -1.000000 -0.999999 -1.000000 -1.000000 -1.000000 -1.000000 -0.999996 -1.000000 -1.000000 -1.000000 -1.000000 -1.000000 -0.999996 -0.999993 -1.000000 
-0.999999 -0.999986 -0.999979 -0.999974 -0.999999 -1.000000 -1.000000 -1.000000 -1.000000 -0.999920 -1.000000 -1.000000 -0.999904 -1.000000 -0.999568 -0.999999 -0.999999 -1.000000 -0.999633 -0.996974 -0.999999 -0.999999 -1.000000 -0.999644 -1.000000 -1.000000 
-1.000000 -0.999996 -0.999996 -1.000000 -0.999997 -1.000000 -0.999999 -1.000000 -1.000000 -1.000000 -0.999138 -1.000000 -0.999998 -0.982403 -1.000000 -1.000000 -1.000000 -0.983919 -0.994321 -0.999995 -1.000000 -0.999997 -0.999972 -0.999994 -1.000000 -1.000000 
-1.000000 -0.981289 -0.999999 -1.000000 -0.977926 -1.000000 -1.000000 -1.000000 -0.999998 -1.000000 -0.972625 -1.000000 -0.999999 -1.000000 -1.000000 -1.000000 -1.000000 -1.000000 -0.996244 -1.000000 -0.999999 -1.000000 -1.000000 -1.000000 -0.999998 -1.000000 
-0.999999 -0.994584 -1.000000 -1.000000 -0.996332 -1.000000 -1.000000 -1.000000 -0.999887 -0.999970 -1.000000 -1.000000 -0.999999 -1.000000 -0.999983 -1.000000 -0.999995 -0.998583 -0.981515 -1.000000 -0.999997 -0.999994 -0.999982 -1.000000 -1.000000 -1.000000 
-1.000000 -1.000000 -0.999999 -0.999944 -1.000000 -0.999999 -1.000000 -0.999907 -1.000000 0.957066 -0.999996 -1.000000 -0.999982 -1.000000 -0.999994 -0.999996 -0.999997 -0.999998 -1.000000 -0.997877 -1.000000 -0.999975 -1.000000 -0.999974 -0.999448 -1.000000 
-1.000000 -1.000000 -1.000000 -1.000000 -1.000000 -0.999981 -1.000000 -0.999965 -1.000000 -1.000000 0.994177 -1.000000 -0.999999 -0.995261 -1.000000 -0.999996 -1.000000 -0.964686 -0.999263 -1.000000 -1.000000 -1.000000 -1.000000 -1.000000 -0.999986 -0.999999 
-1.000000 -0.994521 -0.999999 -0.999997 -0.999988 -0.999995 -1.000000 -0.999981 -1.000000 -0.999993 -1.000000 -1.000000 -0.999521 -1.000000 -1.000000 -0.999951 -1.000000 -0.999982 -1.000000 -1.000000 -0.999975 -1.000000 -1.000000 -1.000000 -0.999454 -1.000000 
-1.000000 -0.999971 -0.999999 -0.999964 -1.000000 -1.000000 -0.999338 -0.999982 -1.000000 0.999839 -1.000000 -1.000000 -0.999966 -1.000000 -0.999999 -0.999999 -0.999999 -1.000000 -0.998713 -0.998936 -1.000000 -1.000000 -0.999998 -0.999957 -1.000000 -0.999999 
-0.999813 -0.994660 -0.999884 -0.999844 0.992900 -0.999994 -1.000000 -0.999994 -0.999971 -1.000000 -0.961580 -1.000000 -0.999999 -1.000000 -1.000000 -1.000000 -0.999851 -0.999948 -0.999087 -0.999999 -0.999988 -0.999992 -1.000000 -1.000000 -0.999981 -0.999993 
-0.999665 -0.999930 -0.999810 -0.997609 -0.999999 -1.000000 -1.000000 -0.999995 -1.000000 -0.999994 -0.999995 -1.000000 -0.999998 -1.000000 -1.000000 -1.000000 -1.000000 -0.993102 -0.999998 -0.999999 -1.000000 -1.000000 -1.000000 -1.000000 -1.000000 -1.000000 
-0.999915 -0.986026 -0.999954 -0.999560 -0.999962 -1.000000 -1.000000 -0.999958 -1.000000 -0.999988 -0.999999 -1.000000 -0.999996 -1.000000 -1.000000 -0.999989 -1.000000 -0.996141 -0.999998 -1.000000 -1.000000 -0.999996 -1.000000 -1.000000 -0.999987 -1.000000 
-0.999044 -0.979169 -0.999985 -0.999814 -0.999606 -0.999997 -1.000000 -0.999954 -0.999997 -1.000000 -0.999993 -1.000000 -1.000000 -0.999991 -1.000000 -0.999999 -1.000000 0.999253 -0.996480 -0.999791 -1.000000 -1.000000 -0.999719 -0.999984 -1.000000 -0.999991 
-1.000000 -0.999570 -1.000000 -1.000000 -1.000000 -1.000000 -1.000000 -0.999995 -1.000000 0.899421 -1.000000 -1.000000 -0.999999 -1.000000 -0.999960 -1.000000 -1.000000 -1.000000 -0.996400 -0.999987 -1.000000 -1.000000 -0.999141 -0.995195 -1.000000 -1.000000 
-0.999999 -0.999955 -1.000000 -0.999999 -1.000000 -1.000000 -0.983916 -1.000000 -1.000000 -0.999982 -0.999998 -1.000000 -0.999999 -0.999954 0.991355 -1.000000 -0.999997 -0.999996 -0.999991 -0.999999 -0.999994 -1.000000 -0.999928 -1.000000 -1.000000 -1.000000 
-1.000000 -1.000000 -0.999982 -1.000000 -0.999928 -1.000000 -1.000000 -1.000000 -1.000000 -1.000000 -0.999810 -1.000000 -1.000000 -0.999995 -1.000000 -0.999999 -1.000000 -0.999621 -0.999981 -1.000000 -1.000000 -1.000000 -0.999897 -1.000000 -1.000000 -0.999998 
-0.999999 -1.000000 -1.000000 -0.999982 -1.000000 -1.000000 -0.999755 -1.000000 -0.999995 -1.000000 -0.999592 -1.000000 -0.999998 -0.999958 -0.990326 -0.999994 -0.999984 -1.000000 -0.999867 -0.999998 -1.000000 -1.000000 -0.999997 -1.000000 -1.000000 -1.000000 
-0.999398 -0.977351 -0.999996 -0.999890 -1.000000 -1.000000 -0.999999 -0.999990 -0.999999 -0.999978 -1.000000 -1.000000 -0.999999 -1.000000 -0.999993 -0.999963 -1.000000 -0.999583 -0.995933 -1.000000 -0.975835 -1.000000 -1.000000 -0.999987 -0.999992 -0.999999 
-1.000000 -0.999820 -1.000000 -0.999999 -1.000000 -1.000000 -0.999677 -0.999999 -1.000000 0.994667 -0.999999 -1.000000 -1.000000 -1.000000 -0.999997 -0.999999 -0.999994 -0.999994 -0.977241 -1.000000 -0.999998 -1.000000 -0.997963 -0.999999 -1.000000 -1.000000 
-1.000000 -0.999998 -1.000000 -1.000000 -1.000000 -1.000000 -1.000000 -0.999999 -0.999999 -1.000000 -0.999563 -1.000000 -0.999998 -0.999368 -1.000000 -0.999988 -1.000000 -0.999853 -0.999988 -1.000000 -0.999996 -1.000000 -1.000000 -1.000000 -0.999996 -1.000000 
-1.000000 -0.999945 -1.000000 -0.999999 -1.000000 -0.999998 -1.000000 -0.999975 -1.000000 -0.999618 -1.000000 -1.000000 -0.999128 -1.000000 -1.000000 -1.000000 -1.000000 -0.999456 -0.999998 -1.000000 -0.999949 -1.000000 -1.000000 -1.000000 -0.999958 -1.000000 
-1.000000 -0.999978 -1.000000 -0.999999 -0.999222 -1.000000 -1.000000 -0.999995 -1.000000 -1.000000 -1.000000 -1.000000 -0.997602 -1.000000 -1.000000 -1.000000 -1.000000 -1.000000 -0.999991 -1.000000 -0.999972 -0.999999 -1.000000 -0.999993 -0.999143 -0.999991 
-1.000000 -0.999954 -1.000000 -0.999989 -0.999998 -1.000000 -0.999907 -1.000000 -1.000000 -0.999985 -0.999978 -1.000000 -0.999916 -1.000000 -0.999999 -0.999997 -1.000000 -1.000000 -0.999987 -0.999958 -1.000000 -1.000000 -0.999999 -0.999999 -0.999648 -1.000000 
-0.999999 -1.000000 -1.000000 -0.999999 -1.000000 -1.000000 -1.000000 -1.000000 -0.999998 -1.000000 -0.999999 -1.000000 -0.999977 -0.999999 0.978672 -1.000000 -0.999991 -0.946166 -1.000000 -1.000000 -0.999999 -0.999928 -0.999993 -1.000000 -1.000000 -0.999970 
-1.000000 -0.999982 -0.999793 -1.000000 -1.000000 -1.000000 -0.999964 -1.000000 -0.999999 -0.999994 -0.999998 -1.000000 -0.999999 -0.999968 -1.000000 -0.999952 -1.000000 -0.999998 -0.996309 -1.000000 -1.000000 -1.000000 -0.999038 -1.000000 -1.000000 -0.999963 
-1.000000 -1.000000 -0.999982 -1.000000 -0.998818 -1.000000 -0.992818 -0.999999 -1.000000 -1.000000 -0.948454 -1.000000 -1.000000 -1.000000 -1.000000 -1.000000 -1.000000 -1.000000 -0.999999 -1.000000 -0.999230 -1.000000 -1.000000 -1.000000 -0.999998 -1.000000 
-0.999983 -0.996680 -1.000000 -0.999998 -0.999726 -1.000000 -0.999955 -1.000000 -1.000000 -0.999993 -0.978413 -1.000000 -0.999998 -0.999995 -0.999997 -1.000000 -1.000000 -0.999902 0.998522 -1.000000 -0.999978 -1.000000 -0.999999 -0.999999 -0.999845 -1.000000 
-0.999812 -0.991794 -0.999999 -1.000000 -1.000000 -0.999999 -1.000000 -0.999870 -0.999998 -0.999987 -0.999995 -0.999999 -0.999580 -0.999987 -0.999941 -0.999811 -1.000000 -0.999042 -0.999991 -1.000000 -1.000000 -0.999934 -0.996910 -0.999989 -1.000000 -0.998274 
-0.999996 -0.999999 -0.999999 -1.000000 -1.000000 -0.999979 -0.999203 -1.000000 -0.999999 -1.000000 -0.992743 -0.999999 -0.999998 -0.999921 0.999951 -0.999984 -0.999994 -1.000000 -0.999995 -0.999983 -0.997098 -0.999943 -1.000000 -1.000000 -0.999980 -1.000000 
-1.000000 -0.988676 -0.999993 -1.000000 -0.999989 -1.000000 -0.999884 -0.999998 -1.000000 -1.000000 -0.998196 -1.000000 -0.999753 -0.999624 -1.000000 -0.999963 -1.000000 -0.976335 -0.999978 -1.000000 -0.999960 -1.000000 -1.000000 -1.000000 -1.000000 -1.000000 
-0.999996 -0.999076 -0.999996 -1.000000 -1.000000 -0.999995 -1.000000 -0.999999 -0.999845 -1.000000 -1.000000 -0.999967 -0.999976 -0.999778 -0.999997 -0.985520 -1.000000 -0.998675 -0.999995 -1.000000 -0.999915 -1.000000 -0.999999 -1.000000 -1.000000 -0.992056 
-1.000000 -1.000000 -1.000000 -0.999998 -1.000000 -1.000000 -1.000000 -1.000000 -1.000000 -0.999999 -0.999998 -0.999999 -0.999992 -0.999993 -0.999574 -1.000000 -1.000000 -1.000000 -0.871581 -0.999995 -0.999999 -0.999999 -0.999995 -0.999996 -0.999869 -0.999993 
-1.000000 -0.999999 -0.999997 -0.999993 -0.999914 -1.000000 -1.000000 -0.999995 -1.000000 -0.999983 -0.999998 -1.000000 -0.999751 -1.000000 -1.000000 -0.999999 -1.000000 -1.000000 -1.000000 -1.000000 -1.000000 -1.000000 -1.000000 -0.999985 -0.999966 -0.999993 
-0.999984 -1.000000 -0.999996 -0.999999 -0.999475 -1.000000 -0.999994 -1.000000 -1.000000 -0.999948 -1.000000 -1.000000 -1.000000 -1.000000 -1.000000 -1.000000 -0.999997 -0.999999 -0.999999 -0.985725 -1.000000 -0.999999 -0.999462 -1.000000 -0.999991 -0.999999 
-0.999999 -0.998970 -0.999997 -0.999970 -0.999999 -1.000000 -1.000000 -0.999989 -1.000000 -0.999998 -0.999998 -1.000000 -1.000000 -0.999986 -1.000000 -1.000000 -1.000000 0.963716 -0.999990 -0.999999 -1.000000 -1.000000 -0.999999 -0.999993 -1.000000 -1.000000 
-0.999999 -1.000000 -1.000000 -1.000000 -1.000000 -0.999999 -1.000000 -1.000000 -1.000000 -1.000000 -1.000000 -1.000000 0.967692 -0.999738 -1.000000 -0.999993 -1.000000 -0.999902 -0.999852 -1.000000 -0.999998 -1.000000 -1.000000 -1.000000 -1.000000 -1.000000 
-1.000000 -0.999700 -1.000000 -0.999999 -0.999999 -1.000000 -0.999029 -1.000000 -1.000000 0.989713 -1.000000 -1.000000 -1.000000 -1.000000 -1.000000 -1.000000 -1.000000 -1.000000 -0.995761 -1.000000 -0.999999 -1.000000 -0.999955 -0.999989 -1.000000 -1.000000 
-1.000000 -1.000000 -0.999603 -0.999987 -1.000000 -0.999445 -0.999950 -0.999995 -1.000000 -0.996973 -0.999996 -1.000000 -0.999988 -0.999997 -0.998674 -0.999820 -0.999675 -0.999999 -0.999545 0.830493 -0.999956 -0.996352 -1.000000 -0.999985 -0.999963 -1.000000 
-0.999983 -0.999999 -0.999999 -0.999999 -0.999903 -1.000000 -1.000000 -1.000000 -1.000000 -1.000000 -0.999999 -1.000000 -0.999959 -0.998188 -1.000000 -0.999999 -0.999997 -1.000000 -0.999999 -1.000000 -0.999995 -0.999999 -1.000000 -1.000000 -0.999993 -1.000000 
-1.000000 -1.000000 -1.000000 -0.999999 -1.000000 -1.000000 -0.999996 -1.000000 -1.000000 -1.000000 -0.999995 -0.999999 -0.999988 -0.999971 -0.999922 -1.000000 -1.000000 -1.000000 -0.999997 -0.999464 -0.999999 -1.000000 -0.999997 -1.000000 -1.000000 -1.000000 
-0.999996 -0.999250 -0.999999 -0.999989 -0.999152 -0.999999 -1.000000 -0.999982 -0.999997 -0.999960 -0.999962 -1.000000 -1.000000 -1.000000 -1.000000 -1.000000 -1.000000 0.999486 -0.999989 -1.000000 -1.000000 -1.000000 -0.999994 -1.000000 -0.999999 -1.000000 
-0.999998 -0.999999 -0.999885 -0.994253 -1.000000 -0.999741 -1.000000 -0.999985 -0.999967 -0.980624 -0.999998 -1.000000 -1.000000 -1.000000 -0.999996 -0.999998 -0.987854 -0.999900 -0.999917 0.969291 -0.999992 -0.994944 -1.000000 -0.999543 -0.985334 -0.999998 
-0.999988 -0.999811 -0.999999 -0.999985 -0.999982 -1.000000 -1.000000 -0.999999 -1.000000 -0.999378 -0.999998 -1.000000 -0.998847 -0.998978 -1.000000 -1.000000 -1.000000 -0.999998 -0.817079 0.990836 -1.000000 -0.999989 -0.999998 -0.997539 -0.999785 -1.000000 
-0.999989 -0.999568 -0.997337 -0.999976 -0.999996 -0.999995 -1.000000 -0.999996 -0.999501 -1.000000 -0.986980 -1.000000 -1.000000 -1.000000 -1.000000 -1.000000 -1.000000 0.987115 -0.999413 -0.999974 -1.000000 -1.000000 -1.000000 -1.000000 -1.000000 -1.000000 
-1.000000 -0.999977 -1.000000 -0.999994 0.945086 -1.000000 -0.999993 -0.999968 -0.999770 -1.000000 -1.000000 -1.000000 -0.999999 -1.000000 -1.000000 -1.000000 -0.999999 -1.000000 -0.913096 -0.999999 -0.999995 -1.000000 -0.999997 -0.999991 -0.995056 -1.000000 
-1.000000 -0.999964 -1.000000 -1.000000 -0.999997 -1.000000 -1.000000 -1.000000 -1.000000 -0.999999 -1.000000 -1.000000 -1.000000 -1.000000 -1.000000 -1.000000 -1.000000 -1.000000 -0.999989 -0.999994 -1.000000 -1.000000 -1.000000 -1.000000 -0.999994 -1.000000 
-0.999999 -0.999965 -0.999914 -0.999805 -0.999721 -1.000000 -0.997589 -0.999974 -1.000000 -0.999991 -0.999985 -0.999989 -0.997233 -0.999892 -1.000000 -0.999976 -1.000000 -0.999850 -0.999995 -1.000000 -1.000000 -1.000000 -0.999997 -0.999981 -0.999997 -0.999993 
-0.999986 -0.999997 -1.000000 -1.000000 -1.000000 -0.999879 -1.000000 -0.998064 -0.999999 -1.000000 -0.999991 -1.000000 -0.984161 -1.000000 -0.999991 -0.999977 -1.000000 -0.999984 -0.999967 -0.999999 -0.999987 -1.000000 -1.000000 -0.999989 0.999978 -0.999999 
-1.000000 -0.998098 -1.000000 -1.000000 -0.999966 -1.000000 0.998542 -1.000000 -1.000000 -1.000000 -1.000000 -0.999983 -0.999997 -0.999989 -0.999997 -1.000000 -1.000000 -1.000000 -0.997590 -0.999821 -0.999999 -0.999996 -1.000000 -0.999985 -1.000000 -0.999997 
-1.000000 -0.999333 -0.999999 -0.999964 -0.999964 -1.000000 -1.000000 -0.999999 -1.000000 -0.998320 -0.999997 -1.000000 -0.999583 -1.000000 -0.999998 -1.000000 -0.999999 -1.000000 -0.995697 -0.959997 -1.000000 -1.000000 -0.999987 -0.999483 -1.000000 -1.000000 
-0.999999 0.996609 -1.000000 -0.999998 -0.999993 -1.000000 -0.999988 -0.999951 -0.999998 -0.999978 -0.999851 -1.000000 -0.999999 -1.000000 -0.999999 -0.999998 -1.000000 -0.999514 -0.991699 -1.000000 -0.999836 -1.000000 -0.999933 -1.000000 -1.000000 -0.999995 
-1.000000 -0.999949 -0.999999 -0.999966 -0.999996 -1.000000 -1.000000 -0.999993 -1.000000 -0.996391 -1.000000 -1.000000 -0.999961 -0.999999 -1.000000 -1.000000 -1.000000 -0.999999 -0.998689 -0.994803 -1.000000 -1.000000 -0.999997 -0.999917 -0.999996 -1.000000 
-1.000000 -0.999997 -1.000000 -1.000000 -1.000000 -1.000000 -0.999997 -1.000000 -1.000000 -0.997089 -1.000000 -1.000000 -0.999867 -0.999983 -0.982484 -0.998724 -0.999999 -0.999866 -1.000000 -0.999908 -0.998192 -1.000000 -0.999468 -0.999990 -1.000000 -0.999998 
-1.000000 -0.999653 -1.000000 -0.999907 -0.999059 -1.000000 -1.000000 -1.000000 -0.999999 -0.999999 -1.000000 -1.000000 -1.000000 -1.000000 -1.000000 -1.000000 -0.999967 -1.000000 -0.985194 -1.000000 -0.999997 -0.999997 -1.000000 -1.000000 -0.941009 -1.000000 
-0.999990 -1.000000 -1.000000 -1.000000 -1.000000 -1.000000 -0.999719 -1.000000 -0.999999 -0.999926 -0.999186 -1.000000 -0.999906 0.999982 -0.999997 -0.999959 -0.999995 -0.999988 -0.978504 -0.999999 -0.990682 -0.999875 -0.999966 -1.000000 -0.999987 -1.000000 
-0.999918 -0.998441 -0.999988 -0.999958 -0.998734 -1.000000 -1.000000 -0.999999 -1.000000 -0.999988 -0.999999 -1.000000 -1.000000 -1.000000 -1.000000 -0.999998 -1.000000 -0.995075 -0.999513 -1.000000 -1.000000 -0.999999 -1.000000 -1.000000 -0.999997 -1.000000 
-0.999999 -0.999995 -1.000000 -1.000000 -0.990803 -0.999960 -1.000000 -0.999999 -1.000000 -1.000000 -0.990881 -1.000000 -1.000000 -1.000000 -1.000000 -1.000000 -1.000000 -1.000000 -0.999971 -1.000000 -0.999997 -1.000000 -1.000000 -1.000000 -0.999709 -1.000000 
-1.000000 -0.999999 -1.000000 -1.000000 -1.000000 -0.999998 -0.999958 -1.000000 -0.999999 -1.000000 -0.999498 -0.999998 -0.998865 0.998572 -1.000000 -0.999970 -1.000000 -0.996122 -0.999978 -0.999953 -1.000000 -0.999992 -1.000000 -1.000000 -1.000000 -0.999998 
-0.999996 -0.999999 -1.000000 -0.999865 -0.999999 -0.999327 -1.000000 -0.999982 -0.999999 -1.000000 -0.999974 -1.000000 -0.999983 -0.991474 -0.999991 -0.999994 -1.000000 -0.999983 -0.999007 -0.949978 -1.000000 -0.999763 -1.000000 -1.000000 0.976960 -0.999995 
-1.000000 -1.000000 -0.999999 -1.000000 -0.966123 -1.000000 -0.999998 -1.000000 -0.999993 -1.000000 -1.000000 -1.000000 -0.999972 -1.000000 -0.999999 -1.000000 -0.999999 -1.000000 -0.925581 -1.000000 -0.999994 -1.000000 -1.000000 -0.999999 -0.999948 -1.000000 
-0.999996 -0.999978 -1.000000 -1.000000 -0.991625 -0.999996 -1.000000 -0.999999 -0.999974 -1.000000 -0.991632 -1.000000 -1.000000 -1.000000 -1.000000 -0.999995 -1.000000 -1.000000 -0.998663 -1.000000 -0.999657 -1.000000 -1.000000 -1.000000 -0.993637 -1.000000 
-0.999999 -0.924963 -0.999993 -1.000000 -0.999837 -1.000000 -0.992140 -1.000000 -1.000000 -1.000000 -0.999996 -1.000000 -0.999999 -0.999999 -1.000000 -1.000000 -1.000000 -1.000000 0.972245 -1.000000 -1.000000 -1.000000 -0.999998 -0.999975 -0.999998 -1.000000 
-0.999987 -0.966606 -0.999854 -0.998718 -1.000000 -1.000000 -1.000000 -0.999999 -1.000000 0.939290 -1.000000 -1.000000 -0.995067 -1.000000 -0.999979 -0.999999 -0.999979 -0.999999 -0.986682 -0.998773 -1.000000 -0.999995 -0.997295 -0.991796 -1.000000 -1.000000 
-0.999999 -0.999990 -0.999999 -1.000000 -1.000000 -1.000000 -0.999479 -1.000000 -1.000000 -1.000000 -0.996428 -1.000000 -0.999735 -0.997143 -0.997294 -0.999982 -1.000000 -1.000000 -1.000000 -0.999999 0.993658 -0.999487 -1.000000 -1.000000 -0.999999 -0.999998 
-0.999988 -1.000000 -1.000000 -1.000000 -1.000000 -1.000000 -0.999993 -0.999987 -0.999997 -1.000000 -0.999998 -1.000000 -0.999868 -0.996299 -0.999944 -1.000000 -0.999994 -0.996875 -0.999759 -0.999870 -0.998808 -0.999991 -0.999957 -0.999999 -0.986963 -0.999998 
-0.994319 -0.992264 -0.951928 -0.999998 0.999792 -1.000000 -0.999959 -0.999973 -1.000000 -1.000000 -0.999994 -1.000000 -1.000000 -1.000000 -1.000000 -1.000000 -0.999999 -0.998838 -0.998588 -0.999990 -1.000000 -1.000000 -0.999999 -1.000000 -0.999105 -1.000000 
-0.999998 0.999967 -1.000000 -0.999999 -0.999996 -1.000000 -0.999991 -1.000000 -1.000000 -1.000000 -0.999988 -1.000000 -0.999598 -1.000000 -1.000000 -0.999999 -1.000000 -1.000000 -0.839973 -1.000000 -1.000000 -1.000000 -0.999996 -1.000000 -1.000000 -1.000000 
-0.999999 -0.998601 -1.000000 -1.000000 -0.999991 -0.999997 -0.965538 -1.000000 -1.000000 -1.000000 -0.999992 -1.000000 -0.999418 -0.999997 -1.000000 -1.000000 -1.000000 -1.000000 0.999998 -0.999998 -0.999961 -0.999993 -0.999997 -0.999995 -0.999524 -0.999998 
-1.000000 -0.999999 -1.000000 -1.000000 -1.000000 -1.000000 -0.998929 -1.000000 -0.999994 -0.999999 -0.999943 -1.000000 -0.999959 -0.999983 -0.999995 -0.999997 -1.000000 -1.000000 -0.999472 -1.000000 0.996023 -1.000000 -1.000000 -1.000000 -1.000000 -1.000000 
-0.999999 -0.999895 -0.999993 -0.999999 -0.999998 -1.000000 -1.000000 -0.999997 -1.000000 -0.999902 -0.999999 -1.000000 -0.999949 -1.000000 -0.999158 -1.000000 -1.000000 -0.999998 -1.000000 -1.000000 -0.999758 -1.000000 -1.000000 -0.999999 -0.999867 -0.999863 
-1.000000 -1.000000 -0.999998 -1.000000 -1.000000 -1.000000 -1.000000 -1.000000 -0.999998 -1.000000 -0.999992 -0.999996 0.999991 -1.000000 -1.000000 -1.000000 -1.000000 -0.999997 -0.999999 -1.000000 -1.000000 -1.000000 -1.000000 -0.999999 -0.999999 -0.999650 
-0.999998 -0.995357 -0.999999 -0.999995 -1.000000 -0.999965 -0.999996 -0.999645 -0.999756 -1.000000 -0.998233 -1.000000 -0.999919 -0.983816 -1.000000 -0.999959 -1.000000 -0.999967 -0.996917 -1.000000 -0.997455 -0.999999 -1.000000 -0.999996 -0.999999 -0.999991 
-1.000000 -1.000000 -1.000000 -0.999998 -1.000000 -1.000000 -0.999570 -1.000000 -1.000000 -1.000000 -1.000000 -0.999913 -0.999991 -0.999847 -0.864805 -1.000000 -1.000000 -0.999944 -0.999946 -1.000000 -0.998967 -0.999999 -1.000000 -1.000000 -1.000000 -1.000000 
-0.999975 -0.999655 -0.999996 -0.999997 -0.998388 -1.000000 -1.000000 -1.000000 -0.999894 -1.000000 -0.998764 -1.000000 -1.000000 -0.999102 -0.925884 -0.999999 -0.999959 -0.999999 -1.000000 -1.000000 -0.999623 -0.999994 -1.000000 -1.000000 -0.999999 -1.000000 
-1.000000 -0.999996 -0.999999 -1.000000 -0.999515 -1.000000 -0.999628 -0.999982 -1.000000 -0.999997 -0.999897 -0.999991 -0.999923 -0.999980 -0.999994 -0.997897 -0.999996 -1.000000 -0.999999 -1.000000 -1.000000 -0.999998 0.998198 -0.999990 -1.000000 -0.999796 
-0.999999 -0.996166 -0.999998 -1.000000 -0.999848 -1.000000 -0.999978 -1.000000 -1.000000 -1.000000 -0.999500 -1.000000 -0.999238 -1.000000 -1.000000 -0.999995 -1.000000 -1.000000 0.999350 -1.000000 -1.000000 -1.000000 -0.999992 -1.000000 -1.000000 -1.000000 
-1.000000 -0.999286 -1.000000 -0.999928 -0.999943 -0.999997 -1.000000 -0.999686 -0.999983 -0.999549 -1.000000 -1.000000 -1.000000 -1.000000 -1.000000 -0.999934 -1.000000 -0.999496 -0.999971 -1.000000 -1.000000 -1.000000 -1.000000 -1.000000 -0.999785 -1.000000 
-1.000000 -1.000000 -1.000000 -1.000000 -1.000000 -0.999999 -0.999676 -1.000000 -0.999998 -1.000000 -0.999873 -1.000000 -0.999971 0.999920 -1.000000 -1.000000 -1.000000 -0.999435 -0.936667 -0.999934 -0.999995 -0.999994 -0.997403 -0.999999 -1.000000 -1.000000 
-1.000000 -0.999999 -1.000000 -1.000000 -1.000000 -1.000000 -1.000000 -1.000000 -1.000000 -1.000000 -0.999998 -1.000000 0.979227 -0.998595 -1.000000 -0.999985 -1.000000 -1.000000 -0.999999 -1.000000 -0.999984 -1.000000 -0.999996 -1.000000 -1.000000 -0.998800 
-1.000000 -0.999873 -0.999999 -1.000000 -0.999998 -1.000000 -1.000000 -1.000000 -1.000000 -1.000000 0.990163 -1.000000 -0.999996 -0.999958 -1.000000 -0.999993 -1.000000 -0.995103 -0.999709 -0.999989 -0.999998 -1.000000 -1.000000 -1.000000 -1.000000 -1.000000 
-1.000000 -0.998211 -0.999999 -1.000000 -0.999115 -0.999997 -1.000000 -0.999999 -1.000000 -1.000000 -0.999985 -1.000000 -1.000000 -1.000000 -1.000000 -0.999997 -1.000000 0.993458 -0.999998 -1.000000 -1.000000 -1.000000 -0.999983 -1.000000 -1.000000 -1.000000 
-0.999998 -0.998638 -1.000000 -0.999979 -1.000000 -1.000000 -0.999865 -1.000000 -1.000000 0.997877 -1.000000 -1.000000 -0.999997 -0.999999 -0.999998 -1.000000 -0.999995 -1.000000 -0.986023 -0.999923 -0.999998 -1.000000 -0.997123 -0.999628 -1.000000 -1.000000 
-1.000000 -0.992985 -0.999486 -1.000000 -0.999891 -0.999999 -0.991330 -1.000000 -0.999935 -0.978108 -1.000000 -0.999979 -1.000000 -0.999932 -0.999974 -0.999458 -1.000000 -0.999995 -0.999992 -1.000000 -1.000000 -0.997615 1.000000 -0.999943 -1.000000 -0.999440 
-1.000000 -1.000000 -0.999999 -1.000000 -1.000000 -1.000000 -0.998516 -0.999996 -1.000000 -1.000000 -0.999987 -1.000000 -0.999972 -0.989345 -1.000000 -0.999998 -1.000000 -1.000000 -0.999986 -1.000000 -1.000000 -1.000000 -0.999999 -0.999996 -1.000000 -0.999948 
-1.000000 -0.966192 -0.999990 -1.000000 -0.999995 -1.000000 -0.999999 -1.000000 -0.999943 -0.999819 -0.999975 -1.000000 -1.000000 -1.000000 -0.994217 -0.999628 -1.000000 -0.999972 -0.999975 -1.000000 -1.000000 -1.000000 0.995412 -0.999998 -1.000000 -0.999995 
-0.999952 -1.000000 -0.997793 -1.000000 -0.992455 -1.000000 -0.999957 -1.000000 -0.999948 -1.000000 -0.999575 -0.999709 -0.999998 -0.999990 -0.999982 -0.999998 -1.000000 -0.999991 -0.997625 -1.000000 -0.999242 -0.999953 -0.999999 -0.999999 -0.999999 -1.000000 
-1.000000 -0.999341 -1.000000 -1.000000 -1.000000 -1.000000 -0.999778 -1.000000 -0.999990 -1.000000 -0.999809 -1.000000 -0.999915 -0.994557 -1.000000 -0.999997 -1.000000 -0.999999 -0.999961 -1.000000 -0.997611 -1.000000 -1.000000 -1.000000 -1.000000 -0.999986 
-0.999946 -0.999997 -0.999987 -0.995102 -1.000000 -0.999999 -1.000000 -0.999814 -1.000000 -0.955745 -1.000000 -1.000000 -0.999999 -0.999999 -1.000000 -1.000000 -0.999999 -0.999999 -0.999674 0.997205 -1.000000 -0.999970 -0.999999 -0.970301 -0.999993 -1.000000 
-1.000000 -1.000000 -0.999998 -1.000000 -0.999999 -1.000000 -0.999814 -0.999999 -0.999990 -1.000000 -0.999970 -1.000000 -0.999990 -1.000000 -0.999992 -0.999997 -0.999997 -1.000000 -0.999950 -1.000000 -0.987433 -0.999004 -1.000000 -1.000000 -0.985061 -0.999998 
-1.000000 -0.999927 -1.000000 -1.000000 -0.999996 -0.999964 -1.000000 -1.000000 -1.000000 -1.000000 0.993936 -1.000000 -0.999980 -0.999808 -1.000000 -0.999994 -1.000000 -0.999999 -0.999532 -1.000000 -0.999996 -0.999999 -1.000000 -1.000000 -0.999709 -1.000000 
-0.999840 -0.994431 -1.000000 -1.000000 -1.000000 -0.999983 -0.999988 -0.999996 -1.000000 -1.000000 -0.999346 -1.000000 -0.999890 0.980327 -0.999986 -0.999920 -1.000000 -0.998184 -0.999211 -0.999999 -0.999737 -0.998892 -1.000000 -0.999999 -0.997212 -0.999977 
-1.000000 -1.000000 -0.999965 -1.000000 -0.999945 -0.999997 -0.999996 -0.999999 -1.000000 -1.000000 -0.999997 -0.999999 -1.000000 -1.000000 -1.000000 -1.000000 -1.000000 -1.000000 -0.999993 -0.999998 -1.000000 -0.999999 -1.000000 -1.000000 -1.000000 -0.999999 
-0.999994 -1.000000 -1.000000 -1.000000 -1.000000 -1.000000 -0.987876 -0.999999 -0.999995 -1.000000 -0.999982 -1.000000 -0.999994 -0.989559 -0.999555 -1.000000 -1.000000 -0.999757 -0.999987 -0.999927 -0.999966 -0.999846 -0.999990 -0.999998 -0.999833 -0.999999 
-1.000000 -0.999688 -1.000000 -0.999983 -1.000000 -1.000000 -1.000000 -1.000000 -1.000000 -0.987710 -0.999998 -1.000000 -0.999916 -1.000000 -0.999998 -1.000000 -1.000000 -1.000000 -0.997545 -0.993879 -1.000000 -1.000000 -0.999921 -0.999852 -1.000000 -1.000000 
-1.000000 -0.999991 -0.999956 -1.000000 -0.999974 -1.000000 -0.999987 -0.998880 -1.000000 -0.999996 -1.000000 -1.000000 -0.999974 -1.000000 -0.999999 -0.999997 -1.000000 -0.999999 -1.000000 -0.999998 -1.000000 -1.000000 -1.000000 -0.999947 -0.999987 -0.999993 
-0.999995 -1.000000 -1.000000 -1.000000 -1.000000 -1.000000 -0.997533 -1.000000 -0.999995 -1.000000 -0.999994 -1.000000 -0.999990 -0.999996 0.999744 -1.000000 -0.999996 -0.999952 -0.999935 -1.000000 -0.938160 -0.999972 -1.000000 -0.999997 -1.000000 -0.999999 
-0.999999 -0.999471 -0.999991 -1.000000 -0.999181 -0.999966 -1.000000 -0.999851 -0.999998 -1.000000 0.999389 -1.000000 -1.000000 -0.999937 -0.999995 -0.999946 -1.000000 -0.992278 -0.999689 -1.000000 -0.999999 -1.000000 -1.000000 -1.000000 -0.999799 -1.000000 
-0.999962 -0.999884 -1.000000 -1.000000 -0.997967 -0.999953 -1.000000 -1.000000 -1.000000 -1.000000 -0.997659 -1.000000 -0.999983 -1.000000 -0.999990 -0.999999 -1.000000 -1.000000 -0.999911 -1.000000 -0.999884 -0.999994 -1.000000 -1.000000 -0.999920 -1.000000 
-1.000000 -1.000000 -0.999998 -1.000000 -1.000000 -1.000000 -0.999969 -1.000000 -1.000000 -1.000000 -0.999969 -1.000000 0.985058 -0.999952 -1.000000 -1.000000 -1.000000 -0.999999 -0.999999 -1.000000 -1.000000 -1.000000 -1.000000 -0.999994 -1.000000 -0.999987 
-0.999999 -0.999978 -0.999998 -0.999933 -1.000000 -0.999997 -1.000000 -0.999988 -1.000000 -0.999832 -1.000000 -1.000000 -0.999997 -0.999999 -0.997026 -0.999999 -1.000000 -0.999992 -0.999967 -0.819117 -0.999747 -0.999976 -1.000000 -0.999213 -0.999913 -1.000000 
-1.000000 -1.000000 -0.999999 -0.999999 -0.999989 -0.999941 -1.000000 -0.999995 -1.000000 -0.999571 -0.999996 -1.000000 -1.000000 -1.000000 -1.000000 -0.999996 -0.999994 -1.000000 -0.999992 -0.999973 -1.000000 -1.000000 -1.000000 -0.999997 -0.988125 -1.000000 
-1.000000 -0.983865 -0.999989 -0.999999 -0.999854 -0.999999 -0.999689 -0.999999 -0.995393 -0.986673 -1.000000 -1.000000 -0.999998 -1.000000 -0.999923 -0.999825 -1.000000 -1.000000 -0.999342 -1.000000 -1.000000 -0.999941 0.977068 -0.991745 -1.000000 -0.999994 
-1.000000 -0.999999 -1.000000 -1.000000 -1.000000 -0.999772 -1.000000 -0.999977 -0.999999 -1.000000 -0.999998 -1.000000 -0.987225 -1.000000 -1.000000 -0.999998 -1.000000 -0.999998 -0.999054 -1.000000 -0.999998 -0.999999 -1.000000 -1.000000 0.980656 -0.999999 
-1.000000 -1.000000 -1.000000 -0.999998 -1.000000 -0.999986 -0.999822 -0.999928 -0.999911 -1.000000 -0.999992 -1.000000 -0.999977 -0.997237 -1.000000 -1.000000 -0.999998 0.892505 -0.999999 -1.000000 -1.000000 -1.000000 -1.000000 -1.000000 -0.999393 -1.000000 
-1.000000 -0.999983 -0.999999 -0.999998 -0.999474 -1.000000 -1.000000 -0.999987 -1.000000 -1.000000 -0.988752 -1.000000 -1.000000 -0.999996 -1.000000 -1.000000 -1.000000 0.999877 -0.999987 -1.000000 -1.000000 -1.000000 -1.000000 -1.000000 -1.000000 -0.999999 
-1.000000 0.999540 -0.999971 -1.000000 -0.999998 -0.999967 -1.000000 -0.999995 -0.999997 -1.000000 -0.999653 -0.999999 -0.999982 -0.999990 -1.000000 -0.999989 -0.999997 -0.999997 -0.999946 -1.000000 -0.999334 -0.999998 -1.000000 -1.000000 -0.999748 -0.999999 
-0.999998 -1.000000 -1.000000 -1.000000 -1.000000 -0.999999 -0.999861 -1.000000 -1.000000 -1.000000 -1.000000 -0.999999 -0.999999 -1.000000 0.998315 -1.000000 -0.999995 -1.000000 -0.999998 -0.999989 -0.999971 -1.000000 -0.999999 -1.000000 -0.999997 -1.000000 
-0.999994 -0.999999 -1.000000 -1.000000 -1.000000 -1.000000 -0.999781 -1.000000 -1.000000 -1.000000 -0.999958 -0.999997 -0.999983 -1.000000 -0.995864 -1.000000 -1.000000 -1.000000 -0.999993 -1.000000 -0.999997 -0.999979 -1.000000 -1.000000 -1.000000 -0.999977 
-0.999999 -0.999999 -1.000000 -1.000000 -0.999998 -1.000000 -0.997944 -1.000000 -1.000000 -1.000000 -0.999973 -1.000000 -1.000000 -0.999848 0.997989 -0.999999 -0.999982 -0.999998 -0.999885 -1.000000 -0.999988 -1.000000 -0.996539 -1.000000 -1.000000 -1.000000 
-1.000000 -0.997648 -1.000000 -1.000000 -1.000000 -0.999999 -0.999908 -0.999984 -0.999938 -1.000000 -0.999999 -1.000000 -0.999999 -1.000000 -1.000000 -0.999783 -0.999996 -0.994454 -0.999997 -0.999900 -0.999999 -1.000000 0.985550 -0.999999 -1.000000 -0.999774 
-1.000000 -0.999581 -1.000000 -1.000000 -1.000000 -1.000000 -0.999971 -0.999995 -0.999823 -1.000000 -0.999423 -1.000000 -0.998865 -0.999817 -1.000000 -0.999979 -1.000000 -0.998289 -1.000000 -1.000000 -0.999612 -1.000000 -1.000000 -1.000000 -1.000000 -0.999974 
-0.999866 -0.998242 -0.999999 -0.999958 -0.998590 -1.000000 -0.999997 -0.999998 -1.000000 -0.999997 -0.999895 -1.000000 -1.000000 -1.000000 -1.000000 -1.000000 -1.000000 -0.999758 -0.998827 -1.000000 -1.000000 -1.000000 -1.000000 -1.000000 -0.999999 -1.000000 
-1.000000 -0.998395 -1.000000 -1.000000 -1.000000 -1.000000 -0.999997 -1.000000 -1.000000 -1.000000 -0.999994 -1.000000 -0.999996 -0.999696 -0.999995 -0.999994 -1.000000 -0.999987 -0.999999 -1.000000 -1.000000 -0.999999 -0.999663 -1.000000 -1.000000 -0.999998 
-0.999999 -0.999981 -0.999930 -0.999997 -1.000000 -1.000000 -0.999968 -0.999999 -0.999989 -0.999856 -0.999962 -1.000000 -1.000000 -0.999996 -1.000000 -1.000000 -1.000000 -0.942133 -0.999060 -1.000000 -1.000000 -1.000000 -0.999985 -0.999986 -1.000000 -0.999970 
-0.999994 0.999560 -0.999998 -0.999994 -0.993060 -1.000000 -1.000000 -0.999975 -1.000000 -1.000000 -0.999983 -1.000000 -0.999997 -1.000000 -1.000000 -0.999999 -1.000000 -0.999999 -0.999742 -1.000000 -1.000000 -1.000000 -1.000000 -1.000000 -0.999999 -0.999999 
-1.000000 -1.000000 -1.000000 -1.000000 -1.000000 -0.999998 -0.998945 -0.999984 -0.999998 -1.000000 -0.998581 -0.999994 -0.999355 0.994006 -1.000000 -0.999787 -0.999997 -0.999904 -0.999895 -0.999800 -1.000000 -1.000000 -0.999994 -1.000000 -0.999936 -0.998296 
-0.999998 -0.999995 -0.999979 -1.000000 -1.000000 -1.000000 -0.999835 -0.999993 -0.999995 -0.999997 -0.998699 -1.000000 -1.000000 -0.998121 -1.000000 -0.999997 -1.000000 -0.997596 -0.999998 -1.000000 -1.000000 -0.999999 -0.999985 -0.999962 -1.000000 -1.000000 
-1.000000 -0.999925 -0.999987 -0.999995 -0.943818 -0.999998 -1.000000 -1.000000 -0.999996 -1.000000 -0.999996 -1.000000 -1.000000 -1.000000 -1.000000 -0.999995 -1.000000 -1.000000 -1.000000 -1.000000 -1.000000 -1.000000 -1.000000 -1.000000 -0.999913 -0.999995 
-1.000000 -0.999858 -0.999999 -0.999935 -0.999999 -1.000000 -1.000000 -0.999990 -1.000000 -0.998154 -1.000000 -1.000000 -0.999979 -1.000000 -0.999999 -1.000000 -1.000000 -1.000000 -0.999213 -0.994272 -1.000000 -1.000000 -0.999994 -0.999892 -0.999992 -1.000000 
-1.000000 -0.999990 -0.999992 -0.998769 -0.999980 -1.000000 -0.999978 -0.999995 -0.999998 -1.000000 -0.999878 -0.999999 -1.000000 -1.000000 -0.999999 -1.000000 -0.999999 -1.000000 -0.997602 -0.999802 -0.999970 -0.999999 -1.000000 -0.999914 -0.998973 -1.000000 
-1.000000 -0.999904 -0.999998 -1.000000 -0.993856 -0.999789 -0.999753 -0.999998 -0.999974 -1.000000 -0.999987 -1.000000 -0.999991 -0.997515 -1.000000 -0.999307 -1.000000 -0.999853 -0.999987 -0.999999 -0.999999 -0.999434 0.990325 -1.000000 -1.000000 -0.999230 
-1.000000 -0.999997 -1.000000 -1.000000 -1.000000 -1.000000 -0.999253 -1.000000 -1.000000 -1.000000 -0.999942 -1.000000 -0.999996 -0.999875 -0.999994 -0.999998 -1.000000 -0.999983 -1.000000 -1.000000 -0.997769 -1.000000 -1.000000 -1.000000 -1.000000 -1.000000 
-1.000000 -0.999991 -1.000000 -1.000000 -0.999962 -1.000000 -0.999999 -1.000000 -1.000000 -1.000000 -0.998994 -1.000000 -0.999916 -0.999994 -0.999998 -1.000000 -1.000000 -0.999870 -0.988530 -0.999995 -1.000000 -0.999999 -1.000000 -0.999999 -0.988026 -1.000000 
-1.000000 -0.985711 -1.000000 -1.000000 -0.987968 -0.997945 -1.000000 -0.999943 -1.000000 -1.000000 -0.999971 -0.999993 -0.986876 -0.999996 -1.000000 -0.999991 -1.000000 -0.999991 -0.993952 -0.999923 -1.000000 -0.999999 -1.000000 -0.999999 0.987174 -1.000000 
-0.999982 -1.000000 -1.000000 -1.000000 -1.000000 -0.999989 -0.999128 -0.999999 -0.999998 -1.000000 -0.999980 -1.000000 -0.999903 0.999993 -0.999999 -0.999999 -0.999973 -0.991593 -0.999868 -0.999928 -0.999995 -0.999890 -0.999997 -1.000000 -0.999997 -0.999931 
-0.999997 -0.999910 -1.000000 -0.999993 -1.000000 -0.999984 -1.000000 -0.999982 -1.000000 -1.000000 0.981509 -1.000000 -0.999999 -0.999980 -0.999994 -0.999998 -1.000000 -0.997065 -0.999880 -1.000000 -0.999999 -1.000000 -1.000000 -1.000000 -0.999985 -1.000000 
-0.999997 -0.999997 -0.999024 -0.999997 -0.999771 -1.000000 -0.997699 -0.999999 -1.000000 -1.000000 -1.000000 -0.999993 -1.000000 -1.000000 -0.999989 -1.000000 -1.000000 -1.000000 -0.999861 -0.999913 -0.999995 -0.999999 -1.000000 -0.999970 -0.996744 -0.999997 
-0.999998 -0.999816 -0.999952 -0.999791 -0.999999 -0.999988 -1.000000 -0.981457 -0.997945 -0.999991 -0.999956 -1.000000 -1.000000 -1.000000 -0.999999 -0.999974 -1.000000 0.999300 -1.000000 -1.000000 -0.999999 -0.999999 -1.000000 -1.000000 -0.999999 -1.000000 
-0.999998 -0.999957 -1.000000 -1.000000 -0.954064 -0.999923 -1.000000 -0.999996 -0.999997 -1.000000 -0.999999 -1.000000 -0.999984 -1.000000 -1.000000 -1.000000 -1.000000 -1.000000 -0.990518 -0.999997 -1.000000 -1.000000 -1.000000 -1.000000 0.999855 -1.000000 
-1.000000 -1.000000 -1.000000 -1.000000 -1.000000 -1.000000 -0.999863 -1.000000 -1.000000 -1.000000 -1.000000 -1.000000 -0.998928 0.997638 -1.000000 -0.999999 -1.000000 -0.996403 -0.999888 -0.999878 -0.999974 -0.999987 -0.999255 -1.000000 -0.999837 -1.000000 
-0.999998 0.984835 -1.000000 -0.999978 -1.000000 -1.000000 -1.000000 -0.999990 -1.000000 -0.998358 -0.999996 -1.000000 -1.000000 -1.000000 -0.999997 -0.999988 -1.000000 -0.994537 -0.998503 -1.000000 -0.999925 -1.000000 -1.000000 -1.000000 -1.000000 -1.000000 
-1.000000 -0.998353 -0.999999 -1.000000 -0.998969 -1.000000 -1.000000 -0.999999 -0.999990 -1.000000 -0.989455 -1.000000 -0.999286 -0.999996 -1.000000 -0.999990 -1.000000 -1.000000 -0.974776 -0.999990 -1.000000 -1.000000 -1.000000 -1.000000 -0.998437 -1.000000 
-1.000000 -1.000000 -1.000000 -1.000000 -0.999988 -1.000000 -0.999995 -1.000000 -1.000000 -1.000000 -0.999998 -1.000000 -0.999996 -1.000000 -1.000000 -1.000000 -1.000000 -0.999999 -1.000000 -1.000000 -0.995937 -1.000000 -1.000000 -1.000000 -0.999974 -0.999999 
-0.999918 -0.999989 -0.999938 -0.996392 -0.999999 -0.998785 -1.000000 -0.999981 -0.998587 -0.999979 -0.999999 -1.000000 -0.999998 -1.000000 -0.999795 -0.999987 -0.999997 -0.999990 -0.999947 0.988228 -0.997949 -0.999550 -1.000000 -0.999798 -0.999811 -1.000000 
-0.999775 -0.999684 -0.999994 -0.999421 -0.999671 -1.000000 -1.000000 -1.000000 -1.000000 -0.999756 -1.000000 -1.000000 -0.999999 -1.000000 -0.999996 -1.000000 -1.000000 -0.996877 -0.998945 -1.000000 -1.000000 -0.999995 -0.999950 -0.999998 -1.000000 -1.000000 
-0.999898 -1.000000 -1.000000 -1.000000 -1.000000 -0.999823 -0.999570 -0.999994 -0.999997 -0.999967 -0.999994 -1.000000 -0.999999 0.973664 -1.000000 -0.999988 -1.000000 -0.983820 -0.999965 -0.999958 -0.999931 -0.996548 -0.999999 -1.000000 -0.999989 -0.999999 
-1.000000 -1.000000 -1.000000 -1.000000 -1.000000 -1.000000 -0.999973 -0.999983 -0.999999 -1.000000 -0.999995 -1.000000 -0.998196 -0.997804 -1.000000 -1.000000 -1.000000 -0.999998 -0.999996 -1.000000 -1.000000 -1.000000 -0.999994 -1.000000 -0.999993 -1.000000 
-1.000000 -1.000000 -0.999300 -0.999997 -1.000000 -1.000000 -1.000000 -0.999998 -0.999998 -0.999998 -0.999855 -1.000000 -0.998042 -1.000000 -0.999998 -0.999852 -0.999999 -0.999988 -0.999999 -0.999998 -1.000000 -0.999998 -0.999998 -0.999992 -1.000000 -1.000000 
-1.000000 -1.000000 -1.000000 -1.000000 0.996098 -1.000000 -0.999997 -1.000000 -1.000000 -1.000000 -1.000000 -1.000000 -1.000000 -1.000000 -1.000000 -1.000000 -1.000000 -0.999669 -0.999987 -1.000000 -1.000000 -1.000000 -1.000000 -1.000000 -0.999553 -1.000000 
-1.000000 -0.999985 -0.999999 -1.000000 -0.999999 -1.000000 0.999955 -1.000000 -1.000000 -1.000000 -0.999999 -0.999997 -0.999999 -0.997900 -0.999357 -1.000000 -1.000000 -1.000000 -0.889306 -1.000000 -0.998015 -0.999999 -0.999475 -1.000000 -1.000000 -0.999996 
-0.999999 -0.999849 -1.000000 -1.000000 -1.000000 -1.000000 0.873303 -1.000000 -0.999998 -0.999998 -1.000000 -1.000000 -1.000000 -0.999997 -0.999648 -1.000000 -1.000000 -1.000000 -0.999845 -1.000000 -0.999769 -1.000000 -0.999711 -1.000000 -1.000000 -1.000000 
-1.000000 -1.000000 -0.999999 -0.999987 -1.000000 -1.000000 -0.999962 -1.000000 -1.000000 -1.000000 -0.999992 -1.000000 -1.000000 -1.000000 -0.999954 -0.999846 -0.999955 -1.000000 -0.999981 -0.999997 -0.999860 -0.999999 -1.000000 -1.000000 -0.999768 -0.999998 
-1.000000 -1.000000 -1.000000 -1.000000 -1.000000 -1.000000 -1.000000 -1.000000 -0.999999 -1.000000 -1.000000 -1.000000 -0.948140 -0.999852 -1.000000 -0.999998 -1.000000 -0.999940 -0.999476 -0.999999 -1.000000 -0.999981 -1.000000 -0.999999 -0.999682 -1.000000 
-1.000000 -1.000000 -0.999996 -0.999999 -1.000000 -1.000000 -0.999991 -1.000000 -1.000000 -0.999979 -0.999998 -1.000000 -1.000000 -0.999995 -1.000000 -0.999971 -1.000000 -0.998354 -0.999682 -1.000000 -1.000000 -1.000000 -0.996707 -1.000000 -1.000000 -0.999999 
-1.000000 -0.999960 -1.000000 -1.000000 -0.999998 -0.999997 -1.000000 -1.000000 -1.000000 -1.000000 -0.999997 -1.000000 -0.999999 -1.000000 -0.999996 -1.000000 -1.000000 -0.999972 -0.998624 -1.000000 -1.000000 -1.000000 -0.999999 -1.000000 -0.999838 -1.000000 
-1.000000 -0.999999 -1.000000 -1.000000 -1.000000 -1.000000 -0.999998 -1.000000 -0.999865 -1.000000 -0.999999 -0.998953 -0.998660 -0.997417 -0.998701 -0.999280 -0.999999 -1.000000 -0.999983 -1.000000 -0.999988 -0.999997 -0.999997 -1.000000 -1.000000 -0.999998 
-0.999968 -0.999003 -0.999998 -0.999720 -0.999996 -1.000000 -1.000000 -1.000000 -1.000000 -0.999954 -0.999939 -1.000000 -0.999997 -1.000000 -1.000000 -0.999999 -1.000000 -0.999933 -0.998813 -1.000000 -0.999997 -0.999999 -1.000000 -1.000000 -1.000000 -1.000000 
-0.999999 -1.000000 -1.000000 -1.000000 -1.000000 -1.000000 -0.999958 -0.999996 -0.999997 -1.000000 -0.999994 -0.999999 -0.999988 -0.999497 -0.993592 -0.999999 -1.000000 -1.000000 -1.000000 -0.999997 -1.000000 -0.999999 -0.999963 -1.000000 -1.000000 -0.999999 
-0.999999 -0.999828 -0.999924 -0.999999 0.988349 -1.000000 -0.999976 -1.000000 -1.000000 -1.000000 -0.999998 -1.000000 -1.000000 -1.000000 -1.000000 -1.000000 -1.000000 -1.000000 -0.963529 -0.999933 -1.000000 -0.999995 -1.000000 -1.000000 -0.999991 -1.000000 
-0.999999 -0.999999 -0.999993 -0.999996 -0.999999 -1.000000 -0.999986 -0.998766 -0.999951 -0.999954 -0.999998 -1.000000 0.996480 -1.000000 -1.000000 -0.999524 -0.999888 -0.999999 -0.999999 -1.000000 -0.999371 -1.000000 -1.000000 -1.000000 -1.000000 -0.999971 
-0.999999 -0.998770 -0.999918 -0.999999 -0.999969 -1.000000 -0.999974 -1.000000 -0.999999 -0.999990 -0.999999 -0.999997 -0.999957 -0.993078 -0.999999 -0.999306 -0.999981 -1.000000 -0.999999 -1.000000 -1.000000 -0.999971 0.998751 -0.999997 -1.000000 -0.999839 
-0.999998 -1.000000 -0.999985 -0.999999 -0.999994 -1.000000 -0.922050 -0.993477 -0.999996 -1.000000 -0.999991 -1.000000 -1.000000 -1.000000 -0.999999 -1.000000 -1.000000 -0.997526 -0.999999 -0.999999 -1.000000 -1.000000 -0.999748 -1.000000 -0.999997 -1.000000 
-1.000000 -0.944474 -0.999995 -1.000000 -0.999958 -1.000000 -0.999989 -0.999999 -0.999999 -1.000000 -0.999791 -1.000000 -1.000000 -1.000000 -0.999999 -1.000000 -1.000000 -0.999563 -0.999790 -1.000000 -1.000000 -1.000000 -0.999990 -0.999998 -1.000000 -1.000000 
-1.000000 -0.999807 -1.000000 -1.000000 -0.999723 -1.000000 -0.999851 -1.000000 -0.999998 -0.999984 -1.000000 -1.000000 -1.000000 -1.000000 -0.999821 -1.000000 -0.999982 -0.999998 -0.999988 -1.000000 -1.000000 -1.000000 -0.999999 -0.999995 -0.999999 -1.000000 
-1.000000 -0.999998 -0.999999 -1.000000 -1.000000 -0.999999 -1.000000 -1.000000 -1.000000 -0.999997 -0.999918 -1.000000 -0.999996 -0.999998 -0.995006 -0.999999 -1.000000 -0.966214 -0.999974 -1.000000 -1.000000 -0.999934 -1.000000 -1.000000 -1.000000 -1.000000 
-1.000000 -0.995706 -0.999922 -0.999999 -1.000000 -1.000000 -0.997138 -0.999924 -0.999989 -0.990233 -0.999998 -1.000000 -1.000000 -1.000000 -1.000000 -1.000000 -1.000000 -0.998264 -0.999854 -0.999976 -1.000000 -1.000000 -0.963613 -0.999997 -1.000000 -0.999997 
-0.999996 -1.000000 -1.000000 -1.000000 -1.000000 -0.999362 -1.000000 -0.999912 -1.000000 -1.000000 -0.999984 -1.000000 -0.998828 -0.999975 -0.999700 -0.999993 -1.000000 -0.999999 -0.995086 -0.991561 -0.999969 -0.999998 -1.000000 -0.999985 0.999204 -0.999999 
-1.000000 -1.000000 -1.000000 -1.000000 -0.999999 -0.999540 -0.999999 -0.999999 -1.000000 -0.999998 -0.999984 -1.000000 -1.000000 -0.999985 -1.000000 -0.999999 -1.000000 -0.989097 -0.999096 -1.000000 -1.000000 -1.000000 -0.999998 -1.000000 -0.999386 -0.999999 
-1.000000 -1.000000 -0.999957 -0.999990 -0.999999 -1.000000 -0.999944 -0.999999 -0.999998 -1.000000 -1.000000 -1.000000 -0.997186 -0.996604 -1.000000 -0.999971 -0.999997 -0.999999 -0.999998 -1.000000 -1.000000 -0.999999 0.983596 -0.999994 -1.000000 -0.999654 
-1.000000 -0.991296 -0.999987 -1.000000 -1.000000 -0.999957 -1.000000 -0.999985 -0.999997 -1.000000 -0.999488 -1.000000 -0.999995 -0.999959 -0.999965 -0.999960 -1.000000 -0.999996 -0.999992 -1.000000 -0.999948 -0.999974 -0.999949 -1.000000 -0.999263 -0.984776 
-0.999999 -0.995076 -0.998317 -0.999998 0.812107 -0.999999 -1.000000 -0.999996 -0.999987 -1.000000 -0.999999 -1.000000 -0.999989 -1.000000 -1.000000 -1.000000 -0.999999 -1.000000 -0.999989 -0.999975 -1.000000 -1.000000 -1.000000 -0.999996 -0.998706 -0.999998 
-0.999987 -0.999977 -0.999996 -1.000000 -0.999772 -1.000000 -0.997785 -0.999979 -0.999997 -1.000000 -0.994477 -0.999983 -1.000000 -1.000000 -0.926638 -0.999991 -1.000000 -1.000000 -0.999993 -1.000000 -0.986931 -0.999980 -1.000000 -0.999997 -0.999990 -0.999998 
-0.999965 -0.992770 -0.999992 -0.999992 -0.998517 -0.999989 -1.000000 -1.000000 -0.999998 -1.000000 -0.999210 -1.000000 -1.000000 -1.000000 -1.000000 -0.999999 -1.000000 -1.000000 -0.999590 -0.999998 -0.999989 -0.999995 -1.000000 -1.000000 -0.999999 -0.999999 
-1.000000 -0.999997 -1.000000 -1.000000 -1.000000 -0.999995 -0.999999 -1.000000 -0.999996 -0.990530 -0.999999 -1.000000 -1.000000 -0.999996 -1.000000 -0.999987 -1.000000 -0.999985 -0.983568 -0.981488 -1.000000 -0.999990 -0.999964 -0.999999 -0.989949 -0.999999 
-0.999989 -0.999844 -0.999999 -0.999986 -0.999975 -1.000000 -1.000000 -0.999999 -1.000000 -0.999335 -0.999998 -1.000000 -0.999018 -0.999004 -1.000000 -1.000000 -1.000000 -0.999997 -0.904152 0.986863 -1.000000 -0.999990 -0.999998 -0.997858 -0.999798 -1.000000 
-1.000000 -0.999956 -1.000000 -1.000000 -1.000000 -1.000000 0.999970 -0.999999 -1.000000 -0.999999 -1.000000 -0.999953 -1.000000 -0.999990 -0.999991 -1.000000 -1.000000 -1.000000 -0.999851 -0.999039 -0.999999 -0.999977 -1.000000 -0.999975 -1.000000 -0.999986 
-1.000000 -1.000000 -0.999881 -1.000000 -1.000000 -0.999667 -1.000000 -0.999999 -0.999651 -1.000000 -0.999963 -1.000000 -1.000000 -1.000000 -1.000000 -0.999932 -0.999975 -0.999488 -0.999985 -1.000000 -0.999997 -0.999997 -1.000000 -1.000000 -0.999981 -1.000000 
-0.999943 -0.999954 -0.999982 -0.999984 -0.999988 -0.999987 -0.960405 -0.999902 -0.999998 -0.999995 -0.999741 -1.000000 -1.000000 -0.995274 -1.000000 -1.000000 -1.000000 -0.994853 -0.707401 -0.999979 -1.000000 -0.999994 -0.999992 -0.999992 -0.991796 -0.997615 
-0.999998 -1.000000 -0.999997 -1.000000 -1.000000 -1.000000 -0.999974 -1.000000 -0.999981 -0.999987 -1.000000 -1.000000 1.000000 -0.999997 -0.999990 -0.999958 -0.999996 -1.000000 -0.999999 -1.000000 -0.999866 -1.000000 -1.000000 -1.000000 -1.000000 -0.999848 
-0.999993 -0.999346 -0.998467 -0.999998 0.997089 -1.000000 -0.999995 -1.000000 -1.000000 -1.000000 -0.999973 -1.000000 -1.000000 -1.000000 -1.000000 -1.000000 -1.000000 -1.000000 -0.990029 -1.000000 -1.000000 -1.000000 -1.000000 -1.000000 -0.999992 -1.000000 
-1.000000 -0.996079 -1.000000 -0.999999 -1.000000 -0.999999 -1.000000 -0.999984 -0.999978 -0.999992 -0.999996 -1.000000 -0.999928 -0.999999 -0.994475 -0.999876 -1.000000 -1.000000 -0.999829 -0.999999 0.893103 -0.999789 -1.000000 -0.999980 -0.999999 -0.999997 
-0.999999 -1.000000 -1.000000 -1.000000 -1.000000 -0.999939 -0.999999 -0.999992 -0.999999 -1.000000 -0.974569 -0.999986 -0.998314 -1.000000 -1.000000 -1.000000 -1.000000 -1.000000 -0.982600 -0.979103 -0.999726 -0.999958 -1.000000 -0.999752 0.999528 -1.000000 
-1.000000 -1.000000 -0.999996 -0.999997 -0.999976 -1.000000 -0.999015 -0.999999 -0.999999 -1.000000 -0.999997 -0.999993 -0.999999 -1.000000 -0.999974 -1.000000 -0.999999 -1.000000 -0.999855 -1.000000 -0.999886 -0.999999 -1.000000 -0.999965 -0.999973 -0.999973 
-0.999955 -0.999992 -1.000000 -0.999983 -0.993455 -1.000000 -0.999999 -1.000000 -0.999999 -1.000000 -0.995108 -1.000000 -1.000000 -1.000000 -1.000000 -1.000000 -1.000000 -0.999997 -0.912840 -0.999942 -1.000000 -1.000000 -1.000000 -1.000000 -1.000000 -1.000000 
-1.000000 -0.999007 -0.999804 -0.999999 -1.000000 -0.999999 -0.999999 -0.999952 -0.999937 -0.999969 -0.999999 -1.000000 -1.000000 -1.000000 -1.000000 -0.999917 -1.000000 -0.999942 -0.991516 -0.999999 -1.000000 -1.000000 -0.985466 -1.000000 -1.000000 -0.999971 
-1.000000 -0.999999 -1.000000 -1.000000 -0.999999 -1.000000 -0.963522 -1.000000 -0.999972 -1.000000 -0.999998 -1.000000 -1.000000 -0.999990 -0.999999 -1.000000 -1.000000 -0.999999 -0.999939 -1.000000 0.992088 -0.999961 -1.000000 -1.000000 -0.999990 -1.000000 
-0.999999 -0.997616 -0.999999 -1.000000 -0.999978 -1.000000 -0.998779 -1.000000 -1.000000 -0.999999 -1.000000 -1.000000 -0.999995 -0.999721 -1.000000 -1.000000 -1.000000 -1.000000 -0.975954 -1.000000 -0.999998 -1.000000 -0.999992 -1.000000 -0.999905 -0.999995 
-0.999952 -1.000000 -0.999992 -0.985974 -1.000000 -0.999988 -1.000000 -0.999996 -0.999998 -0.999834 -0.999999 -1.000000 -0.999997 -0.999999 -0.999942 -0.999980 -1.000000 -0.999998 -0.999962 0.992617 -0.999983 -0.999638 -1.000000 -0.999957 -0.999994 -1.000000 
-1.000000 -0.951528 -1.000000 -1.000000 -0.998681 -1.000000 -0.999507 -0.999999 -1.000000 -1.000000 -0.999902 -1.000000 -1.000000 -1.000000 -1.000000 -1.000000 -1.000000 -0.999994 -0.958640 -1.000000 -1.000000 -1.000000 -0.999857 -0.999990 -1.000000 -1.000000 
-0.999998 -1.000000 -1.000000 -1.000000 -1.000000 -1.000000 -0.999622 -1.000000 -0.999999 -1.000000 -1.000000 -1.000000 -0.999800 -0.999712 0.999886 -1.000000 -0.999993 -0.999998 -0.999944 -0.999999 -0.996809 -0.999948 -1.000000 -0.999987 -1.000000 -0.999999 
-1.000000 -0.987891 -0.999999 -1.000000 -1.000000 -0.997382 -1.000000 -1.000000 -0.999981 -1.000000 0.997857 -0.999996 -0.999933 -0.998851 -1.000000 -0.999854 -1.000000 -0.999995 -0.994785 -0.999999 -0.999735 -0.999897 -1.000000 -1.000000 -0.999389 -1.000000 
-1.000000 -0.999997 -1.000000 -1.000000 -1.000000 -0.999999 -1.000000 -1.000000 -0.999999 -0.999996 -0.999999 -1.000000 -0.999973 -0.990712 -1.000000 -0.999999 -1.000000 -0.996985 -0.999935 -1.000000 -0.999988 -0.999999 -0.999996 -1.000000 -1.000000 -1.000000 
-0.999996 -0.996180 -1.000000 -0.999941 -1.000000 -1.000000 -0.999469 -1.000000 -1.000000 0.969809 -1.000000 -1.000000 -0.999995 -0.999995 -0.999991 -1.000000 -0.999975 -0.999999 -0.926279 -0.999992 -0.999999 -1.000000 -0.992322 -0.999861 -1.000000 -1.000000 
-0.999999 -0.999542 -0.999999 -1.000000 -0.999999 -0.999998 -0.999990 -0.999991 -0.999985 -1.000000 -0.996474 -1.000000 0.978702 -1.000000 -1.000000 -0.990325 -1.000000 -1.000000 -1.000000 -0.999999 -1.000000 -1.000000 -1.000000 -1.000000 -0.999749 -0.994385 
-1.000000 -0.999970 -1.000000 -0.999966 -0.999999 -1.000000 -1.000000 -0.999990 -1.000000 -0.968553 -0.999993 -1.000000 -0.999937 -0.999997 -0.999998 -0.999998 -1.000000 -0.999994 -0.996125 -0.997629 -1.000000 -0.999982 -0.999968 -0.999632 -0.999888 -1.000000 
-0.999985 -0.997420 -0.999999 -0.999932 -0.999942 -0.933474 -0.999995 -0.999998 -0.999957 -1.000000 -0.970599 -0.999999 -1.000000 -1.000000 -1.000000 -0.999903 -1.000000 -0.999987 -0.997591 -0.996965 -0.999988 -0.998959 -1.000000 -1.000000 0.933487 -0.999978 
-0.999999 -0.669204 -0.999999 -1.000000 -0.991388 -1.000000 -0.993596 -1.000000 -1.000000 -1.000000 -1.000000 -0.999986 -0.999882 -0.999993 -1.000000 -1.000000 -1.000000 -1.000000 0.999681 -1.000000 -0.999994 -1.000000 -0.999965 -0.999992 -1.000000 -0.999972 
-0.999998 -0.999960 -1.000000 -1.000000 -0.999990 -1.000000 -0.999990 -1.000000 -1.000000 -0.999986 -1.000000 -1.000000 -0.999976 -0.997089 -1.000000 -0.999996 -0.999952 -1.000000 0.973338 -1.000000 -0.999923 -0.999770 -0.999999 -0.999947 -0.999988 -0.999980 
-0.999992 -0.996038 -1.000000 -0.999998 -0.999944 -1.000000 -0.999985 -1.000000 -1.000000 -0.999661 -0.987085 -1.000000 -1.000000 -0.999999 -0.999990 -1.000000 -1.000000 -0.999927 0.999878 -1.000000 -0.999982 -0.999994 -0.999997 -0.999999 -0.997459 -1.000000 
-0.999997 -0.999897 -0.999987 -1.000000 0.999146 -1.000000 -0.999704 -1.000000 -1.000000 -1.000000 -0.999799 -1.000000 -1.000000 -1.000000 -1.000000 -1.000000 -1.000000 -1.000000 -0.886885 -1.000000 -1.000000 -1.000000 -0.999999 -1.000000 -0.996899 -1.000000 
-0.999988 -0.999976 -0.999947 -0.999996 -0.997413 -1.000000 -1.000000 -0.999997 -1.000000 -0.999893 -0.999967 -1.000000 -1.000000 -1.000000 -0.999999 -0.999999 -1.000000 -0.999909 -0.999871 -0.999980 -1.000000 -1.000000 -0.999991 -0.999999 -1.000000 -1.000000 
-0.999999 -0.997710 -1.000000 -1.000000 -1.000000 -0.995871 -1.000000 -0.999994 -1.000000 -1.000000 0.874962 -1.000000 -0.999989 -0.999938 -1.000000 -0.999986 -1.000000 -0.999679 -0.982802 -0.999999 -0.999989 -1.000000 -1.000000 -1.000000 -0.999926 -1.000000 
-1.000000 -0.955096 -1.000000 -1.000000 -1.000000 -0.999985 -1.000000 -0.999987 -0.999950 -0.999996 -0.999970 -1.000000 -0.999996 -0.980305 -1.000000 -0.999415 -0.999996 -1.000000 -0.999810 -0.999999 -0.943292 -0.999990 -1.000000 -1.000000 -0.999901 -0.999956 
-1.000000 -1.000000 -1.000000 -0.999998 -1.000000 -0.999990 -1.000000 -1.000000 -1.000000 -0.996525 -1.000000 -1.000000 -1.000000 -1.000000 -1.000000 -0.999988 -0.999999 -1.000000 -0.999975 0.972115 -1.000000 -0.999975 -1.000000 -0.999997 -0.999983 -1.000000 
-1.000000 -1.000000 -1.000000 -1.000000 -1.000000 -1.000000 -0.999998 -1.000000 -1.000000 -1.000000 -0.999999 -1.000000 0.999869 -1.000000 -1.000000 -1.000000 -1.000000 -1.000000 -1.000000 -1.000000 -1.000000 -1.000000 -1.000000 -1.000000 -1.000000 -0.999919 
-0.999997 -0.998861 -0.999983 -1.000000 -0.999216 -1.000000 -1.000000 -0.999617 -0.999998 -1.000000 -0.999985 -0.999996 -1.000000 -1.000000 -0.999999 -1.000000 -1.000000 -0.998853 -0.999680 -1.000000 -1.000000 -1.000000 -0.999998 -0.999913 -1.000000 -0.999998 
-1.000000 -0.999984 -1.000000 -1.000000 -0.975794 -1.000000 -1.000000 -1.000000 -1.000000 -1.000000 -0.999999 -1.000000 -0.999998 -1.000000 -1.000000 -1.000000 -1.000000 -1.000000 -0.999974 -1.000000 -0.999999 -1.000000 -0.999999 -1.000000 -1.000000 -1.000000 
-0.999997 0.998532 -1.000000 -0.999999 -0.999999 -1.000000 -1.000000 -0.999999 -1.000000 -0.999999 -0.999999 -1.000000 -0.999983 -1.000000 -1.000000 -0.999941 -1.000000 -0.999231 -0.998459 -1.000000 -1.000000 -1.000000 -0.999997 -0.999998 -1.000000 -0.999999 
-1.000000 -1.000000 -1.000000 -1.000000 -0.999977 -1.000000 -1.000000 -0.999991 -1.000000 -1.000000 -0.999999 -1.000000 -0.999109 -1.000000 -1.000000 -1.000000 -1.000000 -1.000000 -0.999807 -1.000000 -0.999999 -1.000000 -1.000000 -0.999999 -0.732727 -0.999998 
-1.000000 -1.000000 -0.999940 -1.000000 -0.999988 -1.000000 -0.999887 -0.999998 -0.999868 -0.999828 -0.999995 -0.999999 1.000000 -1.000000 -0.999866 -0.998466 -0.999997 -1.000000 -0.999999 -1.000000 -0.999638 -1.000000 -1.000000 -1.000000 -1.000000 -0.999560 
-1.000000 -0.998031 -1.000000 -1.000000 -0.999985 -0.999966 -1.000000 -1.000000 -0.999996 -1.000000 0.999846 -0.999984 -0.999999 -0.999507 -1.000000 -0.999993 -1.000000 -0.999998 -0.716464 -0.999998 -0.999997 -0.999973 -0.999999 -1.000000 -0.999751 -1.000000 
-0.999996 -0.999998 -0.999923 -0.974106 -1.000000 -0.999997 -0.999999 -0.999905 -1.000000 0.998798 -1.000000 -1.000000 -1.000000 -1.000000 -0.999996 -1.000000 -0.999779 -0.999947 -0.984482 -0.658081 -1.000000 -0.998736 -0.999981 -0.996370 -0.999722 -0.999998 
-0.999994 -0.999935 -1.000000 -1.000000 -1.000000 -0.999999 -0.999093 -1.000000 -1.000000 -1.000000 -0.999790 -1.000000 -0.999973 -0.999965 0.999082 -0.999999 -0.999992 -1.000000 -0.999989 -0.999999 -0.999965 -0.999998 -0.999997 -1.000000 -1.000000 -1.000000 
-0.999995 -0.999957 -1.000000 -1.000000 -0.999994 -1.000000 -0.999998 -1.000000 -1.000000 -1.000000 -0.999658 -1.000000 -0.999974 -0.999997 -0.990056 -0.999994 -1.000000 -1.000000 -0.999986 -1.000000 -0.999995 -0.999907 -1.000000 -1.000000 -1.000000 -1.000000 
-1.000000 -1.000000 -1.000000 -0.999951 -0.999585 -1.000000 -1.000000 -1.000000 -1.000000 -0.999950 -0.999873 -1.000000 -1.000000 -1.000000 -1.000000 -0.999997 -1.000000 -1.000000 -0.999999 -0.999997 -1.000000 -1.000000 -0.999996 -0.999999 -0.999999 -1.000000 
-1.000000 -0.999976 -1.000000 -1.000000 -1.000000 -1.000000 0.999264 -0.999999 -0.999999 -1.000000 -1.000000 -0.999977 -1.000000 -0.999979 -0.999988 -1.000000 -1.000000 -1.000000 -0.952389 -0.999982 -0.999993 -0.999845 -0.999999 -0.999937 -1.000000 -0.999725 
-0.999999 -1.000000 -0.999998 -0.999988 -0.999924 -1.000000 -0.999977 -1.000000 -1.000000 -0.999871 -1.000000 -1.000000 -1.000000 -1.000000 -1.000000 -1.000000 -1.000000 -0.999591 -0.993895 -0.999977 -1.000000 -0.999991 -0.973350 -1.000000 -1.000000 -0.999999 
-1.000000 -0.999712 -0.999923 -0.999995 -1.000000 -0.999976 -0.999998 -0.998999 -0.999996 -0.999948 -0.999995 -1.000000 -1.000000 -0.999997 -1.000000 -0.999970 -1.000000 -0.996989 -0.999855 -0.999980 -1.000000 -1.000000 -0.984945 -1.000000 -1.000000 -0.999998 
-0.999999 -0.999288 -0.999999 -1.000000 -1.000000 -1.000000 -0.999821 -0.999967 -0.995579 -0.999999 -1.000000 -0.999999 -0.999912 -0.999999 -0.879007 -0.999976 -1.000000 -0.964639 -1.000000 -1.000000 -0.980842 -0.999999 -1.000000 -0.999969 -1.000000 -0.999999 
-0.999996 -0.999987 -0.999999 -1.000000 -0.989715 -0.999996 -1.000000 -0.999999 -0.999968 -1.000000 -0.991126 -1.000000 -1.000000 -1.000000 -1.000000 -0.999995 -1.000000 -1.000000 -0.997076 -1.000000 -0.999563 -1.000000 -1.000000 -1.000000 -0.996873 -1.000000 
-1.000000 -0.996269 -0.999961 -1.000000 -0.999995 -1.000000 -0.999929 -0.999999 -1.000000 -0.999962 -0.999997 -1.000000 -0.999999 -1.000000 -0.999969 -0.999873 -1.000000 -0.999984 -0.999963 -1.000000 -1.000000 -1.000000 0.998205 -0.999999 -1.000000 -0.999974 
-1.000000 -0.999988 -0.999998 -1.000000 -1.000000 -1.000000 -0.995545 -1.000000 -0.999994 -0.999974 -0.999999 -1.000000 -1.000000 -0.999894 -0.999745 -0.999967 -1.000000 -0.999949 -0.999863 -1.000000 -1.000000 -0.999087 0.998977 -1.000000 -1.000000 -0.999877 
-0.999988 -0.999966 -1.000000 -1.000000 -1.000000 -0.999998 -0.999997 -0.999976 -0.999998 -1.000000 -0.999945 -1.000000 -0.999583 -0.999988 -0.999971 -0.999826 -1.000000 -0.998993 -0.999795 -1.000000 -0.999988 -0.999988 -1.000000 -1.000000 -1.000000 -0.999948 
-0.999999 -0.999999 -0.999999 -0.999998 -1.000000 -1.000000 -0.999983 -1.000000 -0.999989 -0.999996 -0.999999 -1.000000 -1.000000 -1.000000 -0.953058 -0.999991 -1.000000 -0.999999 -0.999214 -0.999997 -0.977197 -0.999981 -1.000000 -1.000000 -1.000000 -1.000000 
-1.000000 -0.999553 -1.000000 -1.000000 -1.000000 -1.000000 0.906115 -1.000000 -1.000000 -0.999841 -0.999984 -1.000000 -1.000000 -0.999074 -0.820169 -0.999994 -1.000000 -0.999977 -0.997656 -0.999993 -0.998391 -1.000000 -0.999707 -1.000000 -1.000000 -1.000000 
-0.999973 -1.000000 -1.000000 -1.000000 -1.000000 -0.999982 -1.000000 -1.000000 -1.000000 -0.999985 -0.999987 -1.000000 -0.999999 -1.000000 -0.999999 -0.999995 -1.000000 -0.999997 -0.999852 0.619465 -0.999999 -0.999960 -1.000000 -0.999988 -0.999950 -1.000000 
-1.000000 -1.000000 -1.000000 -1.000000 -0.999687 -0.999995 -1.000000 -0.999795 -0.999999 -1.000000 -0.999981 -1.000000 -0.997600 -0.999991 -1.000000 -1.000000 -1.000000 -0.999976 -0.999961 -1.000000 -1.000000 -1.000000 -1.000000 -0.999997 0.998954 -0.999999 
-0.999999 -0.878981 -0.999999 -1.000000 -0.997480 -1.000000 -0.983191 -1.000000 -1.000000 -1.000000 -0.999975 -1.000000 -0.999987 -1.000000 -1.000000 -1.000000 -1.000000 -1.000000 0.999962 -0.999998 -1.000000 -0.999999 -0.999991 -0.999789 -1.000000 -1.000000 
-1.000000 -0.998692 -0.999985 -1.000000 -0.999990 -0.999451 -1.000000 -0.999975 -1.000000 -1.000000 0.980863 -1.000000 -0.999979 -0.999999 -1.000000 -0.999962 -1.000000 -0.997796 -0.977613 -0.999996 -1.000000 -1.000000 -1.000000 -1.000000 -1.000000 -1.000000 
-1.000000 0.998430 -1.000000 -1.000000 -1.000000 -0.999816 -1.000000 -0.999986 -0.999978 -1.000000 -0.999987 -1.000000 -0.999997 -1.000000 -1.000000 -0.999911 -1.000000 -0.999994 -0.999941 -1.000000 -0.999963 -0.999999 -1.000000 -1.000000 -0.999886 -0.999919 
-0.999998 -0.999933 -1.000000 -0.999999 -1.000000 -1.000000 -0.999997 -1.000000 -1.000000 -0.999996 -1.000000 -1.000000 -0.999961 -0.999885 -0.998779 -0.999896 -1.000000 -0.999998 -0.999963 -1.000000 -0.999992 -0.999936 -1.000000 -1.000000 -1.000000 -1.000000 
-1.000000 -0.999990 -1.000000 -1.000000 -1.000000 -1.000000 0.957142 -0.999986 -1.000000 -0.999512 -1.000000 -0.999980 -0.999996 -0.999823 -0.999989 -1.000000 -1.000000 -0.999921 -0.995798 -1.000000 -1.000000 -0.999999 -0.999751 -0.999829 -1.000000 -0.999993 
-0.993493 -0.977414 -0.999917 -0.999987 -0.982479 -0.998173 -0.987503 -0.999931 -0.991552 -1.000000 -0.995363 -0.999802 -0.999987 -0.959780 -0.999991 -0.993344 -0.999883 -0.997066 -0.999290 -1.000000 -0.999984 -0.999514 0.999998 -0.999938 -0.999949 -0.999645 
-0.999993 -0.999840 -0.999998 -1.000000 -0.984338 -1.000000 -0.999996 -0.999900 -0.999999 -1.000000 -0.998538 -1.000000 -1.000000 -1.000000 -1.000000 -0.999982 -1.000000 -1.000000 -0.999907 -1.000000 -0.838968 -1.000000 -1.000000 -1.000000 -0.999309 -1.000000 
-0.999999 -1.000000 -1.000000 -1.000000 -1.000000 -1.000000 -0.999963 -1.000000 -0.999973 -1.000000 -0.999954 -1.000000 -0.999997 -0.999976 -0.999899 -1.000000 -1.000000 -1.000000 -0.999840 -0.999958 -0.999999 -1.000000 -1.000000 -1.000000 -1.000000 -0.999999 
-0.999998 -0.999999 -1.000000 -1.000000 -0.999999 -1.000000 -0.999408 -1.000000 -1.000000 -1.000000 -0.999896 -0.999999 -0.999996 -0.995598 -0.998756 -0.999993 -1.000000 -1.000000 -1.000000 -1.000000 0.995372 -0.999994 -1.000000 -1.000000 -0.999905 -0.999999 
-1.000000 -0.987310 -0.999977 -0.999986 -0.999999 -0.999915 -0.999943 -0.997628 -0.999998 -0.999996 -0.999992 -1.000000 -0.997406 -1.000000 -0.999999 -0.999495 -1.000000 -0.999952 -0.999998 -0.999999 -0.999402 -0.999998 -1.000000 -0.999992 -0.995344 -0.999331 
-1.000000 -0.999960 -0.999992 -1.000000 -0.999950 -1.000000 -1.000000 -1.000000 -1.000000 -0.999987 -1.000000 -1.000000 -1.000000 -1.000000 -1.000000 -0.999995 -1.000000 -1.000000 -0.999987 -0.999999 -1.000000 -1.000000 -1.000000 -1.000000 -1.000000 -1.000000 
-0.999962 -0.997676 -0.999965 -1.000000 0.999865 -1.000000 -0.999994 -0.999999 -1.000000 -1.000000 -0.999378 -1.000000 -1.000000 -1.000000 -1.000000 -1.000000 -1.000000 -0.999937 -0.965437 -1.000000 -1.000000 -1.000000 -1.000000 -1.000000 -0.999861 -1.000000 
-1.000000 -0.999920 -0.999977 -0.999973 -0.999998 -1.000000 -0.999998 -0.999705 -1.000000 0.966039 -1.000000 -1.000000 -0.999990 -1.000000 -1.000000 -1.000000 -0.999999 -1.000000 -0.995744 -0.999376 -0.999998 -1.000000 -1.000000 -0.999732 -0.999998 -1.000000 
-0.999981 -0.999998 -0.999993 -0.999988 -0.999995 -0.999998 -0.999999 -1.000000 -0.999313 -0.999656 -1.000000 -1.000000 -1.000000 -0.999988 -0.999995 -1.000000 -0.999996 0.944190 0.371416 -0.998908 -0.999987 -0.999911 -0.999738 -1.000000 -1.000000 -1.000000 
-1.000000 -1.000000 -0.999995 -0.999993 -0.999946 -1.000000 -1.000000 -1.000000 -0.999997 -0.999979 -1.000000 -1.000000 -1.000000 -1.000000 -0.999997 -1.000000 -0.999997 -0.995477 -0.999891 -0.999999 -1.000000 -0.999998 -0.999381 -1.000000 -1.000000 -1.000000 
-0.999947 -0.999997 -0.999993 -0.999998 -0.997423 -1.000000 -0.999999 -0.999709 -0.999996 -1.000000 -0.999055 -1.000000 -1.000000 -1.000000 -0.999994 -0.999924 -1.000000 -0.999999 -0.999996 -1.000000 -0.991480 -1.000000 -1.000000 -1.000000 -0.988350 -1.000000 
-1.000000 -1.000000 -1.000000 -1.000000 -1.000000 -1.000000 0.945809 -1.000000 -1.000000 -1.000000 -0.999998 -0.999999 -0.999477 -0.999303 -0.999895 -1.000000 -1.000000 -1.000000 -0.999975 -0.999945 -0.999987 -1.000000 -0.999992 -1.000000 -1.000000 -1.000000 
-0.999982 -0.999997 -1.000000 -0.999998 -1.000000 -1.000000 -0.999971 -1.000000 -1.000000 -0.999997 -1.000000 -1.000000 -0.999962 -1.000000 0.959813 -0.999995 -0.999992 -1.000000 -1.000000 -1.000000 -0.994356 -0.999999 -1.000000 -0.999982 -1.000000 -0.999977 
-0.999956 -0.999999 -0.999935 -0.999989 -1.000000 -1.000000 -0.991343 -1.000000 -0.999999 0.989507 -1.000000 -1.000000 -1.000000 -1.000000 -0.999997 -1.000000 -0.999999 -0.999999 -0.996933 -1.000000 -1.000000 -1.000000 -0.998574 -0.996516 -1.000000 -1.000000 
-1.000000 -1.000000 -1.000000 -0.999993 -1.000000 -1.000000 -1.000000 -1.000000 -1.000000 -1.000000 -0.999997 -1.000000 -0.999021 -0.999988 -0.988578 -1.000000 -1.000000 -0.999999 -0.999996 -0.995191 -0.999999 -0.999971 -1.000000 -0.999998 -1.000000 -1.000000 
-0.999988 -0.999889 -1.000000 -0.999962 -1.000000 -1.000000 -0.999865 -0.999893 -1.000000 0.999916 -1.000000 -1.000000 -0.999999 -1.000000 -1.000000 -1.000000 -0.999999 -0.999997 -0.998954 -0.999999 -0.999998 -1.000000 -0.999450 -0.999656 -1.000000 -1.000000 
-0.999991 -0.999994 -0.999992 -0.999999 -0.982982 -0.999992 -1.000000 -0.999998 -0.999969 -1.000000 -0.988997 -1.000000 -1.000000 -1.000000 -1.000000 -0.999996 -1.000000 -1.000000 -0.999291 -1.000000 -0.999854 -1.000000 -1.000000 -1.000000 -0.994016 -1.000000 
-1.000000 -0.994139 -0.999985 -1.000000 -0.999911 -1.000000 -0.999997 -0.999999 -0.999952 -0.999531 -1.000000 -1.000000 -1.000000 -1.000000 -1.000000 -0.999999 -0.999998 -0.999997 -0.999462 -1.000000 -1.000000 -1.000000 -0.998575 -0.999996 -1.000000 -0.999984 
-0.999665 -0.999607 -1.000000 -1.000000 0.994146 -1.000000 -1.000000 -1.000000 -1.000000 -1.000000 -0.987066 -1.000000 -1.000000 -1.000000 -1.000000 -1.000000 -1.000000 -1.000000 -0.999964 -1.000000 -0.999999 -1.000000 -1.000000 -1.000000 -0.999954 -1.000000 
-0.999999 -1.000000 -0.999982 -0.999996 -0.999384 -1.000000 -0.999731 -0.999996 -1.000000 -1.000000 -1.000000 -0.999978 -1.000000 -1.000000 -1.000000 -1.000000 -1.000000 -1.000000 -0.999996 -0.999970 -1.000000 -1.000000 -1.000000 -0.999982 -0.999891 -0.999999 
-1.000000 -0.999991 -1.000000 -1.000000 -0.999995 -0.999999 -1.000000 -1.000000 -0.999990 -1.000000 -0.999993 -1.000000 -0.998002 -0.993599 -1.000000 -1.000000 -1.000000 -0.999959 -0.999978 -1.000000 -0.999997 -1.000000 -0.999999 -1.000000 -1.000000 -0.999998 
-0.999999 -1.000000 -1.000000 -1.000000 -0.999781 -1.000000 0.999984 -1.000000 -1.000000 -0.999986 -0.999998 -0.999998 -0.999993 -0.891404 -0.997925 -1.000000 -0.999998 -0.999998 -0.998552 -0.999928 -0.994909 -0.999999 -0.999988 -1.000000 -0.999998 -0.999993 
-1.000000 -1.000000 -0.999973 -1.000000 -1.000000 -0.999182 -0.999990 -0.999996 -1.000000 -1.000000 0.989784 -1.000000 -0.999999 -0.999994 -1.000000 -0.999998 -0.999990 -0.999603 -0.995995 -1.000000 -0.999850 -0.999999 -1.000000 -1.000000 -0.999765 -0.999987 
-1.000000 -1.000000 -1.000000 -1.000000 -1.000000 -1.000000 -0.999990 -1.000000 -1.000000 -1.000000 -1.000000 -0.999995 -0.999999 -0.999995 0.996229 -1.000000 -0.999934 -1.000000 -0.999989 -1.000000 -0.999999 -1.000000 -0.999970 -1.000000 -0.999999 -1.000000 
-0.999997 -0.999961 -1.000000 -0.999599 -0.992292 -1.000000 -1.000000 -1.000000 -1.000000 -1.000000 -1.000000 -1.000000 -0.999350 -0.999945 -1.000000 -1.000000 -1.000000 -1.000000 -0.995312 -1.000000 -0.999984 -1.000000 -0.999996 -0.999997 -0.999942 -0.999994 
-0.999999 -0.939425 -1.000000 -0.999499 -0.999986 -0.969215 -1.000000 -0.998945 -0.999991 -1.000000 -0.990281 -1.000000 -0.999998 -1.000000 -1.000000 -0.999324 -1.000000 -0.999943 -0.999999 -0.999997 -0.999996 -0.999996 -1.000000 -1.000000 -0.994089 -0.999854 
-1.000000 -1.000000 -1.000000 -1.000000 -0.999999 -0.999998 -1.000000 -0.999988 -1.000000 -0.999999 -0.999992 -1.000000 -0.999024 -0.999997 -1.000000 -1.000000 -1.000000 -0.999999 -0.999063 -0.999999 -0.999984 -1.000000 -1.000000 -1.000000 0.996554 -1.000000 
-0.999997 -1.000000 -1.000000 -1.000000 -1.000000 -1.000000 -0.987894 -1.000000 -0.999999 -1.000000 -1.000000 -1.000000 -0.999497 1.000000 -0.999998 -1.000000 -0.999960 -0.999859 -0.998920 -0.998232 -0.999989 -0.999999 -0.999795 -1.000000 -1.000000 -0.999984 
-1.000000 -0.999955 -0.999991 -1.000000 -1.000000 -0.999999 -1.000000 -0.999999 -0.999999 -0.999995 -1.000000 -1.000000 -1.000000 -1.000000 -1.000000 -0.999944 -1.000000 -0.999893 -0.999795 -0.999995 -1.000000 -1.000000 -0.999172 -1.000000 -1.000000 -0.999992 
-0.999985 -0.999998 -0.999999 -0.999989 -1.000000 -0.999970 -1.000000 -1.000000 -1.000000 -0.999769 -0.999999 -1.000000 -0.999796 -0.999960 -0.999999 -0.999995 -1.000000 -0.999984 -0.999988 0.991061 -1.000000 -0.999989 -1.000000 -0.999994 -0.998275 -1.000000 
-1.000000 -0.999979 -1.000000 -1.000000 -0.999967 -0.999162 -1.000000 -0.999921 -0.999999 -1.000000 -0.999967 -1.000000 -0.999991 -1.000000 -1.000000 -1.000000 -1.000000 -1.000000 -0.998918 -0.998495 -0.999996 -1.000000 -1.000000 -0.999999 0.993948 -1.000000 
-1.000000 -0.999997 -0.999985 -1.000000 -1.000000 -1.000000 -0.999985 -0.999999 -0.999997 -1.000000 -0.999484 -1.000000 -1.000000 -0.999916 -0.999999 -0.999999 -1.000000 -0.999950 -0.999997 -1.000000 -0.998234 -1.000000 -1.000000 -1.000000 -1.000000 -1.000000 
-0.999998 -0.999994 -1.000000 -0.999999 -0.999968 -1.000000 -0.999675 -1.000000 -0.999997 -0.998704 -1.000000 -1.000000 -1.000000 -1.000000 -0.999160 -1.000000 -0.999961 -0.999936 -0.999001 -0.994676 -0.999996 -0.999998 -1.000000 -0.997379 -1.000000 -1.000000 
-1.000000 -1.000000 -1.000000 -1.000000 -0.999737 -0.999749 -1.000000 -0.999991 -1.000000 -1.000000 -0.997763 -1.000000 -1.000000 -0.999993 -1.000000 -0.999926 -1.000000 -0.999986 -0.999992 -1.000000 -1.000000 -1.000000 -0.999998 -1.000000 -0.999642 -1.000000 
-1.000000 -0.999951 -1.000000 -1.000000 -1.000000 -0.999999 -0.997949 -1.000000 -1.000000 -0.999999 -0.999998 -0.999998 -0.999998 -0.999872 -0.999997 -0.994546 -0.999998 -0.999999 -0.999996 -1.000000 -1.000000 -1.000000 1.000000 -1.000000 -1.000000 -0.999398 
-1.000000 -0.999996 -1.000000 -1.000000 -0.999956 -0.998983 -1.000000 -0.999982 -1.000000 -1.000000 -0.999860 -1.000000 -1.000000 -0.999700 -1.000000 -0.999995 -1.000000 -0.985229 -0.999602 -0.999921 -1.000000 -1.000000 -0.999300 -1.000000 -0.999948 -1.000000 
-1.000000 -0.999789 -1.000000 -1.000000 -0.999828 -0.999995 -1.000000 -1.000000 -1.000000 -1.000000 -0.999771 -0.999994 -1.000000 -1.000000 -1.000000 -0.999990 -0.999982 -1.000000 -0.999939 -1.000000 -1.000000 -0.999996 -0.999981 -0.999997 -0.999999 -0.999974 
-1.000000 -1.000000 -1.000000 -0.999938 -0.999997 -0.999999 -1.000000 -0.999986 -0.999983 -1.000000 -1.000000 -1.000000 -1.000000 -0.999998 -0.999997 -0.999998 -0.999904 -0.999010 -1.000000 -1.000000 -1.000000 -0.999998 -1.000000 -1.000000 -1.000000 -1.000000 
-1.000000 -0.999972 -0.999997 -1.000000 -0.999922 -1.000000 -0.999866 -0.999963 -1.000000 -0.999999 -0.999995 -1.000000 -0.999985 -1.000000 -1.000000 -1.000000 -1.000000 -0.999968 -1.000000 -0.999999 -1.000000 -1.000000 -1.000000 -1.000000 -0.999970 -1.000000 
-0.999908 -1.000000 -0.997516 -0.986755 -0.941916 -0.986169 -0.969359 -0.999940 -0.994684 -0.999698 -0.999066 -0.997232 1.000000 -0.999937 -0.985120 -0.993411 -0.997729 -0.939862 -0.999989 -1.000000 -0.948909 -0.999898 -1.000000 -0.999998 -0.978301 -0.999744 
-0.999949 -0.999979 -1.000000 -1.000000 -1.000000 -1.000000 -0.999750 -1.000000 -0.999995 -0.999976 -1.000000 -1.000000 -0.999984 -0.999999 0.999343 -0.999999 -0.999988 -0.999961 -1.000000 -1.000000 -0.988072 -0.999997 -1.000000 -0.999997 -1.000000 -0.999995 
-0.999999 -0.999411 -0.999996 -0.999938 -1.000000 -1.000000 -0.999989 -0.999980 -1.000000 0.994639 -1.000000 -1.000000 -0.973009 -1.000000 -1.000000 -0.999981 -1.000000 -0.999968 -0.999670 -0.998755 -1.000000 -1.000000 -0.999999 -0.999930 -1.000000 -1.000000 
-0.999913 -0.999998 -1.000000 -0.999948 -0.999971 -0.970022 -1.000000 -0.999917 -0.999999 -1.000000 -0.999964 -1.000000 -1.000000 -0.999996 -0.999984 -0.999988 -1.000000 -0.999977 -0.999967 -0.919362 -0.999989 -1.000000 -1.000000 -0.999999 0.953173 -0.999986 
-0.999999 -0.999998 -0.999993 -0.999935 -0.999984 -0.999999 -1.000000 -0.999985 -0.999998 -0.999963 -0.999975 -1.000000 -0.999500 -0.999997 -0.999981 -0.999993 -0.999989 -1.000000 -0.999139 -0.975427 -0.999877 -1.000000 -1.000000 -0.999890 -0.997778 -1.000000 
-1.000000 -0.999974 -1.000000 -1.000000 -1.000000 -1.000000 -0.999643 -0.999998 -0.999965 -1.000000 -0.983547 -1.000000 -0.999999 -0.999903 -0.999998 -0.999998 -1.000000 -0.999999 -0.999999 -1.000000 0.995820 -0.999999 -1.000000 -1.000000 -0.999998 -0.999999 
-0.999999 -0.999998 -1.000000 -1.000000 -1.000000 -1.000000 -0.997469 -1.000000 -1.000000 -1.000000 -0.999994 -1.000000 -1.000000 -0.999883 0.983800 -0.999999 -0.999976 -1.000000 -0.999969 -0.999997 -0.999997 -0.999999 -0.999266 -1.000000 -1.000000 -1.000000 
-1.000000 -1.000000 -1.000000 -1.000000 -1.000000 -0.999980 -0.999999 -0.999999 -1.000000 -0.999329 -0.999042 -1.000000 -1.000000 -0.999962 -1.000000 -0.999992 -0.999999 -0.998579 -0.999999 -0.999970 -1.000000 -0.999984 -0.999999 -1.000000 -0.987277 -1.000000 
-1.000000 -0.999999 -1.000000 -1.000000 -1.000000 -1.000000 -1.000000 -0.999990 -1.000000 -1.000000 -0.999538 -0.999995 -0.999994 -0.991117 -1.000000 -1.000000 -1.000000 -0.997841 -0.999963 -1.000000 -1.000000 -1.000000 -1.000000 -1.000000 -0.999987 -1.000000 
-1.000000 -1.000000 -1.000000 -1.000000 -1.000000 -0.999998 -1.000000 -1.000000 -1.000000 -1.000000 -0.999991 -1.000000 -0.999608 -0.999444 -1.000000 -1.000000 -1.000000 -0.999849 -0.979570 -0.999992 -1.000000 -0.999989 -1.000000 -1.000000 -0.999530 -1.000000 
-0.999996 -0.999907 -0.999984 -0.999999 0.999555 -1.000000 -0.999905 -1.000000 -1.000000 -1.000000 -0.999957 -1.000000 -1.000000 -1.000000 -1.000000 -1.000000 -1.000000 -1.000000 -0.999167 -1.000000 -1.000000 -1.000000 -0.999999 -1.000000 -0.999646 -1.000000 
-0.999999 -0.999811 -1.000000 -1.000000 -1.000000 -1.000000 -0.999688 -0.999998 -1.000000 -0.999994 -0.999999 -1.000000 -0.996118 -1.000000 -0.967045 -0.999798 -1.000000 -1.000000 -1.000000 -1.000000 -0.961171 -1.000000 -0.999999 -0.999994 -1.000000 -0.999598 
-1.000000 -0.999999 -1.000000 -1.000000 -0.994614 -0.999987 -0.999890 -0.999997 -1.000000 -0.999997 -1.000000 -1.000000 -0.999922 -1.000000 -1.000000 -1.000000 -0.999993 -1.000000 -0.986977 -1.000000 -0.999994 -1.000000 -1.000000 -0.999999 -0.998638 -1.000000 
-0.999998 -0.999809 -1.000000 -1.000000 -1.000000 -1.000000 -1.000000 -0.999999 -1.000000 -1.000000 -0.997648 -1.000000 -0.997358 -0.995962 -0.999998 -0.999900 -1.000000 -0.999977 -0.999994 -1.000000 -0.983729 -1.000000 -0.999999 -1.000000 -0.999997 -0.999982 
-0.999455 -0.985067 -0.999871 -0.999989 -0.999965 -0.999999 -1.000000 -1.000000 -0.999913 -0.999858 -0.999789 -0.999971 -1.000000 -0.999998 -0.995745 -0.999452 -0.999998 -0.999986 -0.999962 -1.000000 -1.000000 -0.999246 0.989421 -1.000000 -1.000000 -0.999964 
-1.000000 -0.985318 -1.000000 -1.000000 -0.999999 -1.000000 -0.990828 -1.000000 -1.000000 -1.000000 -0.995660 -0.999996 -0.988094 -0.999999 -1.000000 -1.000000 -1.000000 -1.000000 0.996666 -1.000000 -0.999994 -1.000000 -0.999988 -0.999999 -0.999999 -1.000000 
-1.000000 -1.000000 -0.999993 -0.999999 -0.999595 -0.999999 -0.999962 -1.000000 -1.000000 -0.998939 -1.000000 -1.000000 -1.000000 -1.000000 -1.000000 -1.000000 -0.999999 -0.999999 -0.999989 -0.999834 -1.000000 -0.999999 -0.999998 -0.999998 -0.999867 -1.000000 
-1.000000 -0.999997 -0.999990 -1.000000 -1.000000 -0.999988 -0.999998 -0.999999 -0.999987 -1.000000 0.999965 -1.000000 -1.000000 -0.999844 -1.000000 -1.000000 -1.000000 -0.999743 -0.999528 -0.999995 -1.000000 -0.999999 -1.000000 -1.000000 -0.999961 -0.999997 
-0.999971 -0.999903 -1.000000 -1.000000 -1.000000 -0.999855 -1.000000 -1.000000 -1.000000 -1.000000 -0.999994 -1.000000 -0.999619 -0.999611 -0.999995 -0.964477 -1.000000 -0.999999 -1.000000 -1.000000 -0.999833 -0.999884 -1.000000 -1.000000 -1.000000 -0.999027 
-1.000000 -1.000000 -1.000000 -1.000000 -1.000000 -1.000000 -0.999868 -1.000000 -0.999994 -1.000000 -0.999982 -0.999987 -0.993045 0.996730 -1.000000 -1.000000 -0.999999 -0.999928 -0.999994 -1.000000 -1.000000 -1.000000 -1.000000 -1.000000 -1.000000 -1.000000 
-0.999999 -0.988483 -1.000000 -0.999980 -0.999999 -0.999999 -1.000000 -0.999956 -0.999999 -0.999994 -0.999963 -1.000000 -0.999999 -1.000000 -1.000000 -0.999725 -1.000000 -0.999493 -1.000000 -1.000000 -1.000000 -0.999999 -0.999959 -0.999999 -1.000000 -0.999995 
-0.999993 -1.000000 -0.999998 -0.999999 -0.999963 -1.000000 -0.999962 -1.000000 -1.000000 -1.000000 -0.965688 -0.999997 -0.999999 -1.000000 -0.998986 -0.999998 -1.000000 -1.000000 -0.999984 -1.000000 -0.999488 -0.999998 -1.000000 -0.999999 -0.999956 -0.999998 
-1.000000 -0.998369 -0.999987 -1.000000 -0.999316 -0.999919 -1.000000 -0.999990 -0.999832 -1.000000 -0.999976 -1.000000 -1.000000 -1.000000 -1.000000 -0.999956 -1.000000 -0.999989 -1.000000 -1.000000 -0.999916 -0.999971 -1.000000 -1.000000 -0.986690 -0.999871 
-0.999996 -0.999980 -0.999998 -0.999938 -0.999953 -1.000000 -1.000000 -1.000000 -1.000000 -0.999839 -0.999999 -1.000000 -0.999997 -1.000000 -0.999986 -1.000000 -1.000000 -0.999968 -0.999993 -1.000000 -1.000000 -0.999968 -0.999997 -1.000000 -1.000000 -1.000000 
-1.000000 -1.000000 -1.000000 -0.999999 -0.999998 -1.000000 -0.999989 -1.000000 -0.999993 0.852025 -1.000000 -1.000000 -1.000000 -1.000000 -0.999612 -1.000000 -0.999988 -1.000000 -0.999992 -1.000000 -0.964406 -0.999912 -0.999996 -0.999999 -1.000000 -1.000000 
-0.999974 0.984535 -0.999995 -1.000000 -0.999821 -1.000000 -0.999935 -1.000000 -1.000000 -0.999999 -1.000000 -1.000000 -0.999996 -1.000000 -1.000000 -0.999997 -1.000000 -1.000000 -0.999962 -1.000000 -0.999921 -1.000000 -1.000000 -0.999998 -0.999999 -1.000000 
-0.999978 -1.000000 -1.000000 -0.999754 -1.000000 -0.999917 -1.000000 -0.999988 -0.999754 -1.000000 -0.999998 -0.999999 -0.997888 -0.987452 -0.999999 -0.999996 -1.000000 -0.995243 -0.996642 -0.950532 -0.999981 -0.995649 -1.000000 -0.999999 -0.980267 -1.000000 
-1.000000 -0.999679 -1.000000 -1.000000 0.958851 -1.000000 -1.000000 -1.000000 -0.999999 -1.000000 -0.995549 -0.999999 -1.000000 -1.000000 -1.000000 -1.000000 -1.000000 -0.997204 -0.999995 -1.000000 -1.000000 -1.000000 -1.000000 -1.000000 -0.999861 -1.000000 
-0.999926 -0.998781 -0.999999 -0.999997 -0.999553 -0.999998 -1.000000 -0.999995 -0.999997 -1.000000 -0.999955 -1.000000 -1.000000 -1.000000 -1.000000 -1.000000 -1.000000 -0.998069 -0.999998 -1.000000 -1.000000 -1.000000 -1.000000 -1.000000 -0.999997 -0.999997 
-0.999999 -0.999997 -0.999986 -0.999919 -1.000000 -0.999998 -1.000000 -1.000000 -0.999999 -0.999783 -1.000000 -1.000000 -0.999992 -1.000000 -0.999985 -1.000000 -1.000000 -0.999989 -0.999998 -0.999935 -1.000000 -0.999997 -1.000000 -1.000000 -1.000000 -1.000000 
-0.999993 -0.997500 -0.993904 -0.999833 -0.999017 -1.000000 -1.000000 -0.999720 -1.000000 -0.998598 -1.000000 -1.000000 -0.999998 -1.000000 -0.999990 -1.000000 -0.999992 -1.000000 -0.998878 -0.982756 -1.000000 -0.999991 -0.999999 -0.999857 -0.999432 -1.000000 
-0.999932 -1.000000 -0.999999 -0.999921 -1.000000 -0.999999 -1.000000 -1.000000 -0.999984 -1.000000 -1.000000 -1.000000 -0.999996 -0.999999 -0.994383 -0.999988 -1.000000 -1.000000 -1.000000 -0.993802 -0.999966 -0.999986 -1.000000 -1.000000 -1.000000 -0.999998 
-0.999982 -0.999997 -1.000000 -0.999969 -1.000000 -0.999966 -1.000000 -0.999759 -0.999996 -0.999990 -0.999429 -1.000000 -1.000000 -1.000000 -0.999996 -0.999963 -0.999999 -0.985843 -0.999997 -1.000000 -0.999995 -0.999961 -1.000000 -1.000000 -0.999649 -1.000000 
-0.999955 -0.999998 -1.000000 -1.000000 -0.998931 -0.996122 -1.000000 -0.999994 -0.999999 -1.000000 -0.999976 -1.000000 -0.996519 -1.000000 -0.999990 -0.999964 -1.000000 -1.000000 -0.999991 -0.999997 -0.999996 -0.999998 -1.000000 -0.999999 0.999919 -0.999993 
-1.000000 -1.000000 -1.000000 -1.000000 -1.000000 -1.000000 -0.999713 -1.000000 -0.999974 -0.999989 -0.999805 -1.000000 -0.999997 -0.999835 -0.999976 -0.999999 -1.000000 -0.999997 -0.999999 -1.000000 0.994780 -0.999999 -1.000000 -1.000000 -1.000000 -1.000000 
-1.000000 -1.000000 -1.000000 -1.000000 -1.000000 -1.000000 -0.999988 -1.000000 -1.000000 -1.000000 -1.000000 -1.000000 -0.998026 -0.999909 -1.000000 -1.000000 -1.000000 -1.000000 -1.000000 -1.000000 -0.999998 -1.000000 -0.999999 -1.000000 -1.000000 -0.999996 
-0.999998 -0.999886 -1.000000 -1.000000 -0.999797 -1.000000 -0.999970 -1.000000 -1.000000 -0.999872 -0.999983 -1.000000 -1.000000 -0.999893 -0.999999 -1.000000 -1.000000 -0.999999 -0.697309 -0.999957 -1.000000 -0.999867 -0.999860 -0.999998 -0.999961 -1.000000 
-1.000000 -0.998509 -1.000000 -1.000000 -1.000000 -1.000000 -0.995167 -0.999946 -0.999851 -0.999999 -0.999996 -1.000000 -0.999997 -0.999997 -0.999997 -0.999983 -0.999998 -1.000000 -0.999992 -1.000000 -0.998885 -0.999999 -1.000000 -1.000000 -1.000000 -0.999999 
-0.999998 -1.000000 -0.999978 -0.999319 -1.000000 -0.999910 -0.999846 -0.999999 -0.999991 -0.995970 -0.999908 -1.000000 -1.000000 -0.995545 -1.000000 -0.999998 -0.999227 -0.988726 -0.828082 -0.994127 -1.000000 -0.999758 -1.000000 -0.999998 -0.991991 -1.000000 
-1.000000 -1.000000 -1.000000 -1.000000 -1.000000 -0.999998 -1.000000 -0.999999 -1.000000 -1.000000 -0.999964 -1.000000 -0.999999 -0.999973 -1.000000 -0.999999 -1.000000 -0.996945 -0.999685 -0.999999 -1.000000 -1.000000 -0.999998 -1.000000 -0.999998 -1.000000 
-0.999996 -0.999999 -0.999997 -0.999961 -1.000000 -0.999789 -1.000000 -1.000000 -0.999869 -0.999998 -0.999922 -0.999997 1.000000 -0.999996 -0.957726 -0.999432 -0.999998 -0.999999 -0.999862 -1.000000 -0.999506 -0.999995 -1.000000 -1.000000 -0.976180 -0.999825 
-0.999999 -0.998847 -1.000000 -0.998083 -0.999999 -1.000000 -1.000000 -0.999738 -1.000000 -0.991323 -1.000000 -1.000000 -0.999995 -1.000000 -0.999995 -0.999999 -1.000000 -0.999721 -0.999762 -0.999962 -0.999471 -0.999824 -1.000000 -1.000000 0.812759 -0.999999 
-0.999999 -0.999976 -0.999994 -0.999981 -1.000000 -0.999999 -1.000000 -0.999931 -1.000000 0.998714 -1.000000 -1.000000 -0.999990 -1.000000 -0.999997 -0.999976 -1.000000 -0.999999 -0.996990 -0.999742 -1.000000 -0.999999 -0.999977 -0.999940 -1.000000 -1.000000 
-0.999999 -1.000000 -1.000000 -0.996838 -1.000000 -0.999990 -1.000000 -0.999993 -1.000000 -0.996816 -1.000000 -1.000000 -1.000000 -1.000000 -0.999996 -1.000000 -0.998087 -0.999998 -0.999917 -0.973328 -0.999999 -0.999802 -1.000000 -0.982655 -0.999852 -0.999998 
-0.999997 -0.995740 -0.999971 -1.000000 0.999831 -1.000000 -0.999635 -1.000000 -1.000000 -1.000000 -0.999989 -1.000000 -1.000000 -1.000000 -1.000000 -1.000000 -1.000000 -1.000000 -0.978584 -1.000000 -1.000000 -1.000000 -0.999999 -1.000000 -0.999644 -1.000000 
-0.999997 0.950506 -1.000000 -1.000000 -0.994684 -1.000000 -0.999971 -1.000000 -1.000000 -1.000000 -0.999998 -1.000000 -0.999736 -1.000000 -1.000000 -0.999873 -1.000000 -1.000000 -0.988895 -1.000000 -1.000000 -0.999995 -0.999999 -1.000000 -1.000000 -0.999999 
-0.999999 -0.999999 -1.000000 -1.000000 -0.999942 -1.000000 -0.997977 -1.000000 -0.999994 -0.999999 -0.999998 -1.000000 -0.999999 -0.999991 -0.999580 -0.999998 -1.000000 -0.999998 -0.999905 -1.000000 -0.999999 -1.000000 -0.999552 -1.000000 -1.000000 -0.999991 
-1.000000 -0.999912 -0.999998 -1.000000 -0.851482 -1.000000 -1.000000 -1.000000 -0.999999 -1.000000 -0.995786 -1.000000 -0.999997 -1.000000 -1.000000 -1.000000 -1.000000 -1.000000 -0.653456 -1.000000 -0.999998 -1.000000 -1.000000 -0.999979 -0.999998 -1.000000 
-0.999968 -0.999999 -1.000000 -1.000000 -1.000000 -0.981310 -1.000000 -0.999932 -1.000000 -1.000000 -0.999994 -1.000000 -0.998242 -0.998697 -0.999820 -0.999991 -1.000000 -0.999997 -0.998920 -0.899971 -0.999489 -0.999992 -1.000000 -0.999972 0.999921 -1.000000 
-1.000000 -0.999949 -1.000000 -1.000000 -1.000000 -1.000000 -0.999977 -0.999996 -0.999999 -1.000000 -0.999999 -1.000000 -0.999979 -0.999947 -1.000000 -0.999992 -1.000000 -0.999435 -0.999557 -1.000000 -1.000000 -1.000000 -0.999841 -1.000000 -1.000000 -0.999992 
-1.000000 -1.000000 -1.000000 -1.000000 -1.000000 -1.000000 -0.972280 -1.000000 -1.000000 -1.000000 -0.999996 -1.000000 -1.000000 -0.999982 -0.999990 -0.999998 -0.999999 -1.000000 -0.995715 -0.999999 -0.999966 -1.000000 -1.000000 -1.000000 -1.000000 -0.999998 
-1.000000 -0.999974 -0.999999 -1.000000 -1.000000 -0.999910 -1.000000 -1.000000 -1.000000 -0.997730 -1.000000 -1.000000 -0.999996 -1.000000 -1.000000 -0.999969 -1.000000 -0.999999 -0.999962 0.977580 -1.000000 -0.999967 -1.000000 -1.000000 -0.998121 -1.000000 
-0.999999 -0.999640 -1.000000 -1.000000 -0.999989 -1.000000 1.000000 -0.999999 -0.999990 -0.999993 -0.999982 -0.999553 -0.999999 -0.999535 -0.997464 -1.000000 -0.999973 -1.000000 -0.443960 -0.999674 -0.998273 -1.000000 -0.999796 -0.999992 -1.000000 -0.999941 
-0.999982 -1.000000 -1.000000 -1.000000 -1.000000 -1.000000 -0.999952 -1.000000 -0.999978 -1.000000 -0.999823 -0.999999 -0.992732 0.999982 -1.000000 -1.000000 -1.000000 -0.989857 -0.999665 -0.999994 -0.999971 -0.999991 -0.999993 -1.000000 -0.999999 -1.000000 
-1.000000 -1.000000 -1.000000 -1.000000 -1.000000 -1.000000 -0.999991 -1.000000 -1.000000 -1.000000 -0.999894 -1.000000 -0.999884 0.999309 -1.000000 -1.000000 -1.000000 -0.991204 -0.998129 -0.999991 -0.999999 -1.000000 -0.999950 -1.000000 -1.000000 -1.000000 
-1.000000 -1.000000 -1.000000 -1.000000 -1.000000 -1.000000 -0.996705 -1.000000 -1.000000 -0.999999 -0.999998 -1.000000 -0.999641 0.999128 -0.999996 -0.999998 -1.000000 -0.979839 -0.999728 -0.999436 -0.999257 -0.999919 -0.999546 -1.000000 -0.999938 -0.999999 
-1.000000 -1.000000 -1.000000 -1.000000 -1.000000 -0.999998 -1.000000 -0.999996 -0.999999 -1.000000 -0.999855 -1.000000 -0.999218 -1.000000 -1.000000 -1.000000 -0.999999 -1.000000 -0.997955 -0.999706 -1.000000 -0.999999 -1.000000 -0.999999 0.987271 -1.000000 
-1.000000 -0.999975 -1.000000 -1.000000 -0.999994 -1.000000 -1.000000 -0.999996 -0.999906 -1.000000 -1.000000 -1.000000 -0.999321 -1.000000 -1.000000 -0.999998 -1.000000 -1.000000 -0.994191 -1.000000 -0.999446 -1.000000 -1.000000 -0.999991 -0.999968 -1.000000 
-1.000000 -1.000000 -1.000000 -1.000000 -1.000000 -0.999997 -0.999356 -0.999963 -1.000000 -0.999981 -0.999789 -1.000000 -1.000000 -0.999303 -0.999320 -0.999623 -0.999979 -1.000000 -0.999996 -1.000000 -1.000000 -0.999994 1.000000 -0.999824 -1.000000 -0.998631 
-1.000000 -0.981493 -1.000000 -1.000000 -0.999942 -1.000000 -0.999966 -1.000000 -1.000000 -0.999769 -0.990718 -1.000000 -1.000000 -1.000000 -1.000000 -1.000000 -1.000000 -0.977410 -0.326581 -1.000000 -1.000000 -1.000000 -0.999979 -1.000000 -1.000000 -1.000000 
-1.000000 -0.999509 -1.000000 -0.999922 -1.000000 -1.000000 -0.999999 -0.999991 -1.000000 0.998526 -1.000000 -1.000000 -0.999992 -1.000000 -0.999999 -0.999996 -0.999999 -0.999995 -0.999920 -0.981144 -1.000000 -0.999790 -0.999979 -0.999983 -0.999963 -1.000000 
-1.000000 -0.999923 -0.999990 -1.000000 -0.998714 -1.000000 -0.999998 -0.999310 -0.999978 -1.000000 -0.999991 -0.999999 -1.000000 -1.000000 -1.000000 -0.999998 -1.000000 -1.000000 -0.999908 -1.000000 -0.999749 -0.999994 -1.000000 -0.999997 -0.999353 -0.999998 
-1.000000 -0.994256 -0.999988 -1.000000 -0.992156 -1.000000 -0.999173 -1.000000 -1.000000 -0.999832 -1.000000 -1.000000 -0.999996 -1.000000 -1.000000 -0.999997 -1.000000 -0.999811 -0.969066 -1.000000 -1.000000 -1.000000 -1.000000 -0.999998 -1.000000 -1.000000 
-1.000000 -0.999998 -1.000000 -1.000000 -0.999977 -0.999981 -1.000000 -0.999989 -0.999999 -1.000000 -0.997866 -1.000000 -1.000000 -0.999971 -1.000000 -0.999998 -1.000000 -0.998513 -0.939543 -0.999981 -1.000000 -1.000000 -0.999974 -1.000000 -0.999997 -1.000000 
-1.000000 -1.000000 -0.999997 -1.000000 -0.999684 -1.000000 0.999974 -1.000000 -1.000000 -0.999998 -1.000000 -1.000000 -0.999958 -0.999835 -0.999899 -1.000000 -1.000000 -1.000000 -0.966161 -0.999948 -0.993854 -1.000000 -0.999985 -0.999998 -0.999055 -0.999982 
-0.999999 -0.999678 -0.999989 -1.000000 -0.999922 -0.999992 -0.983918 -0.999994 -0.999999 -1.000000 -0.999999 -1.000000 -0.999998 -0.982359 -1.000000 -0.999499 -0.999999 -0.999999 -0.992045 -1.000000 -0.999998 -0.999998 0.999985 -0.999995 -1.000000 -0.996971 
-1.000000 -0.993074 -1.000000 -1.000000 -1.000000 -0.998056 -1.000000 -0.999999 -0.999999 -1.000000 0.998353 -1.000000 -1.000000 -0.999968 -1.000000 -0.999993 -1.000000 -0.999286 -0.854227 -1.000000 -1.000000 -0.999998 -1.000000 -1.000000 -0.999907 -1.000000 
-1.000000 -0.999981 -1.000000 -1.000000 -0.999701 -1.000000 -1.000000 -0.999996 -0.999997 -1.000000 -0.962014 -0.999999 -0.991376 -0.999873 -1.000000 -0.999919 -1.000000 -1.000000 -0.990183 -1.000000 -1.000000 -1.000000 -1.000000 -1.000000 -0.999740 -0.999999 
-1.000000 -1.000000 -0.999999 -1.000000 -1.000000 -1.000000 -0.999999 -1.000000 -0.999999 -1.000000 -0.999998 -0.999995 1.000000 -1.000000 -1.000000 -0.999998 -1.000000 -1.000000 -0.999990 -1.000000 -1.000000 -1.000000 -1.000000 -0.999997 -1.000000 -0.999920 
-0.999998 -0.999961 -0.999999 -0.999999 -0.900526 -1.000000 -0.999999 -1.000000 -0.999997 -0.999997 -0.997849 -1.000000 -1.000000 -1.000000 -1.000000 -1.000000 -1.000000 -0.999937 -0.983090 -0.999998 -1.000000 -0.999994 -0.999999 -0.999999 -0.999999 -1.000000 
-1.000000 -1.000000 -1.000000 -1.000000 -1.000000 -0.999972 -0.999999 -1.000000 -1.000000 -1.000000 -0.999999 -1.000000 0.909959 -0.983827 -0.999934 -0.999904 -1.000000 -1.000000 -0.999757 -1.000000 -0.999996 -0.999977 -1.000000 -1.000000 -0.999912 -0.997862 
-1.000000 -0.824666 -0.999931 -1.000000 -0.995716 -1.000000 -0.999966 -0.999999 -1.000000 -1.000000 -0.996311 -1.000000 -1.000000 -1.000000 -1.000000 -1.000000 -1.000000 -0.999971 -0.747003 -1.000000 -1.000000 -1.000000 -0.999914 -0.999996 -1.000000 -1.000000 
-0.999999 -0.999999 -0.999968 -1.000000 -1.000000 -1.000000 -0.965643 -1.000000 -0.999818 -0.999984 -0.999998 -1.000000 -1.000000 -0.999982 0.948872 -0.999999 -0.999998 -0.999845 -0.999953 -1.000000 -0.995032 -0.999874 -0.999869 -0.999966 -1.000000 -0.999992 
-0.999924 -0.999851 -0.999996 -0.999999 -0.980032 -0.999996 -0.999688 -1.000000 -1.000000 -0.999993 -0.999720 -1.000000 -1.000000 -1.000000 -1.000000 -0.999999 -1.000000 -0.999994 -0.924067 -1.000000 -1.000000 -1.000000 -1.000000 -1.000000 -0.999999 -1.000000 
-0.998846 -0.999975 -0.999999 -0.999991 -0.999662 -1.000000 -0.999999 -0.999999 -0.999996 -1.000000 -0.996298 -1.000000 -0.999998 -0.999982 -1.000000 -1.000000 -1.000000 -0.999978 -0.987583 -0.999941 -1.000000 -1.000000 -0.998759 -1.000000 -0.999991 -0.999999 
-1.000000 -1.000000 -1.000000 -1.000000 -0.999992 -1.000000 0.999994 -1.000000 -1.000000 -1.000000 -0.999995 -1.000000 -0.999994 -0.999624 -0.999926 -1.000000 -1.000000 -1.000000 -0.960973 -0.999971 -0.998172 -1.000000 -0.999885 -1.000000 -0.999999 -1.000000 
-1.000000 -0.999979 -1.000000 -1.000000 -0.999999 -0.999945 -1.000000 -1.000000 -0.999999 -1.000000 -0.999996 -1.000000 -0.999999 -1.000000 -0.999999 -0.999995 -1.000000 -0.999996 -0.995116 -0.999923 -0.999998 -0.999998 -1.000000 -1.000000 0.962816 -1.000000 
-0.999961 -0.998633 -1.000000 -0.999417 -0.999732 -1.000000 -1.000000 -0.999999 -1.000000 -0.999271 -1.000000 -1.000000 -0.999994 -1.000000 -1.000000 -0.999999 -1.000000 -0.998852 -0.994742 -0.999968 -1.000000 -0.999995 -1.000000 -1.000000 -0.999791 -1.000000 
-0.999998 -0.999991 -0.999996 -1.000000 -0.999999 -1.000000 0.999638 -0.999996 -1.000000 -1.000000 -1.000000 -0.999995 -0.999999 -0.999957 -0.999990 -1.000000 -1.000000 -1.000000 -0.993989 -0.981731 -0.999997 -1.000000 -1.000000 -0.999986 -0.999981 -0.999577 
-0.999996 0.996539 -0.999999 -0.999999 -0.999995 -1.000000 -0.999998 -1.000000 -1.000000 -0.999916 -0.999976 -1.000000 -0.999996 -1.000000 -1.000000 -1.000000 -1.000000 -0.999998 0.877157 -0.999963 -1.000000 -1.000000 -0.999997 -0.999326 -1.000000 -1.000000 
-0.999998 -1.000000 -1.000000 -0.999964 -0.999999 -1.000000 -0.999999 -1.000000 -1.000000 -0.997910 -0.999998 -1.000000 -0.999995 -0.999995 -1.000000 -1.000000 -0.999997 -0.999998 -0.957965 0.830991 -1.000000 -0.999997 -0.999841 -0.999534 -0.999996 -1.000000 
-1.000000 0.956107 -1.000000 -0.999999 -0.999899 -1.000000 -0.999992 -1.000000 -1.000000 -1.000000 -1.000000 -1.000000 -0.999525 -1.000000 -1.000000 -0.999999 -1.000000 -1.000000 -0.983027 -1.000000 -1.000000 -1.000000 -1.000000 -1.000000 -0.999995 -1.000000 
-1.000000 -0.999961 -0.999996 -1.000000 -0.998238 -0.999999 -1.000000 -1.000000 -1.000000 -1.000000 -0.994666 -1.000000 -0.999999 -1.000000 -1.000000 -0.999999 -1.000000 -0.999998 -0.999999 -1.000000 -1.000000 -1.000000 -1.000000 -1.000000 -0.999999 -0.999999 
-0.999920 -0.999838 -0.999996 -0.999999 -0.984290 -0.999994 -0.999655 -1.000000 -1.000000 -0.999994 -0.999721 -1.000000 -1.000000 -1.000000 -1.000000 -0.999999 -1.000000 -0.999994 -0.985018 -1.000000 -1.000000 -1.000000 -1.000000 -1.000000 -0.999999 -1.000000 
-0.999998 -0.999998 -0.999995 -0.999996 -0.999999 -0.999955 -1.000000 -0.999996 -1.000000 -0.965523 -1.000000 -1.000000 -0.999973 -1.000000 -0.999976 -0.999994 -0.999982 -1.000000 -0.999988 -0.998319 -1.000000 -0.999979 -1.000000 -0.999984 -0.999945 -1.000000 
-0.999999 -0.999998 -0.999999 -0.999999 -0.982789 -1.000000 -0.999157 -1.000000 -1.000000 -0.999733 -1.000000 -1.000000 -1.000000 -1.000000 -1.000000 -1.000000 -0.999999 -1.000000 -0.995999 -0.999995 -1.000000 -0.999999 -0.999999 -1.000000 -0.999976 -1.000000 
-1.000000 -1.000000 -1.000000 -1.000000 -1.000000 -0.999986 -0.999947 -0.999994 -0.999988 -1.000000 -0.999996 -1.000000 -0.999922 0.989634 -1.000000 -0.999991 -1.000000 -0.998743 -0.955754 -0.999891 -0.999999 -0.999999 -0.999999 -1.000000 -0.999939 -1.000000 
-1.000000 -1.000000 -1.000000 -1.000000 -0.999999 -1.000000 -0.999970 -1.000000 -1.000000 -0.999979 -1.000000 -0.999988 -0.999999 -1.000000 -0.999973 -1.000000 -1.000000 -1.000000 -0.999995 -0.999968 -1.000000 -0.999999 -0.999994 -0.999975 -0.999980 -1.000000 
-0.999995 -1.000000 -0.999999 -0.999997 -1.000000 -1.000000 -0.997845 -0.999999 -0.999987 -1.000000 -0.999998 -1.000000 -0.999991 -1.000000 -1.000000 -0.999996 -1.000000 -1.000000 -0.998144 -1.000000 -0.999997 -0.999998 -1.000000 -1.000000 -0.998962 -1.000000 
-1.000000 -1.000000 -0.999997 -0.999992 -1.000000 -0.999999 -1.000000 -0.999993 -1.000000 -0.997400 -1.000000 -1.000000 -0.999731 -0.999999 -0.999999 -0.999999 -1.000000 -1.000000 -0.999539 -0.954155 -0.999979 -0.999999 -1.000000 -0.999911 -0.999728 -1.000000 
-1.000000 -1.000000 -1.000000 -1.000000 -1.000000 -1.000000 -0.999854 -1.000000 -0.999983 -0.999998 -0.999906 -1.000000 -0.999952 -0.999984 -0.999876 -1.000000 -1.000000 -1.000000 -0.999993 -0.999996 0.993137 -0.999997 -1.000000 -1.000000 -0.999998 -1.000000 
-0.999971 -0.999957 -0.999999 -0.999999 -0.997044 -1.000000 -0.999988 -0.999843 -0.999997 -1.000000 -0.998747 -1.000000 -1.000000 -1.000000 -1.000000 -0.999989 -1.000000 -0.999999 -0.999859 -1.000000 -0.944274 -1.000000 -1.000000 -1.000000 -0.994438 -1.000000 
-1.000000 0.983605 -1.000000 -1.000000 -0.999948 -0.999997 -1.000000 -0.999996 -0.999999 -1.000000 -0.999999 -0.999997 -1.000000 -1.000000 -1.000000 -0.999997 -1.000000 -0.999998 -0.998995 -1.000000 -1.000000 -1.000000 -1.000000 -0.999999 -0.999688 -0.999997 
-1.000000 -0.999792 -1.000000 -0.999999 -0.999965 -1.000000 -0.999999 -0.999994 -0.999963 -0.999995 -0.999926 -1.000000 -0.999998 -0.999999 -0.999999 -1.000000 -1.000000 -0.999992 0.974737 -1.000000 -0.999902 -0.999992 -0.999976 -0.999967 -0.981370 -1.000000 
-0.999999 -0.999990 -0.999995 -0.999980 -1.000000 -0.999880 -1.000000 -1.000000 -0.999999 -0.988693 -1.000000 -1.000000 -0.999944 -1.000000 -0.999995 -0.999582 -0.999999 -1.000000 -0.999981 0.998650 -1.000000 -0.999481 -1.000000 -0.999994 -0.999574 -1.000000 
-0.998725 -0.999999 -0.999998 -0.999840 -1.000000 -0.999792 -0.985848 -1.000000 -1.000000 -0.999346 -1.000000 -0.999988 -0.999942 0.952624 -0.999897 -0.992380 -0.999666 -1.000000 -0.999768 -0.999713 -0.988160 -0.996074 -0.999896 -1.000000 -0.999968 -0.998938 
-0.999996 -1.000000 -1.000000 -1.000000 -0.999945 -1.000000 -1.000000 -0.999999 -1.000000 -1.000000 -0.999964 -1.000000 -0.968487 -0.999970 -1.000000 -1.000000 -1.000000 -1.000000 -0.964329 -1.000000 -0.999999 -0.999999 -1.000000 -0.999997 0.994217 -0.999999 
-0.999963 -0.999938 -0.978251 -0.999965 0.993318 -1.000000 -1.000000 -0.999941 -0.999833 -1.000000 -0.996483 -1.000000 -1.000000 -1.000000 -1.000000 -1.000000 -0.999990 -0.999698 -0.999984 -1.000000 -0.999955 -1.000000 -1.000000 -1.000000 -0.999816 -1.000000 
-1.000000 -0.999847 -1.000000 -1.000000 -1.000000 -0.999999 -1.000000 -0.999869 -1.000000 -1.000000 -0.999997 -1.000000 -0.999620 -1.000000 -1.000000 -0.999996 -1.000000 -1.000000 -0.999983 -1.000000 -1.000000 -0.999994 -1.000000 -1.000000 -0.999971 -0.999989 
-1.000000 -0.999510 -0.999828 -1.000000 -0.985780 -0.999999 -1.000000 -1.000000 -1.000000 -1.000000 -0.978604 -1.000000 -1.000000 -1.000000 -1.000000 -0.999978 -1.000000 -0.998487 -0.999945 -1.000000 -1.000000 -1.000000 -0.999998 -1.000000 -1.000000 -1.000000 
-0.999998 -0.999994 -0.999944 -0.999999 -1.000000 -1.000000 -0.999989 -0.999999 -0.999980 -0.999178 -1.000000 -1.000000 -0.999992 -0.999947 -1.000000 -0.999943 -0.999995 -0.999998 -0.997574 -0.999997 -1.000000 -0.999999 -0.999664 -0.999980 -1.000000 -0.999986 
-1.000000 -1.000000 -1.000000 -1.000000 -1.000000 -1.000000 -1.000000 -1.000000 -1.000000 -1.000000 -0.999990 -0.999990 -0.999966 -0.999978 -0.988979 -1.000000 -0.999999 -1.000000 -0.999191 -1.000000 -1.000000 -0.999988 -1.000000 -1.000000 -1.000000 -1.000000 
-1.000000 -0.993476 -0.999997 -1.000000 -1.000000 -0.999999 -0.964272 -0.999999 -0.999823 -0.999986 -0.999986 -1.000000 -0.999968 0.990851 -0.999999 -0.999770 -1.000000 -0.999993 -0.999644 -0.999781 -0.996079 -0.997075 -0.999988 -0.999999 -1.000000 -0.999991 
-0.999990 -1.000000 -1.000000 -1.000000 -0.999999 -1.000000 -0.999966 -1.000000 -1.000000 -0.999957 -1.000000 -0.999998 -0.999990 -0.999899 0.999245 -1.000000 -0.999994 -0.999992 -0.999931 -1.000000 -0.999971 -0.999983 -1.000000 -1.000000 -0.999592 -1.000000 
-1.000000 0.999841 -0.999998 -0.999996 -0.999852 -1.000000 -0.997024 -0.999999 -1.000000 -1.000000 -0.999999 -1.000000 -0.999997 -1.000000 -1.000000 -0.999981 -1.000000 -0.999993 -0.994222 -1.000000 -1.000000 -1.000000 -0.999928 -1.000000 -0.999995 -0.999996 
-1.000000 -0.999997 -0.999991 -1.000000 -0.999991 -0.999996 -0.999817 -1.000000 -0.999997 -1.000000 -0.999962 -1.000000 -1.000000 -0.999984 0.949904 -0.999992 -0.999936 -0.999998 -1.000000 -0.999992 -0.999999 -1.000000 -0.999850 -1.000000 -0.999961 -0.999999 
-1.000000 -1.000000 -0.999975 -0.999983 -0.999562 -1.000000 -0.999965 -1.000000 -1.000000 -1.000000 -0.999999 -0.999993 -1.000000 -1.000000 -0.999999 -0.999990 -1.000000 -0.999999 -0.999982 -0.999997 -0.999998 -0.999999 -1.000000 -1.000000 -0.999965 -1.000000 
-0.999916 -0.999966 -0.999994 -0.999999 -0.956017 -0.999998 -0.999974 -1.000000 -1.000000 -0.999995 -0.999891 -1.000000 -1.000000 -1.000000 -1.000000 -1.000000 -1.000000 -0.999993 -0.991058 -1.000000 -1.000000 -1.000000 -1.000000 -1.000000 -0.999999 -1.000000 
-1.000000 -0.999997 -1.000000 -1.000000 0.999372 -0.999998 -1.000000 -1.000000 -1.000000 -1.000000 -0.938491 -1.000000 -1.000000 -1.000000 -1.000000 -1.000000 -1.000000 -0.999236 -0.999779 -1.000000 -1.000000 -1.000000 -0.999985 -1.000000 -1.000000 -1.000000 
-0.999994 -0.999994 -0.999998 -0.999831 -1.000000 -0.999996 -1.000000 -0.999939 -1.000000 -0.997604 -0.999984 -1.000000 -1.000000 -1.000000 -1.000000 -0.999987 -1.000000 -0.999367 -1.000000 -1.000000 -0.999980 -1.000000 -1.000000 -1.000000 -1.000000 -1.000000 
-0.999985 -0.998029 -1.000000 -0.999999 -0.999632 -1.000000 -0.999954 -1.000000 -1.000000 -0.999972 -0.978778 -1.000000 -1.000000 -0.999999 -1.000000 -1.000000 -1.000000 -0.999661 0.999899 -0.999997 -1.000000 -1.000000 -0.999991 -0.999998 -0.999975 -1.000000 
-1.000000 -0.999999 -1.000000 -1.000000 -1.000000 -1.000000 -0.999993 -0.999998 -1.000000 -0.999909 -1.000000 -1.000000 -0.999999 -0.999999 -0.999997 -0.999998 -1.000000 -0.999999 -0.999999 -0.999201 -0.999999 -1.000000 -0.999999 -1.000000 -1.000000 -1.000000 
-1.000000 -0.999999 -0.999999 -1.000000 -0.999873 -0.999993 -1.000000 -0.999989 -0.999999 -0.999999 -0.999720 -1.000000 -0.999999 -0.999519 -1.000000 -0.999993 -1.000000 -0.998980 -0.997519 -0.999970 -1.000000 -0.999999 -0.999994 -1.000000 -0.999970 -1.000000 
-0.999979 0.999529 -0.999987 -1.000000 -0.999768 -1.000000 -0.999998 -0.999999 -0.999996 -1.000000 -0.999997 -0.999998 -1.000000 -1.000000 -1.000000 -1.000000 -1.000000 -0.999999 -0.578839 -1.000000 -1.000000 -1.000000 -0.999996 -0.999998 -0.999998 -1.000000 
-0.999792 -0.999981 -0.999483 -0.999417 -0.999994 -0.999823 -1.000000 -0.999996 -0.998639 -1.000000 -0.999983 -1.000000 -0.999997 -1.000000 -0.999989 -0.999974 -1.000000 -0.999993 -0.998618 0.989568 -0.999802 -0.999987 -1.000000 -0.999944 -0.989086 -1.000000 
-0.999999 -0.999988 -0.999998 -1.000000 -1.000000 -1.000000 -0.992102 -1.000000 -1.000000 -1.000000 -0.997122 -1.000000 -0.999939 -0.999613 -0.999992 -0.999993 -1.000000 -0.999997 -1.000000 -1.000000 0.886164 -1.000000 -1.000000 -1.000000 -0.999999 -1.000000 
-1.000000 -0.999999 -0.999999 -0.999991 -1.000000 -1.000000 -1.000000 -1.000000 -1.000000 -0.999623 -0.999999 -1.000000 -0.999999 -1.000000 -0.999727 -0.999998 -0.999999 -1.000000 -0.999991 -0.993873 -1.000000 -0.999939 -1.000000 -0.999831 -0.999997 -1.000000 
-0.999997 -1.000000 -1.000000 -0.999999 -0.999947 -1.000000 -0.995081 -0.999995 -0.999995 -0.999961 -0.999979 -1.000000 -1.000000 -0.999991 -0.999998 -1.000000 -1.000000 -0.999779 -0.999413 -1.000000 -0.999040 -0.999999 -1.000000 -1.000000 -1.000000 -1.000000 
-1.000000 -0.999987 -1.000000 -1.000000 -0.999994 -1.000000 -1.000000 -0.999997 -0.999918 -1.000000 -0.999999 -1.000000 -0.999126 -1.000000 -1.000000 -0.999998 -1.000000 -1.000000 -0.982471 -1.000000 -0.999380 -1.000000 -1.000000 -0.999989 -0.999962 -1.000000 
-0.999997 -1.000000 -1.000000 -1.000000 -0.999999 -1.000000 -0.999864 -1.000000 -0.999999 -1.000000 -1.000000 -0.999998 -0.999970 -0.999998 0.999998 -0.999999 -0.999986 -1.000000 -0.999981 -0.999999 -0.998142 -0.999446 -1.000000 -1.000000 -0.999237 -1.000000 
-1.000000 -1.000000 -1.000000 -1.000000 -1.000000 -0.999993 -1.000000 -0.999992 -1.000000 -0.999994 -0.999980 -1.000000 -0.997626 -0.999999 -1.000000 -0.999999 -1.000000 -0.999999 -0.932104 -0.999994 -0.999952 -1.000000 -1.000000 -0.999999 0.964325 -1.000000 
-1.000000 -1.000000 -0.999998 -1.000000 -0.999872 -1.000000 -0.999828 -1.000000 -1.000000 -1.000000 -0.999974 -0.999998 -1.000000 -1.000000 -0.999950 -1.000000 -1.000000 -1.000000 -0.999980 -0.999960 -0.999999 -0.999999 -1.000000 -0.999999 -0.999999 -1.000000 
-1.000000 -1.000000 -0.999966 -1.000000 -1.000000 -1.000000 -0.999999 -0.999939 -1.000000 -0.999979 -0.999921 -1.000000 -0.999999 -0.990636 -1.000000 -0.999999 -1.000000 -0.998418 -1.000000 -1.000000 -0.999987 -0.999975 -0.998819 -1.000000 -1.000000 -0.999986 
-1.000000 -0.999997 -1.000000 -1.000000 -0.999999 -0.999977 -1.000000 -0.999905 -0.999990 -1.000000 -0.999912 -1.000000 -0.994524 -1.000000 -1.000000 -1.000000 -1.000000 -1.000000 -0.999979 -1.000000 -1.000000 -0.999999 -1.000000 -0.999999 0.975471 -0.999994 
-0.999980 -0.999998 -0.999999 -0.999991 -1.000000 -0.999963 -1.000000 -1.000000 -1.000000 -0.999858 -0.999999 -1.000000 -0.999672 -0.999935 -0.999997 -0.999996 -1.000000 -0.999988 -0.999892 0.992956 -1.000000 -0.999980 -1.000000 -0.999993 -0.997511 -1.000000 
-0.999681 0.991309 -0.999934 -0.999994 -0.993405 -1.000000 -0.999996 -0.999998 -1.000000 -1.000000 -0.999999 -1.000000 -0.999957 -1.000000 -1.000000 -0.999989 -1.000000 -1.000000 -0.999362 -1.000000 -0.999999 -1.000000 -1.000000 -0.999999 -0.999995 -0.999998 
-0.999711 -0.984422 -0.999999 -0.995142 -1.000000 -1.000000 -1.000000 -1.000000 -1.000000 -0.999905 -0.999942 -1.000000 -0.999997 -1.000000 -1.000000 -0.999999 -1.000000 -0.999252 -0.999710 -1.000000 -0.999997 -1.000000 -1.000000 -1.000000 -1.000000 -1.000000 
-1.000000 -0.999934 -0.999991 -0.999999 -0.999999 -0.999999 -0.986472 -0.993753 -0.999998 -0.998012 -0.997665 -0.999998 -0.999668 -1.000000 -1.000000 -0.999929 -0.999999 -1.000000 -0.999980 -0.999781 -1.000000 -0.999994 -0.999998 -0.999716 -0.996541 -1.000000 
-0.999945 -1.000000 -0.998130 -0.985175 -0.999999 -0.999935 -0.999964 -0.999751 -0.999842 -0.999859 -0.999957 -0.999939 0.999999 -0.999998 -0.993255 -0.999980 -0.999911 -0.983543 -1.000000 -0.999951 -0.983420 -0.998624 -1.000000 -0.974061 -0.999996 -0.999922 
-0.999998 -0.999990 -0.999978 -0.999991 -0.996828 -0.999999 -0.999874 -1.000000 -0.999995 -1.000000 -0.999999 -0.999993 -1.000000 -1.000000 -1.000000 -1.000000 -1.000000 -1.000000 -0.999947 -0.999989 -0.999980 -0.999998 -1.000000 -1.000000 -0.999968 -1.000000 
-1.000000 -0.999998 -1.000000 -1.000000 -0.999998 -0.999997 -1.000000 -0.999989 -0.999997 -0.999999 -0.999996 -1.000000 -0.995155 -1.000000 -0.999999 -0.999999 -1.000000 -1.000000 -0.998803 -1.000000 -0.999997 -0.999997 -1.000000 -0.999995 0.978748 -0.999999 
-1.000000 -0.999926 -1.000000 -0.999996 -1.000000 -1.000000 -0.990888 -0.999999 -1.000000 0.933663 -1.000000 -1.000000 -1.000000 -0.999990 -0.999992 -1.000000 -0.999994 -0.999909 -0.993604 -1.000000 -0.999983 -1.000000 -0.979594 -0.999981 -0.999998 -0.999996 
-1.000000 -0.999992 -1.000000 -1.000000 -1.000000 -1.000000 -0.999935 -0.999997 -1.000000 -0.999638 -1.000000 -1.000000 -1.000000 -0.999996 -0.999973 -0.999969 -1.000000 -0.999989 -0.999999 -0.999458 -0.999997 -1.000000 -0.999984 -1.000000 -1.000000 -1.000000 
-1.000000 -0.999697 -0.999999 -0.999927 -1.000000 -1.000000 -1.000000 -0.999679 -1.000000 0.999535 -1.000000 -1.000000 -0.999964 -1.000000 -0.999134 -1.000000 -1.000000 -0.999698 -0.994780 -0.999881 -1.000000 -0.999997 -0.999990 -0.999370 -0.999996 -1.000000 
-0.999849 -0.857993 -0.999998 -0.999964 -0.999942 -0.999997 -1.000000 -0.999965 -1.000000 -1.000000 -0.996840 -1.000000 -0.999999 -1.000000 -1.000000 -0.999995 -1.000000 0.958926 -0.998652 -1.000000 -1.000000 -1.000000 -1.000000 -1.000000 -0.999999 -1.000000 
-1.000000 -0.999979 -0.999987 -0.999999 -0.999987 -0.999999 -1.000000 -1.000000 -0.999997 -1.000000 -1.000000 -1.000000 -0.999996 -1.000000 -1.000000 -1.000000 -1.000000 -1.000000 -0.999964 -0.980127 -1.000000 -1.000000 -1.000000 -0.999981 -0.999991 -1.000000 
-0.999975 -1.000000 -0.999932 -0.988962 -1.000000 -0.999980 -0.999999 -0.999979 -0.999991 -0.999484 -0.999999 -1.000000 -0.999994 -0.999989 -0.999823 -0.999956 -0.999998 -0.999990 -0.999801 0.998617 -0.992273 -0.999549 -1.000000 -0.999837 -0.999719 -1.000000 
-1.000000 -0.999995 -0.999977 -0.999986 -1.000000 -1.000000 -1.000000 -1.000000 -1.000000 -0.999942 -1.000000 -1.000000 -0.999953 -1.000000 -0.999766 -0.999999 -0.999999 -1.000000 -0.999847 -0.997284 -0.999999 -1.000000 -1.000000 -0.999808 -0.999999 -1.000000 
-1.000000 -0.999996 -0.999996 -0.999999 -0.999998 -1.000000 -0.999997 -0.999834 -1.000000 0.997808 -1.000000 -1.000000 -1.000000 -1.000000 -1.000000 -0.999999 -1.000000 -0.999999 -0.997827 -0.999999 -0.999996 -1.000000 -0.999530 -0.999840 -1.000000 -1.000000 
-0.999994 -0.871981 -1.000000 -1.000000 -0.999999 -1.000000 -0.879926 -1.000000 -0.999995 -0.999999 -0.999001 -1.000000 -0.999988 -0.999498 -0.999996 -0.999999 -0.999999 -0.999999 0.999998 -0.997462 -1.000000 -0.999988 -0.999976 -0.999986 -0.999340 -1.000000 
-1.000000 -0.999982 -1.000000 -1.000000 -1.000000 -0.996385 -0.999996 -0.999999 -1.000000 -1.000000 -0.981036 -1.000000 -0.999995 -1.000000 -1.000000 -0.999967 -1.000000 -1.000000 -0.999996 -0.999671 -0.999903 -0.999999 -1.000000 -1.000000 -0.993748 -0.999998 
-0.998598 -1.000000 -0.999998 -0.999993 -1.000000 -1.000000 -0.999750 -0.999999 -0.999976 -0.849459 -1.000000 -1.000000 -1.000000 -0.999992 -0.999650 -0.999999 -0.999616 -0.999995 -0.999610 -0.999890 -1.000000 -0.999996 -0.999904 -0.999940 -0.999999 -0.999981 
-1.000000 -1.000000 -1.000000 -1.000000 -0.999979 -0.999999 -1.000000 -1.000000 -1.000000 -1.000000 -0.999498 -1.000000 -1.000000 -0.999075 -0.999995 -1.000000 -1.000000 0.990437 -0.999997 -0.999995 -1.000000 -1.000000 -1.000000 -1.000000 -1.000000 -1.000000 
-1.000000 -1.000000 -0.999997 -1.000000 -0.999997 -0.999882 -0.999999 -0.999999 -0.999971 -1.000000 0.987042 -1.000000 -1.000000 -0.999779 -1.000000 -1.000000 -1.000000 -0.999977 -0.995369 -1.000000 -1.000000 -0.999992 -1.000000 -1.000000 -0.993569 -0.999999 
-1.000000 -0.999998 -1.000000 -0.999997 -1.000000 -0.999995 -0.999984 -0.999980 -1.000000 -0.999818 -0.999994 -1.000000 -1.000000 -0.999891 -1.000000 -1.000000 -1.000000 0.994393 -0.999770 -1.000000 -0.999999 -1.000000 -1.000000 -1.000000 -1.000000 -1.000000 
-1.000000 -0.998649 -0.999998 -1.000000 0.993206 -1.000000 -1.000000 -1.000000 -1.000000 -1.000000 -0.999710 -0.999997 -1.000000 -1.000000 -1.000000 -1.000000 -1.000000 -1.000000 -0.999773 -1.000000 -1.000000 -0.999999 -1.000000 -0.999999 -0.999753 -1.000000 
-1.000000 -0.999999 -0.999999 -0.999986 -0.899578 -1.000000 -1.000000 -1.000000 -0.999995 -1.000000 -1.000000 -1.000000 -1.000000 -1.000000 -1.000000 -1.000000 -1.000000 -0.999997 -0.999989 -1.000000 -0.999996 -1.000000 -1.000000 -1.000000 -1.000000 -1.000000 
-0.999949 -0.987476 -0.999998 -0.999999 0.977439 -1.000000 -0.999991 -1.000000 -1.000000 -1.000000 -0.999219 -1.000000 -1.000000 -1.000000 -1.000000 -1.000000 -1.000000 -1.000000 -0.996536 -1.000000 -0.999998 -1.000000 -0.999998 -1.000000 -0.999978 -1.000000 
-0.999998 -0.999627 -0.999998 -1.000000 -1.000000 -0.999997 -1.000000 -0.999975 -1.000000 -1.000000 -0.999967 -1.000000 -0.999711 -1.000000 -0.999966 -0.999997 -1.000000 -0.999994 -1.000000 -1.000000 -0.999790 -1.000000 -1.000000 -0.999998 -0.993670 -0.999900 
-0.999939 -1.000000 -0.999920 -0.999997 -0.985102 -0.999996 -0.999834 -0.999988 -1.000000 -1.000000 -0.999665 -1.000000 -0.999998 -0.985243 -1.000000 -0.999999 -1.000000 -0.999382 -0.995739 -0.960223 -0.999998 -0.999976 -1.000000 -0.999984 0.991918 -1.000000 
-1.000000 -0.999978 -1.000000 -1.000000 -0.999996 -1.000000 -1.000000 -1.000000 -1.000000 -0.999996 -1.000000 -1.000000 -1.000000 -1.000000 -0.999997 -1.000000 -1.000000 -1.000000 -0.999963 -1.000000 -1.000000 -1.000000 -0.999980 -1.000000 -0.999990 -1.000000 
-1.000000 -1.000000 -1.000000 -1.000000 -0.999999 -0.999996 -1.000000 -0.999999 -1.000000 -1.000000 -1.000000 -1.000000 -0.999987 -0.999996 -1.000000 -1.000000 -1.000000 -0.999741 -0.996296 -0.999990 -0.999994 -1.000000 -1.000000 -1.000000 -0.997348 -1.000000 
-1.000000 0.904565 -1.000000 -1.000000 -0.999972 -1.000000 -1.000000 -1.000000 -1.000000 -1.000000 -1.000000 -1.000000 -0.999963 -1.000000 -0.999999 -0.999998 -1.000000 -0.999960 -0.999995 -1.000000 -1.000000 -1.000000 -1.000000 -1.000000 -0.999997 -1.000000 
-0.999999 -0.999950 -0.999990 -0.999987 -1.000000 -1.000000 -1.000000 -0.999946 -1.000000 0.999372 -1.000000 -1.000000 -0.999988 -1.000000 -0.999998 -0.999965 -1.000000 -0.999999 -0.992504 -0.999875 -1.000000 -0.999999 -0.999940 -0.999960 -1.000000 -1.000000 
-1.000000 -1.000000 -0.999966 -1.000000 -0.999978 -0.999999 -1.000000 -1.000000 -1.000000 -1.000000 -0.992297 -1.000000 -0.999998 -0.999998 -1.000000 -0.999999 -1.000000 -0.995278 -0.999997 -1.000000 -1.000000 -1.000000 -0.999986 -1.000000 -1.000000 -0.999999 
-1.000000 -0.999999 -1.000000 -1.000000 -1.000000 -1.000000 -0.977910 -1.000000 -0.999999 -1.000000 -0.999990 -1.000000 -0.999999 -0.999983 -0.999989 -1.000000 -0.999992 -0.999980 -0.999992 -1.000000 -1.000000 -1.000000 -0.999463 -1.000000 -0.999971 -0.999999 
-0.999996 -1.000000 -0.999972 -1.000000 -1.000000 -0.999997 -0.999978 -0.999998 -0.999996 -1.000000 -0.999984 -1.000000 -1.000000 -0.997267 -1.000000 -1.000000 -1.000000 0.997415 -0.999984 -1.000000 -1.000000 -0.999997 -0.999999 -1.000000 -0.999999 -1.000000 
-1.000000 -0.999978 -0.999996 -1.000000 -0.999946 -0.999957 -0.999999 -1.000000 -1.000000 -1.000000 -0.972129 -1.000000 -0.999996 -1.000000 -1.000000 -1.000000 -1.000000 -0.999188 -0.966021 -0.999924 -1.000000 -1.000000 -0.999710 -1.000000 -0.999999 -1.000000 
-0.998616 -0.998051 -0.999941 -0.999991 -0.999998 -0.999999 -0.999985 -0.999978 -1.000000 -0.999345 -0.999997 -1.000000 -1.000000 -0.999989 -0.999936 -1.000000 -1.000000 0.999817 -0.999697 -0.999994 -1.000000 -1.000000 -0.999914 -0.999981 -1.000000 -0.999998 
-1.000000 -0.999996 -1.000000 -1.000000 -1.000000 -1.000000 -0.999999 -1.000000 -1.000000 -1.000000 -0.977415 -1.000000 -0.999997 -0.999804 -1.000000 -1.000000 -1.000000 -0.998658 0.992722 -0.999998 -0.999998 -1.000000 -0.999997 -0.999997 -0.999862 -1.000000 
-0.999998 0.993271 -1.000000 -0.999996 -0.999933 -1.000000 -0.999998 -0.999996 -1.000000 -0.999985 -0.999971 -1.000000 -1.000000 -1.000000 -1.000000 -0.999990 -1.000000 -0.992001 -0.999827 -1.000000 -1.000000 -1.000000 -0.999824 -0.999999 -1.000000 -1.000000 
-0.999998 -1.000000 -1.000000 -0.999935 -1.000000 -1.000000 -1.000000 -0.999999 -1.000000 -0.997083 -1.000000 -1.000000 -0.999999 -1.000000 -0.999901 -0.999998 -0.999997 -1.000000 -1.000000 -0.981185 -1.000000 -0.998437 -1.000000 -0.999924 -0.999950 -1.000000 
-0.999971 -0.999972 -0.999996 -1.000000 0.950160 -1.000000 -1.000000 -1.000000 -1.000000 -1.000000 -0.999974 -0.999999 -1.000000 -1.000000 -1.000000 -1.000000 -1.000000 -1.000000 -0.999992 -1.000000 -1.000000 -0.999990 -1.000000 -1.000000 -0.999103 -1.000000 
-1.000000 -0.999978 -1.000000 -1.000000 -1.000000 -0.998655 -1.000000 -0.999477 -0.999997 -1.000000 -0.999941 -1.000000 -0.999993 -1.000000 -1.000000 -1.000000 -1.000000 -0.999998 -0.999859 -0.999999 -1.000000 -1.000000 -1.000000 -0.999999 -0.942917 -0.999890 
-0.999965 -1.000000 -1.000000 -0.999352 -1.000000 -0.999992 -1.000000 -1.000000 -0.999999 -0.987504 -0.999999 -0.999999 -1.000000 -0.999993 -0.999996 -0.999999 -0.999322 -0.999387 -0.897974 -0.996935 -1.000000 -0.999946 -0.999964 -0.992396 -0.995893 -0.999975 
-0.999976 -1.000000 -0.999990 -0.999983 -1.000000 -0.999655 -1.000000 -0.999963 -0.999972 -0.999997 -0.999995 -0.999999 -0.999977 -1.000000 -0.999999 -0.999999 -0.999144 -0.999997 -0.964653 -0.921973 -0.998778 -0.999707 -1.000000 -0.999731 0.923225 -1.000000 
-0.999996 -0.999973 -1.000000 -0.999823 -1.000000 -0.999995 -1.000000 -0.999917 -1.000000 -0.998086 -0.999949 -1.000000 -0.999999 -1.000000 -1.000000 -0.999902 -1.000000 -0.999969 -0.999999 -1.000000 -0.999973 -1.000000 -1.000000 -1.000000 -1.000000 -1.000000 
-0.999999 -0.999998 -0.999943 -0.999996 -0.999997 -1.000000 -0.999991 -1.000000 -1.000000 -1.000000 -0.999973 -1.000000 -0.999999 -1.000000 -0.999992 -0.999990 -1.000000 -1.000000 -0.999991 -1.000000 -0.999988 -0.999995 -1.000000 -1.000000 -0.999953 -0.999999 
-0.999998 -1.000000 -0.999994 -1.000000 -1.000000 -1.000000 -1.000000 -1.000000 -1.000000 -1.000000 -0.999995 -1.000000 -0.999998 -1.000000 -0.999772 -1.000000 -0.999998 -1.000000 -0.999985 -1.000000 -0.999999 -0.999999 -1.000000 -0.999953 -1.000000 -0.999998 
-1.000000 -1.000000 -1.000000 -0.999999 -0.999925 -1.000000 -0.999999 -0.999999 -0.999998 -1.000000 -0.999972 -1.000000 -0.999544 -1.000000 -1.000000 -1.000000 -1.000000 -0.999996 -1.000000 -1.000000 -0.998723 -1.000000 -1.000000 -1.000000 -0.999982 -1.000000 
-1.000000 -0.999970 -0.999999 -0.999962 -0.999999 -1.000000 -1.000000 -0.999988 -1.000000 -0.996975 -1.000000 -1.000000 -0.999990 -1.000000 -0.999999 -1.000000 -1.000000 -1.000000 -0.992869 -0.982160 -1.000000 -1.000000 -0.999975 -0.999810 -0.999984 -1.000000 
-1.000000 -0.999940 -0.999998 -1.000000 -0.999857 -0.999983 -1.000000 -1.000000 -0.999990 -1.000000 -0.998706 -0.999999 -0.999818 -0.999999 -1.000000 -0.999993 -1.000000 -0.999925 -0.984041 -0.999865 -1.000000 -1.000000 -0.999921 -1.000000 -0.999996 -1.000000 
-0.999998 -0.999962 -0.999994 -0.999999 -1.000000 -1.000000 -1.000000 -0.997254 -1.000000 -0.896564 -1.000000 -1.000000 -0.999976 -1.000000 -1.000000 -1.000000 -1.000000 -1.000000 -0.999932 -0.999904 -1.000000 -1.000000 -1.000000 -0.999988 -0.994591 -0.999998 
-1.000000 0.960724 -0.998885 -1.000000 -0.999675 -0.999974 -1.000000 -0.999943 -1.000000 -1.000000 -0.999533 -0.999998 -1.000000 -0.999992 -1.000000 -0.999996 -0.999993 -0.999999 -0.999229 -1.000000 -0.999986 -0.999996 -0.999976 -1.000000 -0.999863 -0.999971 
-1.000000 -0.999967 -1.000000 -1.000000 -0.999984 -1.000000 -0.990263 -1.000000 -0.999998 -1.000000 -0.999996 -0.999991 -0.999987 -0.998621 -0.999544 -0.999994 -0.999981 -0.999999 -0.999969 -0.999998 -1.000000 -0.999999 -0.999542 -1.000000 -1.000000 -1.000000 
-0.999995 -0.990118 -0.999952 -0.999978 -1.000000 -0.999999 -1.000000 -0.999985 -0.999940 -0.999996 -0.999999 -1.000000 -1.000000 -1.000000 -1.000000 -0.999975 -1.000000 -0.999430 -0.999889 -1.000000 -1.000000 -1.000000 -0.985045 -1.000000 -1.000000 -0.999998 
-1.000000 -1.000000 -0.999998 -0.999991 -1.000000 -1.000000 -1.000000 -1.000000 -1.000000 -0.999946 -1.000000 -1.000000 -0.999962 -1.000000 -0.999979 -1.000000 -1.000000 -0.999999 -0.999969 -0.946922 -0.999917 -0.999999 -1.000000 -0.999811 -0.999964 -1.000000 
-1.000000 -1.000000 -1.000000 -1.000000 -0.999989 -0.999992 -1.000000 -0.999998 -1.000000 -1.000000 -0.999992 -1.000000 -0.999983 -0.981228 -1.000000 -0.999997 -1.000000 -0.999917 -0.997894 -0.999221 -1.000000 -1.000000 -1.000000 -0.999999 0.883093 -0.999998 
-0.999999 -0.999999 -1.000000 -0.999091 -0.999035 -0.999998 -1.000000 -1.000000 -0.999814 -0.999999 -0.999984 -1.000000 -1.000000 -1.000000 -0.999999 -0.999998 -0.999922 -0.999995 -0.999997 -1.000000 -0.999994 -0.999957 -1.000000 -1.000000 -0.999994 -0.999993 
-0.988099 -0.995823 -0.998587 -0.999997 -0.998644 -0.999992 -0.999999 -1.000000 -0.998214 -0.999101 -0.998380 -0.997982 -0.999984 -0.999979 -0.997858 -0.997843 -0.999995 -0.999999 -0.999903 -1.000000 -1.000000 -0.999777 0.997355 -0.999900 -0.999999 -0.999869 
-1.000000 -1.000000 -1.000000 -1.000000 -1.000000 -0.999998 -1.000000 -0.999999 -0.999998 -1.000000 -0.985037 -0.999999 -0.999840 -0.999472 -1.000000 -0.999993 -1.000000 -0.999999 -0.998450 -0.999994 -1.000000 -1.000000 -1.000000 -1.000000 -0.998023 -0.999999 
-0.999989 0.933474 -1.000000 -0.999999 -0.999732 -1.000000 -0.999997 -0.999999 -1.000000 -1.000000 -1.000000 -0.999999 -0.999999 -1.000000 -1.000000 -0.999963 -1.000000 -0.984162 -0.997313 -0.999999 -1.000000 -0.999993 -0.999967 -0.999992 -1.000000 -1.000000 
-0.999999 -0.999984 -0.999682 -1.000000 -0.999895 -0.999876 -1.000000 -0.999976 -0.999994 -1.000000 -0.974973 -1.000000 -0.999462 -0.999997 -1.000000 -0.999709 -1.000000 -0.998515 -0.999671 -0.999972 -1.000000 -0.999996 -1.000000 -1.000000 -0.994810 -0.999999 
-0.999988 -0.996384 -1.000000 -0.999969 -1.000000 -0.999996 -1.000000 -0.999995 -1.000000 -0.999961 -0.998735 -1.000000 -1.000000 -1.000000 -0.999996 -0.999999 -1.000000 0.998377 -0.977292 -1.000000 -1.000000 -0.999999 -1.000000 -1.000000 -1.000000 -1.000000 
-1.000000 -1.000000 -0.999836 -1.000000 -0.999699 -0.999999 -0.999998 -0.999915 -0.999999 -1.000000 -0.997383 -1.000000 -0.990644 -0.999275 -1.000000 -0.997699 -1.000000 0.995092 -0.999997 -0.999987 -1.000000 -1.000000 -0.999974 -0.999997 -1.000000 -1.000000 
-0.999997 -1.000000 -0.999991 -0.999998 -1.000000 -1.000000 -0.999998 -1.000000 -0.999995 -0.998998 -1.000000 -1.000000 -0.999976 -0.999978 -1.000000 -0.999999 -0.999974 -0.999998 -0.999999 -0.999998 -1.000000 -1.000000 -0.999986 -0.999990 -1.000000 -0.999994 
-0.999977 -1.000000 -1.000000 -0.999921 -0.999979 -0.999966 -1.000000 -0.999998 -0.999996 -1.000000 -0.999997 -1.000000 -0.999997 -0.996058 -0.999999 -0.999997 -1.000000 -0.991189 -0.999995 -0.971616 -1.000000 -0.999978 -1.000000 -1.000000 -0.845599 -0.999997 
-0.999983 -0.999998 -1.000000 -0.999465 -1.000000 -1.000000 -1.000000 -0.999999 -1.000000 -0.999337 -1.000000 -1.000000 -0.999531 -1.000000 -0.999230 -1.000000 -0.999999 -0.999908 -1.000000 -0.999991 -1.000000 -0.999993 -1.000000 -0.999997 -0.999174 -0.999997 
-1.000000 -0.999998 -1.000000 -0.999996 -0.999994 -0.999984 -1.000000 -0.999995 -1.000000 -1.000000 -0.999998 -1.000000 -0.999392 -1.000000 -1.000000 -1.000000 -1.000000 -0.999999 -0.999999 -0.999999 -0.999945 -1.000000 -1.000000 -0.999999 -0.999872 -1.000000 
-1.000000 -1.000000 -0.999998 -0.999999 -0.979365 -1.000000 -1.000000 -0.999999 -0.999979 -1.000000 -0.999995 -1.000000 -0.999999 -1.000000 -1.000000 -1.000000 -1.000000 -1.000000 -0.999811 -1.000000 -1.000000 -1.000000 -0.999999 -1.000000 -0.999889 -1.000000 
-1.000000 -1.000000 -1.000000 -1.000000 -0.999982 -0.999999 -1.000000 -0.999993 -1.000000 -1.000000 -0.999999 -1.000000 -0.999395 -1.000000 -1.000000 -1.000000 -1.000000 -1.000000 -0.999987 -1.000000 -0.999999 -1.000000 -1.000000 -0.999999 -0.897121 -0.999997 
-1.000000 -1.000000 -0.999997 -0.999999 -0.999010 -0.999999 -0.999977 -1.000000 -1.000000 -0.999990 -1.000000 -1.000000 -1.000000 -1.000000 -1.000000 -1.000000 -1.000000 -0.999866 -0.997011 -0.999991 -1.000000 -0.999995 -0.999949 -1.000000 -0.999988 -1.000000 
-1.000000 0.996747 -1.000000 -1.000000 -0.997287 -1.000000 -0.999998 -0.999999 -1.000000 -1.000000 -0.999939 -1.000000 -1.000000 -1.000000 -1.000000 -0.999873 -1.000000 -0.999994 -0.998718 -1.000000 -1.000000 -0.999994 -0.999705 -1.000000 -0.999995 -1.000000 
-1.000000 0.756286 -0.999864 -1.000000 -0.999928 -1.000000 -0.999998 -1.000000 -0.999999 -1.000000 -0.992871 -0.999995 -1.000000 -1.000000 -0.999994 -1.000000 -1.000000 -0.999939 -0.959641 -1.000000 -1.000000 -1.000000 -0.999993 -0.999999 -1.000000 -1.000000 
-1.000000 -0.987689 -1.000000 -1.000000 -1.000000 -0.999995 -0.999987 -0.999999 -0.999999 -0.999998 -1.000000 -0.999997 -0.999999 -1.000000 -0.988296 -0.976414 -1.000000 -0.999865 -0.999999 -0.999992 -0.999964 -0.999856 -0.999946 -1.000000 -1.000000 -1.000000 
-1.000000 -1.000000 -0.999995 -0.999999 -0.982713 -1.000000 -1.000000 -0.999999 -0.999977 -1.000000 -0.999998 -1.000000 -1.000000 -1.000000 -1.000000 -1.000000 -1.000000 -1.000000 -0.999867 -1.000000 -1.000000 -1.000000 -0.999999 -1.000000 -0.999941 -1.000000 
-1.000000 -1.000000 -1.000000 -1.000000 -0.999821 -0.999935 -1.000000 -1.000000 -0.999999 -1.000000 -0.999868 -1.000000 -1.000000 -1.000000 -1.000000 -0.999998 -1.000000 -0.999999 -0.998771 -1.000000 -0.999999 -1.000000 -1.000000 -1.000000 -0.989477 -1.000000 
-0.999955 -0.999948 -0.999998 -0.999998 -0.990829 -0.999998 -1.000000 -0.999997 -0.999999 -1.000000 -0.999986 -1.000000 -1.000000 -1.000000 -1.000000 -1.000000 -1.000000 -0.998981 -0.999965 -1.000000 -1.000000 -1.000000 -1.000000 -1.000000 -0.999982 -1.000000 
-1.000000 -1.000000 -0.999998 -0.999997 -0.998602 -0.999999 -1.000000 -1.000000 -0.999993 -0.999982 -1.000000 -1.000000 -1.000000 -1.000000 -1.000000 -1.000000 -0.999871 -0.999969 -0.999995 -0.999996 -1.000000 -0.999998 -1.000000 -1.000000 -0.999877 -1.000000 
-1.000000 -0.999994 -1.000000 -1.000000 -1.000000 -0.999999 -0.988263 -1.000000 -0.999998 -1.000000 -1.000000 -0.999999 -0.999978 -0.998168 -1.000000 -1.000000 -1.000000 -1.000000 -0.962369 -1.000000 -0.999998 -1.000000 -0.999990 -1.000000 -0.999495 -0.999997 
-0.999997 -0.999867 -0.999996 -0.999997 -1.000000 -1.000000 -1.000000 -0.999564 -1.000000 0.998846 -1.000000 -1.000000 -0.999968 -1.000000 -1.000000 -1.000000 -1.000000 -1.000000 -0.975325 -0.999862 -0.999999 -0.999996 -0.999997 -0.999902 -0.999738 -1.000000 
-1.000000 -1.000000 -1.000000 -1.000000 -1.000000 -1.000000 -0.999471 -1.000000 -0.999962 -0.999990 -0.999793 -1.000000 -0.999997 -0.999795 -0.999981 -0.999999 -1.000000 -0.999997 -0.999986 -0.999999 0.997905 -0.999999 -1.000000 -1.000000 -1.000000 -1.000000 
-0.999997 -1.000000 -0.999982 -0.999991 0.992301 -0.999981 -0.999839 -0.999977 -0.999919 -1.000000 -0.999627 -1.000000 -1.000000 -1.000000 -1.000000 -1.000000 -0.999986 -1.000000 -0.967102 -0.999998 -0.999986 -1.000000 -1.000000 -1.000000 -0.917452 -1.000000 
-0.999787 -1.000000 -0.999999 -1.000000 -0.999998 -1.000000 -0.999999 -0.999999 -0.999996 -0.999725 -0.999998 -1.000000 -1.000000 -0.999997 -0.999929 -0.999984 -1.000000 -0.999987 -0.999997 -1.000000 0.943473 -0.999961 -1.000000 -0.999999 -0.999985 -0.999999 
-0.999985 -0.999843 -1.000000 -0.999980 -0.999991 -0.999867 -1.000000 -0.999995 -0.999998 -0.999999 -1.000000 -1.000000 -1.000000 -1.000000 -1.000000 -0.999999 -1.000000 -0.998022 -0.999999 -1.000000 -1.000000 -0.999999 -0.999998 -1.000000 -1.000000 -0.999999 
-0.999973 -1.000000 -0.999942 -1.000000 -0.999967 -0.999994 -1.000000 -1.000000 -0.999997 -1.000000 0.914453 -0.999998 -1.000000 -0.999999 -1.000000 -1.000000 -1.000000 -0.999740 -0.962909 -1.000000 -1.000000 -0.999997 -1.000000 -0.999996 -0.999904 -1.000000 
-0.999977 -0.999998 -0.999958 -0.999941 -1.000000 -0.999919 -1.000000 -0.999997 -0.999975 -0.999970 -1.000000 -1.000000 -0.997157 -1.000000 -0.869900 -0.999771 -0.999998 -1.000000 -0.999569 0.781437 -0.999407 -0.999954 -1.000000 -0.999973 -0.922469 -1.000000 
-0.999987 -0.998457 -1.000000 -0.999998 -1.000000 -1.000000 -0.999994 -1.000000 -1.000000 -0.993968 -1.000000 -1.000000 -0.999998 -1.000000 -0.996175 -0.999976 -1.000000 -0.999989 -0.999987 -1.000000 -0.977793 -1.000000 -1.000000 -0.999947 -1.000000 -0.999999 
-1.000000 -0.999999 -0.999934 -1.000000 -0.999995 -0.999999 -0.997928 -0.999999 -0.999998 -0.999452 -1.000000 -1.000000 -1.000000 -1.000000 -0.999100 -0.999860 -0.999997 -0.947234 -0.999996 -0.999999 -1.000000 -0.999996 0.999758 -1.000000 -0.999999 -0.999998 
-0.999962 -1.000000 -1.000000 -1.000000 -0.999994 -1.000000 -1.000000 -1.000000 -1.000000 -0.999284 -0.999974 -1.000000 -1.000000 -1.000000 -1.000000 -1.000000 -0.999999 -1.000000 0.991822 -0.999849 -0.999999 -0.999998 -0.999999 -0.999257 -1.000000 -1.000000 
-0.999658 -0.999861 -0.999999 -0.999807 -0.997777 -1.000000 -1.000000 -0.999994 -1.000000 -0.999996 -1.000000 -1.000000 -1.000000 -1.000000 -1.000000 -1.000000 -1.000000 -0.974833 -0.999951 -1.000000 -0.999999 -1.000000 -1.000000 -1.000000 -0.999999 -1.000000 
-1.000000 -1.000000 -1.000000 -1.000000 -1.000000 -0.999256 -0.999988 -1.000000 -0.999371 -1.000000 -0.999735 -1.000000 -1.000000 -0.999964 -1.000000 -1.000000 -1.000000 -0.999255 -0.879178 -0.980328 -1.000000 -1.000000 -1.000000 -1.000000 -0.998955 -1.000000 
-0.999997 -0.999984 -0.999835 -0.999998 -0.992239 -1.000000 -1.000000 -0.999999 -1.000000 -0.999996 -0.996019 -1.000000 -0.999999 -1.000000 -1.000000 -0.999987 -1.000000 -0.998900 -0.999992 -0.999940 -1.000000 -1.000000 -0.998316 -1.000000 -1.000000 -1.000000 
-0.999999 -0.999995 -1.000000 -1.000000 -0.999951 -1.000000 -0.998409 -1.000000 -1.000000 -1.000000 -0.999986 -0.999998 -0.999915 -0.999981 0.989261 -0.999995 -1.000000 -1.000000 -0.999897 -1.000000 -0.999990 -0.999982 -0.999999 -1.000000 -0.999960 -1.000000 
-1.000000 -1.000000 -1.000000 -1.000000 -0.999997 -1.000000 0.999983 -1.000000 -1.000000 -1.000000 -0.999993 -0.999938 -0.999999 -0.999760 -0.999997 -1.000000 -1.000000 -1.000000 -0.999912 -0.999908 -0.999961 -1.000000 -1.000000 -1.000000 -0.999998 -0.999991 
-1.000000 0.772315 -0.999999 -1.000000 -1.000000 -1.000000 -0.999960 -0.999997 -1.000000 -1.000000 -0.999526 -1.000000 -0.999967 -1.000000 -0.999999 -0.999997 -1.000000 -0.999999 -0.999997 -1.000000 -0.999971 -1.000000 -1.000000 -1.000000 -1.000000 -1.000000 
-0.999968 -1.000000 -1.000000 -0.999966 -0.999993 -0.999999 -1.000000 -0.999991 -0.991550 -1.000000 -0.999996 -0.999986 -0.999501 -0.998123 -1.000000 -1.000000 -1.000000 -0.999886 -0.621206 -0.999254 -0.997754 -0.999402 -1.000000 -0.999920 -0.992981 -1.000000 
-1.000000 -1.000000 -0.999999 -1.000000 -0.999999 -1.000000 -0.985748 -1.000000 -1.000000 -1.000000 -0.999999 -0.999980 -0.999992 0.996905 -0.999999 -1.000000 -1.000000 -0.999745 -0.999913 -1.000000 -1.000000 -0.999995 -0.998550 -0.999998 -1.000000 -0.999997 
-1.000000 -1.000000 -0.999967 -1.000000 -1.000000 -1.000000 -1.000000 -1.000000 -0.999999 -0.999998 -0.999912 -1.000000 -0.999996 -1.000000 -1.000000 -0.999998 -1.000000 -0.999983 -1.000000 -1.000000 -1.000000 -0.999985 -1.000000 -0.999997 -0.999998 -1.000000 
-1.000000 -1.000000 -1.000000 -1.000000 -0.999967 -1.000000 -0.999932 -1.000000 -1.000000 -1.000000 -0.996253 -1.000000 -0.985962 -0.997251 -1.000000 -0.999994 -1.000000 -0.999335 -1.000000 -1.000000 -0.999949 -1.000000 -1.000000 -1.000000 -1.000000 -0.999999 
-1.000000 -0.999999 -0.999999 -0.999940 -0.999999 -1.000000 -1.000000 -0.999988 -1.000000 -0.995976 -1.000000 -1.000000 -0.999996 -1.000000 -0.999999 -1.000000 -1.000000 -0.999999 -0.994410 -0.972401 -1.000000 -1.000000 -0.999974 -0.999760 -0.999985 -1.000000 
-1.000000 -0.998621 -0.999996 -1.000000 -0.999996 -1.000000 -0.999999 -0.999977 -0.999938 -0.999999 -1.000000 -1.000000 -1.000000 -1.000000 -1.000000 -0.999988 -1.000000 -0.999947 -0.998449 -1.000000 -1.000000 -1.000000 -0.932810 -0.999966 -1.000000 -0.999525 
-0.999999 -1.000000 -1.000000 -0.999999 -1.000000 -1.000000 -1.000000 -1.000000 -0.999977 -1.000000 -0.999989 -1.000000 -1.000000 -1.000000 -0.999357 -0.999983 -1.000000 -0.999997 -0.999995 -1.000000 0.999479 -0.999878 -1.000000 -1.000000 -0.999554 -0.999999 
-1.000000 -0.999998 -0.999996 -1.000000 -1.000000 -0.995840 -1.000000 -0.999999 -0.999997 -1.000000 0.999808 -1.000000 -1.000000 -0.999994 -1.000000 -0.999935 -1.000000 -0.999611 -0.999534 -1.000000 -1.000000 -0.999983 -1.000000 -1.000000 -0.999626 -1.000000 
-0.999993 -0.999998 -0.999954 -0.999943 -1.000000 -0.999996 -1.000000 -0.998993 -0.999999 -0.834164 -0.999997 -1.000000 -0.999939 -1.000000 -0.999982 -0.999999 -0.999856 -1.000000 -0.998859 0.937524 -0.997432 -0.999909 -1.000000 -0.999272 -0.811366 -0.999994 
-1.000000 -1.000000 -1.000000 -1.000000 -1.000000 -0.999999 -0.999970 -1.000000 -0.999998 -1.000000 -0.999991 -0.999989 0.999999 -0.999686 -1.000000 -0.999863 -1.000000 -1.000000 -0.999940 -1.000000 -0.999999 -1.000000 -1.000000 -1.000000 -1.000000 -0.999939 
-0.999989 -1.000000 -0.999982 -1.000000 -1.000000 -0.999884 -1.000000 -0.999998 -1.000000 -1.000000 -0.999552 -0.999999 -1.000000 -1.000000 -0.999990 -0.999998 -1.000000 -0.999963 -0.950330 -0.999948 -1.000000 -0.999954 -1.000000 -0.999999 -0.999497 -0.999996 
-1.000000 -0.999997 -0.999987 -1.000000 -0.999438 -1.000000 -0.997594 -0.999998 -1.000000 -1.000000 -1.000000 -0.999991 -0.999997 -0.983833 -0.999999 -0.999902 -0.999939 -0.999997 -1.000000 -1.000000 -1.000000 -1.000000 0.913316 -0.999999 -1.000000 -0.999298 
-0.994211 -0.999862 -0.999998 -0.999985 -0.999993 -0.999999 -0.999785 -0.999999 -1.000000 -0.996846 -0.999972 -1.000000 -1.000000 -1.000000 -1.000000 -1.000000 -1.000000 -0.999955 -0.967175 -0.999998 -1.000000 -0.999992 -0.999997 -1.000000 -0.999997 -0.999999 
-1.000000 -1.000000 -0.997715 -1.000000 -0.999612 -1.000000 -1.000000 -1.000000 -0.999998 -0.999984 -0.999869 -1.000000 -1.000000 -1.000000 -1.000000 -1.000000 -1.000000 -1.000000 -0.999962 -1.000000 -1.000000 -0.999997 -1.000000 -0.999998 -1.000000 -0.999998 
-1.000000 -1.000000 -1.000000 -1.000000 -1.000000 -1.000000 -0.999855 -0.999941 -0.999601 -1.000000 -0.999985 -1.000000 -0.993906 -0.995309 -1.000000 -1.000000 -1.000000 -0.971378 -1.000000 -1.000000 -0.999795 -1.000000 -0.999999 -1.000000 -0.999999 -0.999991 
-0.999999 -1.000000 -0.999839 -1.000000 -0.999880 -1.000000 -0.999998 -0.999985 -1.000000 -1.000000 -0.955837 -0.999996 -1.000000 -0.999999 -1.000000 -0.999999 -1.000000 -0.999968 -0.997723 -0.999999 -1.000000 -0.999993 -0.999997 -1.000000 -0.998880 -1.000000 
-0.999997 -0.999163 -1.000000 -0.999999 -1.000000 -1.000000 -0.999570 -1.000000 -1.000000 -1.000000 -0.999967 -1.000000 -0.999996 -0.999995 -0.999766 -0.999992 -1.000000 -0.999999 -0.962516 -0.999978 -0.999788 -0.999996 -0.999997 -1.000000 -1.000000 -1.000000 
-1.000000 -1.000000 -0.999994 -1.000000 -1.000000 -0.999998 -0.998761 -1.000000 -0.999994 -1.000000 -0.999988 -0.999999 -1.000000 -0.999975 -0.965232 -0.999765 -1.000000 -1.000000 -0.999999 -0.999972 0.991421 -0.999871 -1.000000 -1.000000 -0.986858 -0.999999 
-0.999997 -0.999988 -0.999997 -0.999999 0.995945 -1.000000 -1.000000 -1.000000 -0.999999 -1.000000 -0.998672 -1.000000 -1.000000 -1.000000 -1.000000 -1.000000 -1.000000 -1.000000 -0.981665 -1.000000 -0.999999 -1.000000 -1.000000 -0.999989 -0.999956 -1.000000 
-1.000000 -1.000000 -0.999999 -1.000000 -0.999999 -1.000000 -0.990159 -0.999987 -0.999641 -1.000000 -0.999950 -1.000000 -1.000000 -0.999794 -0.999936 -0.999993 -1.000000 -0.991632 -0.999918 -1.000000 -0.999994 -1.000000 -0.997493 -1.000000 -0.999994 -1.000000 
-1.000000 -1.000000 -1.000000 -1.000000 -0.999999 -1.000000 -0.998396 -1.000000 -1.000000 -1.000000 -0.999981 -0.999888 -0.999341 0.983945 -0.999999 -0.999998 -0.999992 -1.000000 -0.999975 -1.000000 -0.999991 -0.999999 -0.999997 -1.000000 -0.999970 -0.999992 
-0.999994 -0.999998 -0.999969 -1.000000 -0.996622 -0.999907 -0.998090 -1.000000 -0.999999 -1.000000 -0.985906 -0.999106 -0.999999 -1.000000 -0.999989 -0.996191 -1.000000 -0.999993 -0.999994 -0.999946 -1.000000 -0.999581 -0.999798 -1.000000 -0.999992 -0.999997 
-0.999981 -0.998568 -0.999931 -1.000000 0.999977 -1.000000 -0.999992 -0.999999 -1.000000 -1.000000 -0.998862 -1.000000 -1.000000 -1.000000 -1.000000 -0.999998 -1.000000 -0.999991 -0.999277 -1.000000 -1.000000 -1.000000 -0.999988 -1.000000 -0.999929 -1.000000 
-0.999972 -1.000000 -1.000000 -1.000000 -0.999320 -1.000000 -0.999962 -1.000000 -1.000000 -0.999997 -1.000000 -1.000000 -0.999994 -1.000000 -0.999999 -1.000000 -0.999994 -1.000000 -0.138120 -0.999872 -0.999994 -0.999987 -1.000000 -0.999243 -0.999986 -1.000000 
-1.000000 -0.999997 -1.000000 -1.000000 -1.000000 -1.000000 -0.998755 -1.000000 -0.999971 -0.999994 -0.994253 -1.000000 -0.999973 -0.991621 -0.999996 -0.999998 -1.000000 -1.000000 -0.644102 -1.000000 0.999920 -1.000000 -1.000000 -1.000000 -1.000000 -1.000000 
-1.000000 -1.000000 -1.000000 -1.000000 -0.999535 -1.000000 -0.998385 -1.000000 -1.000000 -0.999942 -1.000000 -1.000000 -1.000000 -1.000000 -0.999689 -0.999994 -0.999999 -0.999999 -0.999948 -1.000000 -0.999998 -1.000000 -0.999985 -1.000000 -0.999982 -1.000000 
-1.000000 -1.000000 -1.000000 -1.000000 -1.000000 -1.000000 -0.990887 -0.999620 -0.999808 -1.000000 -1.000000 -1.000000 -1.000000 -0.999912 -0.997653 -0.996463 -1.000000 -1.000000 -1.000000 -0.999909 -0.999987 -0.999982 -0.999999 -1.000000 -0.999736 -1.000000 
-1.000000 -1.000000 -1.000000 -1.000000 -1.000000 -1.000000 -0.999999 -1.000000 -0.999953 -1.000000 -0.999992 -1.000000 0.999788 -0.999711 -1.000000 -0.999999 -1.000000 -0.999999 -0.999995 -1.000000 -1.000000 -1.000000 -0.999999 -1.000000 -1.000000 -0.996285 
-0.999998 -1.000000 -1.000000 -1.000000 -0.999698 -1.000000 -0.998761 -1.000000 -1.000000 -0.999886 -1.000000 -1.000000 -0.999999 -0.999997 -1.000000 -1.000000 -1.000000 -0.999997 0.999982 -0.999891 -0.999995 -0.999999 -0.999988 -0.998622 -0.999999 -1.000000 
-1.000000 -1.000000 -0.999923 -0.999995 -0.999663 -0.996814 -1.000000 -0.999429 -0.999826 -1.000000 -0.988393 -0.999954 -0.999990 -0.997269 -1.000000 -0.996585 -1.000000 -0.981148 -0.999369 -0.999981 -1.000000 -1.000000 -1.000000 -1.000000 -0.998953 -0.999978 
-1.000000 -0.999999 -0.999998 -1.000000 -0.999998 -1.000000 -0.999990 -0.999972 -1.000000 0.945999 -1.000000 -1.000000 -0.999999 -1.000000 -1.000000 -1.000000 -1.000000 -1.000000 -0.938299 -0.999994 -0.999994 -1.000000 -0.999802 -0.995912 -1.000000 -0.999999 
-1.000000 -0.999999 -1.000000 -1.000000 -1.000000 -1.000000 -1.000000 -0.999967 -0.999968 -1.000000 -0.999938 -1.000000 -0.998027 -0.999982 -1.000000 -0.999987 -1.000000 -1.000000 -0.981247 -1.000000 -0.986839 -1.000000 -1.000000 -0.999996 -0.999954 -1.000000 
-0.999981 -1.000000 -0.998203 -0.999999 -0.999835 -1.000000 -1.000000 -1.000000 -1.000000 -1.000000 -0.970654 -1.000000 -1.000000 -0.999999 -1.000000 -0.999987 -1.000000 -0.999835 -0.999769 -1.000000 -0.999937 -0.999999 -1.000000 -1.000000 -0.999992 -1.000000 
-0.999999 -0.999908 -0.999995 -1.000000 -0.999988 -0.999997 -1.000000 -1.000000 -0.999976 -1.000000 0.999833 -0.999967 -0.999999 -1.000000 -1.000000 -1.000000 -1.000000 -0.999995 -0.994343 -0.999997 -0.999989 -0.999982 -1.000000 -1.000000 -0.999766 -0.999995 
-1.000000 -1.000000 -1.000000 -1.000000 -0.999950 -0.998493 -0.999994 -0.999988 -0.999995 -1.000000 -0.999768 -1.000000 -0.998971 0.999995 -1.000000 -0.999992 -0.998666 -0.993270 -0.659885 -0.999528 -0.999874 -0.999167 -0.999990 -0.995035 -0.995422 -0.999891 
-1.000000 -1.000000 -0.999996 -1.000000 -0.999995 -0.999989 -1.000000 -0.999998 -0.999999 -1.000000 -0.913991 -1.000000 -0.999743 -0.999999 -1.000000 -1.000000 -1.000000 -1.000000 -0.978132 -0.999857 -0.999998 -1.000000 -1.000000 -1.000000 -0.999942 -1.000000 
-0.999996 -0.999999 -0.999980 -0.999993 -1.000000 -0.997804 -1.000000 -0.999998 -0.999950 -0.999997 -0.999985 -1.000000 -0.999854 -0.999997 -0.999738 -0.999821 -0.999999 -0.999999 -0.993594 0.994306 -0.995627 -1.000000 -1.000000 -0.999964 -0.998470 -1.000000 
-1.000000 -0.999993 -1.000000 -0.999999 -0.987521 -0.999974 -1.000000 -0.999998 -0.999957 -1.000000 -0.999970 -1.000000 -1.000000 -1.000000 -1.000000 -0.999982 -1.000000 -0.999998 -0.999999 -1.000000 -0.999997 -0.999977 -1.000000 -1.000000 -0.991946 -0.999969 
-1.000000 -1.000000 -1.000000 -0.999953 -0.999843 -1.000000 -1.000000 -0.999995 -1.000000 -0.992016 -0.999999 -1.000000 -1.000000 -1.000000 -1.000000 -0.999914 -0.999999 -0.999915 -0.999301 -1.000000 -0.999984 -1.000000 -0.999998 -0.999999 -0.999955 -0.999999 
-0.999052 -0.999999 -0.999730 -0.996295 -1.000000 -0.999984 -0.999999 -0.999976 -1.000000 -0.964824 -0.999976 -0.999999 -0.999983 -0.999999 -0.999997 -1.000000 -0.999977 -1.000000 -0.583818 0.999945 -0.999992 -0.995916 -1.000000 -0.994114 -0.995731 -0.999970 
-1.000000 -1.000000 -1.000000 -1.000000 -1.000000 -1.000000 -0.999943 -0.999980 -0.999999 -1.000000 -0.999995 -1.000000 -0.998488 -0.997635 -1.000000 -1.000000 -1.000000 -0.999996 -0.999993 -1.000000 -1.000000 -1.000000 -0.999984 -1.000000 -0.999996 -1.000000 
-1.000000 -1.000000 -0.999996 -1.000000 -0.999987 -1.000000 -1.000000 -1.000000 -0.999995 -1.000000 0.905156 -1.000000 -0.999994 -1.000000 -1.000000 -1.000000 -1.000000 -1.000000 -0.982867 -0.999998 -0.999983 -0.999998 -1.000000 -0.999987 -0.999905 -1.000000 
-1.000000 -1.000000 -1.000000 -0.999999 -0.999980 -1.000000 -1.000000 -0.999979 -1.000000 -1.000000 0.943776 -1.000000 -1.000000 -0.999989 -1.000000 -0.999998 -1.000000 -0.975935 -0.999881 -1.000000 -1.000000 -1.000000 -1.000000 -1.000000 -1.000000 -1.000000 
-0.999998 -0.999862 -0.999999 -1.000000 -1.000000 -1.000000 -0.999990 -1.000000 -1.000000 -0.992406 -0.999563 -1.000000 -1.000000 -0.999999 -1.000000 -1.000000 -1.000000 -0.999355 0.999920 -0.999998 -1.000000 -0.999999 -0.998484 -0.999999 -1.000000 -1.000000 
-1.000000 -1.000000 -1.000000 -1.000000 -1.000000 -0.999999 -0.972479 -0.999987 -0.999287 -1.000000 -0.999586 -0.999999 -0.999993 -0.997151 -0.999953 -1.000000 -0.999999 -0.999906 -0.999502 -0.999996 0.997263 -0.999979 -1.000000 -1.000000 -0.994572 -0.999995 
-1.000000 -0.999983 -1.000000 -1.000000 -1.000000 -1.000000 -0.999988 -0.999999 -1.000000 -1.000000 -0.999740 -1.000000 -0.999983 -1.000000 -0.999997 -0.999992 -1.000000 -0.999999 -0.999998 -1.000000 -0.999501 -1.000000 -1.000000 -1.000000 -1.000000 -1.000000 
-0.999940 -0.999237 -0.996951 -0.999473 -0.999999 -0.999986 -0.999995 -0.999998 -0.999297 -1.000000 -0.999997 -1.000000 0.972717 -0.999999 -0.992421 -0.998855 -1.000000 -0.991699 -1.000000 -1.000000 -0.999875 -0.999988 -0.999962 -0.999947 -0.999623 -0.990332 
-0.998760 -0.980190 -0.999982 -0.999947 -1.000000 -0.999973 -0.999185 -0.999995 -0.999886 -1.000000 -0.999373 -0.999990 1.000000 -0.999942 -1.000000 -0.984718 -1.000000 -0.999882 -0.999893 -1.000000 -0.999999 -0.999989 -1.000000 -0.999999 -0.999995 -0.987996 
-0.999998 -0.999454 -0.999999 -0.999996 -0.999906 -1.000000 -0.999985 -0.999584 -1.000000 -0.999998 -0.999999 -0.999977 -0.999330 -0.999655 -1.000000 -0.999994 -1.000000 -0.999998 -0.999992 -1.000000 -1.000000 -1.000000 -0.970062 -0.999884 -1.000000 -0.998742 
-1.000000 -0.999999 -0.999995 -0.999795 -1.000000 -1.000000 -1.000000 -0.999990 -1.000000 0.996823 -1.000000 -1.000000 -0.999999 -1.000000 -0.999999 -0.999999 -0.999993 -0.999998 -0.999565 -0.991130 -1.000000 -0.999908 -0.999995 -0.999916 -0.999949 -1.000000 
-1.000000 -0.999993 -1.000000 -1.000000 -1.000000 -1.000000 -0.999894 -1.000000 -0.999995 -1.000000 -0.999921 -1.000000 -0.998375 -0.992028 -0.991270 -0.999997 -0.999998 -1.000000 -0.999999 -1.000000 0.994900 -0.999996 -1.000000 -1.000000 -1.000000 -1.000000 
-0.999999 -0.999989 -0.999960 -1.000000 -1.000000 -0.999999 -0.998583 -1.000000 -0.999985 -0.999991 -0.999995 -0.999998 -1.000000 -0.988557 -0.999039 -0.999728 -0.999999 -0.999995 -0.999998 -1.000000 -1.000000 -0.999554 0.999978 -0.999997 -1.000000 -0.999944 
-1.000000 -1.000000 -0.999968 -1.000000 -0.998659 -1.000000 -0.999766 -0.999999 -1.000000 -1.000000 -0.977857 -0.999998 -1.000000 -1.000000 -1.000000 -0.999999 -1.000000 -0.999999 -1.000000 -1.000000 -0.999423 -1.000000 -1.000000 -1.000000 -0.999980 -1.000000 
-1.000000 -1.000000 -0.999998 -1.000000 -0.999998 -0.999998 -1.000000 -0.999945 -1.000000 -1.000000 -0.998579 -1.000000 -1.000000 -1.000000 -1.000000 -0.999992 -1.000000 0.948567 -1.000000 -1.000000 -1.000000 -1.000000 -0.999995 -0.999996 -1.000000 -0.999999 
-0.999963 0.945356 -0.999995 -1.000000 -0.999623 -1.000000 -0.999983 -0.999967 -0.999955 -1.000000 -0.999996 -0.999999 -1.000000 -0.999962 -0.999997 -0.999995 -0.999999 -1.000000 -0.989720 -1.000000 -0.999979 -1.000000 -0.999255 -1.000000 -0.999478 -1.000000 
-0.999981 -0.999959 -0.999980 -0.999895 -1.000000 -1.000000 -1.000000 -0.999998 -1.000000 -0.999272 -1.000000 -1.000000 -0.999988 -1.000000 -0.972553 -0.999970 -0.999993 -1.000000 -0.996417 -0.987829 -0.999993 -0.999992 -1.000000 -0.999979 -0.999966 -1.000000 
-1.000000 -0.994682 -0.999983 -0.999999 -0.999895 -0.999999 -0.999671 -0.999999 -0.995342 -0.982193 -1.000000 -1.000000 -0.999999 -1.000000 -0.999964 -0.999825 -1.000000 -1.000000 -0.997936 -1.000000 -1.000000 -0.999937 0.980209 -0.993989 -1.000000 -0.999994 
-0.999998 -1.000000 -1.000000 -1.000000 -1.000000 -1.000000 -0.934157 -1.000000 -0.999996 -1.000000 -0.999988 -1.000000 -0.999807 -0.999996 0.999988 -1.000000 -0.999968 -1.000000 -0.999920 -0.999998 -0.996850 -0.999997 -1.000000 -0.999997 -1.000000 -0.999834 
-0.999915 -0.999949 -1.000000 -0.999976 -1.000000 -1.000000 -1.000000 -0.999999 -0.999992 -0.999994 -0.999996 -1.000000 -1.000000 -0.999998 -0.999953 -0.999994 -0.999999 -0.987143 -0.999923 -1.000000 -0.999997 -0.999994 -1.000000 -1.000000 -0.999988 -0.999999 
-1.000000 -1.000000 -0.999999 -0.999999 -0.999999 -1.000000 -1.000000 -1.000000 -0.999937 -0.999999 -0.999735 -1.000000 -1.000000 -1.000000 -0.999999 -1.000000 -0.999999 -1.000000 -0.995459 -0.999999 -0.999999 -0.999998 -1.000000 -0.999993 -0.999771 -0.999999 
-0.999997 -1.000000 -0.999928 -1.000000 -1.000000 -0.999999 -0.999967 -0.999998 -0.999980 -0.983327 -1.000000 -1.000000 -1.000000 -0.999999 -1.000000 -0.999986 -0.999997 -0.999997 -0.938186 -0.999996 -1.000000 -1.000000 -0.954145 -0.999992 -1.000000 -0.999992 
-0.999999 -0.999993 -0.999997 -0.999999 -0.999998 -0.999999 -1.000000 -0.999979 -0.999882 -0.999726 -0.999997 -1.000000 -1.000000 -1.000000 -1.000000 -0.999999 -0.999999 -0.997765 -0.996075 -0.999790 -0.999997 -0.999999 -0.999988 -0.999999 -0.999606 -0.999999 
-0.999930 -1.000000 -1.000000 -1.000000 -1.000000 -1.000000 -0.962909 -1.000000 -0.999999 -0.999999 -0.999991 -1.000000 -1.000000 -0.999966 -0.999998 -1.000000 -0.999985 -0.999998 0.992624 -0.999714 -1.000000 -1.000000 -0.999998 -0.999992 -0.999809 -1.000000 
-1.000000 -1.000000 -1.000000 -1.000000 -1.000000 -1.000000 -0.997345 -0.999999 -1.000000 -1.000000 -0.999251 -1.000000 -0.999960 0.998819 -1.000000 -0.999999 -0.999986 -0.999932 -0.997825 -0.999970 -0.999999 -1.000000 -0.999967 -0.999999 -0.999862 -0.999988 
-0.999978 -1.000000 -0.999999 -1.000000 -0.999658 -0.999992 -1.000000 -0.999999 -0.999995 -0.999998 -0.999985 -1.000000 -1.000000 -0.999997 -0.999997 -1.000000 -1.000000 0.955632 -0.977833 -1.000000 -1.000000 -1.000000 -0.997356 -0.999999 -1.000000 -1.000000 
-0.999337 -1.000000 -0.999992 -0.999901 -0.996336 -1.000000 -1.000000 -1.000000 -1.000000 -0.999707 -0.998714 -1.000000 -1.000000 -1.000000 -1.000000 -1.000000 -1.000000 -0.999985 -0.994434 -1.000000 -1.000000 -0.999998 -1.000000 -1.000000 -0.998684 -1.000000 
-1.000000 -1.000000 -1.000000 -1.000000 -0.999983 -0.999991 -1.000000 -0.999996 -0.999999 -1.000000 -0.999983 -0.999998 -0.999943 -1.000000 -1.000000 -0.999995 -1.000000 -1.000000 -0.999280 -0.999998 -1.000000 -0.999999 -1.000000 -1.000000 0.992551 -1.000000 
-1.000000 -1.000000 -0.999999 -1.000000 -1.000000 -1.000000 -0.997634 -0.999986 -0.999998 -1.000000 -0.998345 -1.000000 -0.998409 -0.994622 -1.000000 -1.000000 -1.000000 -0.999999 -0.999994 -1.000000 -0.999932 -0.999994 -1.000000 -1.000000 -1.000000 -0.999938 
-1.000000 -1.000000 -0.999999 -1.000000 -0.999992 -0.999962 -1.000000 -0.999999 -0.999999 -1.000000 0.987132 -1.000000 -1.000000 -1.000000 -1.000000 -1.000000 -1.000000 -0.999997 -0.987354 -1.000000 -1.000000 -1.000000 -1.000000 -1.000000 -0.998791 -1.000000 
-1.000000 -0.999812 -1.000000 -1.000000 -1.000000 -1.000000 -0.999984 -0.999997 -0.999997 -0.999992 -0.999993 -1.000000 -0.999746 -0.999815 -0.989411 -0.998248 -0.999999 -0.999281 -1.000000 -1.000000 -0.982933 -0.999998 -0.999994 -0.999997 -1.000000 -0.999982 
-1.000000 -0.999999 -1.000000 -0.999986 -1.000000 -1.000000 -1.000000 -0.999988 -1.000000 -0.942486 -0.999973 -1.000000 -0.999933 -0.999976 -0.999998 -0.999998 -1.000000 -0.999991 -0.959965 -0.981553 -1.000000 -0.999983 -0.999914 -0.998916 -0.999890 -1.000000 
-1.000000 -1.000000 -1.000000 -1.000000 -1.000000 -0.999425 -1.000000 -0.999998 -0.999980 -1.000000 -0.999999 -1.000000 -0.999954 -1.000000 -1.000000 -0.999927 -1.000000 -0.999995 -0.999853 0.994101 -1.000000 -0.999998 -1.000000 -0.999997 -0.996819 -1.000000 
-1.000000 -1.000000 -1.000000 -1.000000 -1.000000 -1.000000 -0.999987 -0.999995 -1.000000 -1.000000 -0.999997 -1.000000 -1.000000 -1.000000 -0.999997 -0.999998 -0.999999 -0.976474 -0.999996 -1.000000 -1.000000 -1.000000 -0.999976 -0.999997 -1.000000 -1.000000 
-0.999994 -0.999999 -0.999999 -0.999862 -1.000000 -0.999995 -1.000000 -0.999901 -1.000000 -0.997555 -0.999987 -1.000000 -0.999999 -1.000000 -1.000000 -0.999977 -1.000000 -0.999246 -1.000000 -1.000000 -0.999974 -1.000000 -1.000000 -1.000000 -1.000000 -1.000000 
-1.000000 -1.000000 -1.000000 -1.000000 -1.000000 -0.999967 -0.999997 -0.999999 -1.000000 -1.000000 -0.999904 -1.000000 -0.980591 -0.999999 -1.000000 -1.000000 -1.000000 -0.999984 -0.996869 -0.999980 -1.000000 -1.000000 -1.000000 -1.000000 -0.996134 -0.999999 
-1.000000 -0.999999 -1.000000 -0.999999 -1.000000 -0.999570 -1.000000 -0.999985 -0.999997 -1.000000 -0.999997 -1.000000 -0.999960 -1.000000 -0.995935 -0.999883 -1.000000 -0.999998 -0.999893 -0.995921 -1.000000 -0.999998 -1.000000 -0.999999 0.906433 -0.999999 
-1.000000 -1.000000 -0.999997 -1.000000 -0.999997 -0.998593 -1.000000 -1.000000 -1.000000 -1.000000 0.999614 -1.000000 -1.000000 -1.000000 -1.000000 -0.999999 -1.000000 -0.999564 -0.999670 -1.000000 -1.000000 -1.000000 -1.000000 -1.000000 -0.999767 -0.999999 
-0.999999 -1.000000 -0.999998 -0.999999 -0.997768 -0.999999 -0.999790 -1.000000 -1.000000 -0.999703 -1.000000 -1.000000 -0.999999 -1.000000 -1.000000 -1.000000 -0.999996 -1.000000 -0.717915 -0.999980 -1.000000 -0.999999 -0.999999 -0.999998 -0.999963 -1.000000 
-0.995143 -1.000000 -0.999686 -0.999998 -0.999610 -0.999988 -1.000000 -0.999999 -0.999996 -1.000000 -0.993610 -1.000000 -1.000000 -0.999995 -1.000000 -0.999999 -1.000000 -0.999951 -0.999922 -0.999907 -1.000000 -1.000000 -0.999994 -1.000000 -1.000000 -0.999992 
-0.999999 -1.000000 -0.999979 -0.999999 -1.000000 -1.000000 -0.999999 -1.000000 -1.000000 -1.000000 -0.999998 -1.000000 -0.999999 -0.993613 -1.000000 -0.999999 -1.000000 -0.998286 -0.999988 -1.000000 -0.999973 -0.999998 -1.000000 -1.000000 -1.000000 -1.000000 
-1.000000 -0.999996 -0.999997 -1.000000 -1.000000 -0.999883 -0.999478 -0.999982 -0.999995 -0.999974 -0.998086 -1.000000 -0.999999 0.977125 -1.000000 -0.999771 -0.999999 -0.999952 -0.972594 -0.868590 -0.943031 -0.912109 -0.999999 -0.999993 -0.999363 -0.999994 
-1.000000 -1.000000 -0.999994 -0.999997 0.932706 -1.000000 -1.000000 -0.999964 -0.999977 -0.999995 -1.000000 -1.000000 -1.000000 -1.000000 -1.000000 -1.000000 -0.999993 -0.999998 -0.858806 -1.000000 -0.999991 -1.000000 -0.999997 -1.000000 -0.999246 -1.000000 
-1.000000 -1.000000 -0.999999 -0.999996 -1.000000 -0.999970 -0.999998 -1.000000 -1.000000 -0.996880 -1.000000 -1.000000 -0.999999 -1.000000 -1.000000 -0.999982 -0.999999 -0.999999 -0.999998 0.980360 -1.000000 -0.999981 -0.999997 -0.999999 -0.999999 -1.000000 
-1.000000 -0.999993 -1.000000 -1.000000 -1.000000 -0.999999 -0.999963 -1.000000 -0.999999 -1.000000 -0.999880 -0.999998 -0.999848 -0.999883 -0.982824 -0.999968 -1.000000 -1.000000 -0.999787 -1.000000 0.964484 -0.999998 -1.000000 -1.000000 -0.999994 -0.999952 
-1.000000 -0.999924 -1.000000 -0.999996 -1.000000 -1.000000 -1.000000 -0.999999 -0.999751 -0.999996 -0.999991 -1.000000 -0.999997 -0.999934 -0.998282 -0.999920 -1.000000 -1.000000 -0.992191 -0.999965 0.994099 -0.999727 -1.000000 -0.999981 -0.999997 -0.999999 
-0.999997 -1.000000 -0.999578 -0.999952 -0.999806 -1.000000 -0.999976 -0.999999 -0.999985 -0.999993 -0.999560 -1.000000 -1.000000 -1.000000 -1.000000 -1.000000 -0.999999 -0.999985 -0.995865 -0.999999 -0.999996 -0.999996 -0.999996 -0.999999 -0.999805 -0.999987 
-1.000000 -0.999991 -0.999878 -0.999991 -0.999998 -1.000000 -0.999888 -0.999928 -0.999998 -0.999701 -1.000000 -1.000000 -0.999999 -1.000000 -0.999607 -0.999999 -1.000000 -0.998857 -0.999806 -0.999993 -1.000000 -1.000000 -1.000000 -0.999999 -0.999980 -0.999999 
-0.999754 -1.000000 -1.000000 -0.999990 -1.000000 -0.999982 -1.000000 -0.999899 -1.000000 -0.999998 -0.999984 -1.000000 -0.999978 -0.999916 -1.000000 -0.999983 -1.000000 0.988467 -0.999995 -1.000000 -0.999999 -0.999999 -1.000000 -1.000000 -0.999999 -1.000000 
-0.999537 -1.000000 -1.000000 -0.999997 -0.999999 -0.999999 -0.999996 -0.999999 -0.999998 -1.000000 -0.999874 -1.000000 -0.999998 -0.999295 -0.595684 -0.999996 -0.999958 -0.999985 -0.999999 -1.000000 -0.997912 -0.999990 -0.999999 -0.999999 -0.999999 -0.997648 
-0.999999 -1.000000 -0.999990 -0.999983 -1.000000 -0.999993 -0.999990 -0.997489 -1.000000 -0.999993 -0.999993 -1.000000 -0.999991 -0.999998 -0.999999 -0.999951 -1.000000 0.955706 -1.000000 -1.000000 -0.999999 -1.000000 -1.000000 -0.999978 -1.000000 -0.999902 
-0.999997 -1.000000 -1.000000 -1.000000 -1.000000 -1.000000 -0.994576 -1.000000 -0.999999 -1.000000 -1.000000 -0.999996 -1.000000 -0.999992 0.775329 -1.000000 -1.000000 -0.999978 -0.999979 -1.000000 -0.999983 -0.999997 -0.999998 -0.999999 -1.000000 -0.999999 
-1.000000 -1.000000 -1.000000 -0.999955 -1.000000 -0.999923 -1.000000 -0.999988 -1.000000 -0.999875 -0.999952 -1.000000 -1.000000 -1.000000 -1.000000 -0.999918 -1.000000 -0.999106 -0.999978 -1.000000 -0.999976 -0.999999 -1.000000 -1.000000 -1.000000 -1.000000 
-1.000000 -0.999987 -1.000000 -1.000000 -1.000000 -0.999999 -0.999991 -0.999995 -0.999957 -1.000000 -0.998880 -1.000000 -0.999144 -0.998968 -1.000000 -0.999988 -1.000000 -0.996771 -0.999999 -1.000000 -0.999972 -0.999996 -1.000000 -1.000000 -1.000000 -0.999998 
-1.000000 -1.000000 -0.999999 -1.000000 -1.000000 -0.929166 -1.000000 -1.000000 -0.999994 -1.000000 -0.998626 -0.999999 -0.999999 -1.000000 -0.999999 -0.998223 -1.000000 -0.999999 -0.999506 -0.982499 -1.000000 -0.999608 -1.000000 -1.000000 0.999016 -0.999998 
-0.999998 -1.000000 -1.000000 -0.999998 -0.999989 -0.999989 -0.999990 -0.999970 -1.000000 -1.000000 -0.999999 -1.000000 -1.000000 -0.979023 -1.000000 -0.999994 -1.000000 -0.977160 -0.999956 -0.997608 -1.000000 -0.999935 -1.000000 -1.000000 0.998138 -1.000000 
-0.999999 -1.000000 -0.999990 -0.999998 -0.999977 -1.000000 -0.992111 -1.000000 -1.000000 -0.999999 -0.999998 -1.000000 -1.000000 -0.999941 -0.999949 -0.999977 -1.000000 -0.999955 -0.999277 -1.000000 -0.999595 -1.000000 -0.999999 -1.000000 -0.999959 -1.000000 
-1.000000 -1.000000 -1.000000 -1.000000 -1.000000 -1.000000 -0.999993 -1.000000 -1.000000 -1.000000 -1.000000 -0.999993 -0.999998 -0.999994 0.991510 -1.000000 -0.999934 -1.000000 -0.999875 -1.000000 -0.999999 -1.000000 -0.999973 -1.000000 -0.999999 -1.000000 
-1.000000 -1.000000 -1.000000 -1.000000 -1.000000 -1.000000 -1.000000 -1.000000 -1.000000 -1.000000 -1.000000 -1.000000 0.993490 -0.999443 -1.000000 -1.000000 -1.000000 -1.000000 -0.999134 -1.000000 -1.000000 -1.000000 -1.000000 -1.000000 -1.000000 -1.000000 
-0.999999 -0.999999 -1.000000 -1.000000 -0.999999 -1.000000 -0.999938 -1.000000 -1.000000 -1.000000 -0.999994 -0.999985 -0.998775 -0.996560 -1.000000 -1.000000 -1.000000 -0.999999 -0.999899 -1.000000 -1.000000 -1.000000 -0.999991 -1.000000 -1.000000 -0.999960 
-0.997930 -0.999988 -1.000000 -1.000000 -1.000000 -1.000000 -1.000000 -1.000000 -1.000000 -1.000000 -0.999999 -1.000000 0.984808 -0.969526 -0.999994 -0.999904 -1.000000 -1.000000 -1.000000 -1.000000 -0.999999 -0.999987 -0.999934 -1.000000 -0.999999 -0.998199 
-0.999996 -0.999950 -1.000000 -0.999998 -0.999999 -0.999999 -1.000000 -0.999521 -0.999999 -0.999987 -0.999999 -1.000000 -0.999985 -0.999999 -0.999997 -0.999998 -1.000000 -1.000000 -0.999947 -1.000000 -0.977606 -0.999999 -1.000000 -0.999919 -0.993391 -0.999995 
-0.999917 -1.000000 -1.000000 -1.000000 -1.000000 -1.000000 -0.999709 -1.000000 -0.999995 -1.000000 -0.996385 -1.000000 -0.999997 -0.999362 0.925978 -0.999872 -1.000000 -0.999992 -0.999986 -1.000000 -0.977987 -0.999899 -0.999997 -1.000000 -1.000000 -0.999906 
-0.999814 -0.999699 -1.000000 -0.999995 -0.999998 -1.000000 -0.999996 -1.000000 -1.000000 -0.994352 -1.000000 -1.000000 -0.999917 -1.000000 -1.000000 -0.999999 -0.999998 -0.999991 0.999692 -0.955964 -1.000000 -0.999987 -0.999893 -0.986182 -0.999999 -1.000000 
-1.000000 -1.000000 -1.000000 -1.000000 -1.000000 -1.000000 -0.995362 -1.000000 -1.000000 -1.000000 -0.999971 -1.000000 -0.999786 -0.999696 0.872772 -0.999999 -0.999997 -1.000000 -0.999686 -0.999997 -0.999997 -0.999998 -0.999813 -1.000000 -1.000000 -0.999996 
-1.000000 -1.000000 -1.000000 -1.000000 -0.999902 -0.999909 -1.000000 -0.999999 -0.999997 -1.000000 -0.997652 -1.000000 -0.999995 -1.000000 -1.000000 -0.999999 -1.000000 -1.000000 -0.997203 -1.000000 -0.999999 -1.000000 -1.000000 -1.000000 0.970332 -0.999999 
-1.000000 -1.000000 -0.999998 -1.000000 -0.999996 -0.999942 -1.000000 -0.999960 -0.999999 -1.000000 -0.992553 -1.000000 -1.000000 -0.999887 -1.000000 -0.999979 -1.000000 -0.980649 -0.998654 -0.999999 -1.000000 -1.000000 -0.999999 -1.000000 -0.999803 -1.000000 
-1.000000 -1.000000 -1.000000 -1.000000 -1.000000 -1.000000 -0.999947 -0.999979 -0.999999 -1.000000 -0.999994 -1.000000 -0.998565 -0.997686 -1.000000 -1.000000 -1.000000 -0.999996 -0.999996 -1.000000 -1.000000 -1.000000 -0.999983 -1.000000 -0.999995 -1.000000 
-1.000000 -1.000000 -1.000000 -1.000000 -1.000000 -1.000000 -0.999125 -1.000000 -0.999917 -0.999990 -0.999860 -1.000000 -0.999999 -0.999894 -0.999981 -0.999995 -1.000000 -0.999992 -0.999992 -1.000000 0.998558 -0.999998 -1.000000 -1.000000 -0.999999 -1.000000 
-1.000000 -1.000000 -1.000000 -1.000000 -0.999998 -0.999910 -1.000000 -0.999983 -1.000000 -1.000000 -0.999995 -1.000000 -0.999753 -0.999887 -1.000000 -1.000000 -1.000000 -0.999989 -0.984324 -0.999994 -0.999995 -1.000000 -1.000000 -0.999993 0.997754 -0.999999 
-1.000000 -1.000000 -1.000000 -0.999999 -1.000000 -1.000000 -1.000000 -1.000000 -0.999551 -1.000000 -0.999997 -0.999999 -0.999839 -0.999826 -0.953092 -0.999571 -0.999999 -1.000000 -0.999989 -0.999996 -0.986166 -0.974635 -1.000000 -1.000000 -1.000000 -0.999990 
-1.000000 -0.999983 -0.999999 -0.999981 -0.999993 -1.000000 -1.000000 -0.999999 -1.000000 -0.998621 -0.999997 -1.000000 -0.999321 -1.000000 -0.999998 -1.000000 -1.000000 -1.000000 -0.962282 -0.952509 -1.000000 -1.000000 -0.999975 -0.999503 -1.000000 -1.000000 
-1.000000 -0.999999 -1.000000 -1.000000 -0.999943 -0.999987 -1.000000 -1.000000 -1.000000 -1.000000 -0.999999 -1.000000 -1.000000 -1.000000 -1.000000 -1.000000 -1.000000 -0.999994 -0.999529 -0.979174 -1.000000 -0.999993 -1.000000 -1.000000 -0.999538 -1.000000 
-0.999999 -1.000000 -1.000000 -0.999999 -1.000000 -1.000000 -1.000000 -1.000000 -0.999897 -1.000000 -0.999947 -0.998253 -0.999984 -0.999997 -0.999988 -0.999964 -0.999999 -1.000000 -0.999991 -0.999971 -0.999734 -0.999812 -1.000000 -0.999979 -0.999961 -0.999991 
-0.999989 -1.000000 -1.000000 -0.999991 -1.000000 -0.999980 -1.000000 -1.000000 -1.000000 -0.999729 -0.999998 -1.000000 -0.999989 -0.999888 -0.999997 -0.999996 -1.000000 -0.999994 -0.999870 0.996550 -1.000000 -0.999880 -1.000000 -0.999983 -0.999221 -1.000000 
-1.000000 -0.999381 -0.999739 -1.000000 -0.999982 -1.000000 -1.000000 -1.000000 -1.000000 -0.999987 -0.999968 -1.000000 -1.000000 -1.000000 -1.000000 -0.999953 -1.000000 -1.000000 -0.999995 -0.999999 -1.000000 -1.000000 -0.999593 -1.000000 -1.000000 -1.000000 
-0.999969 -0.990962 -1.000000 -1.000000 -1.000000 -0.999999 -0.999996 -1.000000 -0.999998 -0.999759 -0.999992 -0.999985 -0.999996 -0.997362 -0.999994 -0.999998 -1.000000 -1.000000 0.999950 -0.999988 -0.999998 -0.999588 -0.999985 -0.999424 -0.999970 -0.999994 
-0.999901 -0.999991 -0.949814 -0.999968 0.930688 -0.999996 -0.999996 -1.000000 -0.999999 -1.000000 -0.960726 -1.000000 -1.000000 -1.000000 -1.000000 -0.999999 -0.999996 -0.999982 -0.999976 -1.000000 -0.999991 -1.000000 -1.000000 -1.000000 -0.999868 -1.000000 
-1.000000 -1.000000 -1.000000 -1.000000 -0.997456 -0.999999 -1.000000 -1.000000 -1.000000 -1.000000 -1.000000 -1.000000 -1.000000 -1.000000 -1.000000 -1.000000 -1.000000 -0.999998 -0.999999 -0.999999 -1.000000 -1.000000 -1.000000 -1.000000 -0.999998 -1.000000 
-0.999861 -1.000000 -1.000000 -1.000000 -1.000000 -1.000000 -0.998199 -1.000000 -1.000000 -1.000000 -1.000000 -0.999986 -0.999982 -0.999961 0.999448 -1.000000 -0.999997 -1.000000 -0.999985 -1.000000 -0.999994 -0.999999 -0.999958 -1.000000 -0.999996 -1.000000 
-0.999914 -1.000000 -0.999997 -0.999999 -1.000000 -1.000000 -0.999999 -1.000000 -0.999997 -1.000000 -1.000000 -1.000000 -0.999944 -0.994436 -0.999291 -0.999980 -1.000000 -1.000000 -0.999991 -0.999979 -0.980572 -0.990311 -1.000000 -0.999999 -1.000000 -0.999897 
-0.998842 -0.995191 -0.999975 -0.999991 -0.998655 -0.999948 -0.999999 -1.000000 -0.999640 -0.999966 -1.000000 -0.999927 -1.000000 -0.999999 -0.985942 -0.999742 -1.000000 -0.987968 -0.954427 -1.000000 -1.000000 -1.000000 0.999737 -0.999998 -1.000000 -0.999815 
-0.999983 -1.000000 -1.000000 -1.000000 -1.000000 -1.000000 -0.986203 -1.000000 -1.000000 -1.000000 -0.999999 -1.000000 -0.999752 -0.999951 0.999997 -1.000000 -0.999962 -1.000000 -0.999999 -1.000000 -0.998475 -0.999983 -1.000000 -1.000000 -0.999994 -1.000000 
-0.999985 -1.000000 -0.999990 -0.999934 -0.999884 -1.000000 -0.999986 -0.999997 -1.000000 -1.000000 -0.999998 -0.999999 -1.000000 -1.000000 -0.999821 -1.000000 -1.000000 -1.000000 -0.999944 -1.000000 -0.999996 -0.999989 -1.000000 -0.999981 -0.999968 -0.999987 
-0.999995 -1.000000 -0.999997 -1.000000 -0.999313 -0.999999 -1.000000 -1.000000 -0.999990 -1.000000 -0.973546 -1.000000 -1.000000 -1.000000 -1.000000 -1.000000 -0.999999 -1.000000 -0.999956 -1.000000 -1.000000 -0.999997 -1.000000 -0.999988 -0.999927 -0.999996 
-0.999901 0.917441 -1.000000 -0.999999 -0.954769 -1.000000 -1.000000 -1.000000 -1.000000 -1.000000 -0.999941 -1.000000 -0.999967 -1.000000 -1.000000 -0.999998 -1.000000 -1.000000 -0.980793 -1.000000 -0.999998 -1.000000 -1.000000 -1.000000 -1.000000 -1.000000 
-1.000000 -1.000000 -1.000000 -1.000000 -1.000000 -1.000000 -0.999201 -1.000000 -0.999983 -0.999953 -0.999988 -1.000000 -0.999998 -0.993273 -0.999949 -0.999477 -1.000000 -1.000000 -1.000000 -1.000000 0.978537 -0.999893 -1.000000 -1.000000 -0.999997 -1.000000 
-0.999997 -0.999889 -1.000000 -1.000000 -0.999989 -1.000000 -0.999994 -1.000000 -1.000000 -0.999997 -0.999999 -1.000000 -1.000000 -0.999942 -0.999998 -1.000000 -1.000000 -1.000000 0.999891 -1.000000 -0.998758 -0.999986 -0.999994 -0.999853 -0.999919 -1.000000 
-0.999664 -1.000000 -1.000000 -1.000000 -1.000000 -1.000000 -0.985081 -1.000000 -0.999941 -1.000000 -0.999196 -1.000000 -0.999999 -0.999737 -0.998654 -0.999999 -1.000000 -0.999661 -0.999990 -0.999999 0.999973 -1.000000 -1.000000 -1.000000 -0.999997 -1.000000 
-1.000000 -0.999963 -1.000000 -1.000000 -1.000000 -0.999975 -0.999940 -1.000000 -0.999998 -1.000000 -0.999695 -1.000000 -0.999999 -0.998621 -1.000000 -1.000000 -1.000000 -0.970283 -0.993184 -0.999096 -1.000000 -1.000000 -0.999244 -1.000000 -1.000000 -0.999997 
-1.000000 -1.000000 -0.999998 -0.999950 -1.000000 -1.000000 -1.000000 -0.999999 -1.000000 -0.999126 -1.000000 -1.000000 -0.999992 -1.000000 -0.999979 -0.999998 -1.000000 -0.999997 -0.999971 -0.958083 -0.999993 -0.999999 -1.000000 -0.999890 -0.999991 -1.000000 
-1.000000 -1.000000 -0.999999 -1.000000 -1.000000 -0.999999 -0.999949 -0.999998 -1.000000 -1.000000 -0.999976 -1.000000 -1.000000 -0.999641 -1.000000 -0.999999 -1.000000 -0.995022 -0.999541 -0.999999 -1.000000 -1.000000 -0.999890 -0.999999 -1.000000 -1.000000 
-1.000000 -1.000000 -1.000000 -1.000000 -1.000000 -1.000000 -1.000000 -1.000000 -0.999997 -0.999999 -0.999889 -0.999988 0.999976 -0.995534 -1.000000 -0.999983 -1.000000 -1.000000 -0.999999 -1.000000 -0.999998 -1.000000 -1.000000 -1.000000 -1.000000 -0.999857 
-1.000000 -1.000000 -0.999990 -1.000000 -0.999994 -0.999995 -0.999887 -1.000000 -0.999996 -1.000000 -0.999966 -1.000000 -1.000000 -0.999978 0.947913 -0.999990 -0.999910 -0.999997 -1.000000 -0.999993 -0.999999 -1.000000 -0.999820 -1.000000 -0.999971 -0.999999 
-1.000000 -1.000000 -0.999999 -1.000000 -1.000000 -0.999696 -1.000000 -0.999993 -0.999988 -1.000000 0.992169 -1.000000 -1.000000 -0.999981 -1.000000 -0.999998 -1.000000 -0.995171 -0.994943 -1.000000 -0.999998 -0.999998 -1.000000 -1.000000 -0.969981 -1.000000 
-1.000000 -1.000000 -1.000000 -1.000000 -0.995424 -0.996243 -1.000000 -0.999999 -0.999993 -1.000000 -0.999991 -1.000000 -1.000000 -1.000000 -1.000000 -1.000000 -1.000000 -0.999999 -0.993164 -0.999981 -1.000000 -1.000000 -1.000000 -1.000000 0.943371 -0.999998 
-1.000000 -1.000000 -1.000000 -1.000000 -0.999903 -0.999405 -1.000000 -0.999999 -0.999999 -1.000000 -0.999992 -1.000000 -0.999970 -1.000000 -1.000000 -0.999988 -1.000000 -1.000000 -0.999228 -0.999999 -1.000000 -1.000000 -1.000000 -1.000000 0.992053 -0.999999 
-1.000000 -1.000000 -1.000000 -0.999996 -1.000000 -1.000000 -1.000000 -0.999933 -1.000000 -0.999985 -1.000000 -1.000000 -0.999999 -1.000000 -1.000000 -0.999986 -1.000000 -0.999209 -1.000000 -1.000000 -1.000000 -1.000000 -1.000000 -1.000000 -1.000000 -1.000000 
-1.000000 -0.999998 -0.999997 -0.999997 -0.995690 -0.999986 -1.000000 -0.999985 -0.999980 -1.000000 -0.999954 -1.000000 -1.000000 -1.000000 -1.000000 -0.999992 -0.999999 -0.999998 -0.999986 -1.000000 -0.999900 -0.999999 -1.000000 -0.999999 -0.999822 -0.999986 
-1.000000 -1.000000 -1.000000 -0.999954 -1.000000 -0.999994 -1.000000 -0.999997 -1.000000 0.991199 -1.000000 -1.000000 -1.000000 -1.000000 -1.000000 -0.999999 -0.999983 -0.999967 -0.999996 -0.988809 -1.000000 -0.999999 -0.999999 -1.000000 -1.000000 -1.000000 
-1.000000 -0.999999 -0.999999 -0.999956 -1.000000 -1.000000 -1.000000 -0.999987 -1.000000 -0.994556 -1.000000 -1.000000 -0.999992 -1.000000 -0.999999 -1.000000 -1.000000 -1.000000 -0.955655 -0.963478 -1.000000 -1.000000 -0.999959 -0.999627 -0.999988 -1.000000 
-1.000000 -1.000000 -0.999995 -0.999999 -0.982483 -1.000000 -1.000000 -0.999998 -0.999964 -1.000000 -0.999998 -1.000000 -1.000000 -1.000000 -1.000000 -1.000000 -1.000000 -1.000000 -0.999611 -0.999999 -1.000000 -1.000000 -0.999999 -1.000000 -0.999965 -1.000000 
-1.000000 -0.999993 -0.999993 -1.000000 -0.999955 -0.999973 -1.000000 -1.000000 -0.999992 -1.000000 0.989946 -1.000000 -1.000000 -0.999996 -1.000000 -1.000000 -1.000000 -0.999770 -0.999854 -1.000000 -1.000000 -1.000000 -1.000000 -1.000000 -0.999413 -1.000000 
-1.000000 -0.999994 -1.000000 -1.000000 -1.000000 -1.000000 -0.999992 -0.999999 -0.999908 -1.000000 -0.999699 -1.000000 -0.999399 -0.999979 -0.999956 -0.999801 -0.999999 -1.000000 -0.999914 -1.000000 0.999166 -0.999817 -1.000000 -1.000000 -0.999998 -0.999967 
-0.999999 -0.999999 -0.998556 -0.999994 -0.991348 -1.000000 -1.000000 -1.000000 -1.000000 -1.000000 -0.999757 -1.000000 -1.000000 -1.000000 -1.000000 -0.999999 -1.000000 -0.999735 -0.999888 -0.999982 -1.000000 -1.000000 -0.999987 -0.999998 -0.999999 -1.000000 
-1.000000 -1.000000 -0.999998 -0.999999 -1.000000 -0.985313 -1.000000 -0.999982 -0.999983 -0.999998 -0.999834 -1.000000 -0.999983 -0.998406 -1.000000 -0.999989 -1.000000 0.921233 -0.993403 -1.000000 -0.999991 -1.000000 -1.000000 -0.999999 -1.000000 -1.000000 
-0.999998 -0.999998 -0.999990 -0.999990 -1.000000 -1.000000 -1.000000 -0.999892 -1.000000 0.999208 -1.000000 -1.000000 -0.999989 -1.000000 -0.999998 -0.999933 -1.000000 -0.999999 -0.977446 -0.999762 -1.000000 -0.999999 -0.999927 -0.999905 -1.000000 -1.000000 
-0.999990 -1.000000 -0.999998 -0.999999 -1.000000 -0.999994 -1.000000 -0.999984 -1.000000 -1.000000 -0.999765 -1.000000 -1.000000 -1.000000 -0.999939 -0.999999 -0.999999 -0.999979 -1.000000 -1.000000 -0.995976 -1.000000 -1.000000 -1.000000 -1.000000 -0.999986 
-1.000000 -1.000000 -1.000000 -1.000000 -1.000000 -1.000000 -0.999374 -1.000000 -0.999975 -1.000000 -0.999999 -1.000000 -0.999901 0.997940 -1.000000 -1.000000 -1.000000 -0.993876 -0.999975 -0.999995 -1.000000 -0.999986 -0.999990 -1.000000 -1.000000 -0.999989 
-1.000000 -1.000000 -1.000000 -1.000000 -0.999914 -1.000000 -1.000000 -0.999999 -0.999968 -1.000000 -0.998946 -1.000000 -1.000000 -1.000000 -1.000000 -1.000000 -1.000000 -0.999994 -0.999737 -1.000000 -1.000000 -1.000000 -1.000000 -1.000000 -0.999985 -1.000000 
-1.000000 -0.999999 -0.999999 -0.999999 -1.000000 -1.000000 -0.989354 -0.999998 -0.999999 0.998456 -1.000000 -1.000000 -0.999863 -1.000000 -1.000000 -1.000000 -1.000000 -0.999998 -0.989173 -1.000000 -0.999499 -0.999999 -0.999903 -0.999984 -1.000000 -0.999986 
-0.999984 -1.000000 -1.000000 -1.000000 -1.000000 -0.999999 -0.999998 -0.999998 -0.999954 -1.000000 -0.998559 -1.000000 -0.999418 -0.972032 -0.999995 -0.999891 -0.999984 -0.999972 -0.988403 -1.000000 -0.886601 -0.999999 -0.999996 -0.999996 -0.999858 -0.999993 
-0.999946 -1.000000 -1.000000 -0.986100 -0.999999 -0.999978 -1.000000 -1.000000 -0.999892 -1.000000 -0.999998 -1.000000 -1.000000 -1.000000 -1.000000 -0.999992 -1.000000 -0.999954 -0.999865 0.984422 -0.999996 -0.998156 -1.000000 -0.999898 -0.996655 -1.000000 
-0.999998 -1.000000 -0.999998 -1.000000 -0.997326 -0.999988 -1.000000 -0.999998 -0.999999 -1.000000 -0.999958 -1.000000 -1.000000 -1.000000 -1.000000 -0.999999 -1.000000 -0.999996 -0.999306 -1.000000 -0.999998 -0.999999 -1.000000 -1.000000 -0.997412 -1.000000 
-0.999999 0.955817 -0.999703 -1.000000 -0.999097 -1.000000 -0.999877 -1.000000 -1.000000 -0.996854 -1.000000 -1.000000 -0.999998 -1.000000 -0.999999 -1.000000 -1.000000 -0.999998 -0.779686 -0.999999 -1.000000 -1.000000 -0.999651 -0.998989 -1.000000 -0.999999 
-1.000000 -0.999999 -1.000000 -0.999246 -0.972552 -1.000000 -1.000000 -1.000000 -0.999999 -1.000000 -0.999992 -1.000000 -1.000000 -1.000000 -1.000000 -1.000000 -1.000000 -0.999999 -0.999890 -1.000000 -0.999992 -1.000000 -1.000000 -1.000000 -1.000000 -1.000000 
-1.000000 -1.000000 -0.999707 -1.000000 -1.000000 -0.999818 -0.999837 -0.999996 -0.999993 -1.000000 -0.998452 -1.000000 -0.999995 -0.999925 -1.000000 -0.999999 -1.000000 -0.999785 -0.999974 -1.000000 -1.000000 -1.000000 -0.999900 -0.999992 -1.000000 -0.999951 
-1.000000 -0.999993 -0.999853 -0.999999 -0.998368 -0.999997 -1.000000 -0.999999 -0.999938 -1.000000 -0.999999 -1.000000 -0.999992 -1.000000 -1.000000 -1.000000 -1.000000 -1.000000 -0.992900 -0.909935 -0.999994 -1.000000 -1.000000 -0.999860 -0.998898 -1.000000 
-0.999988 -1.000000 -1.000000 -0.999999 -1.000000 -0.998676 -1.000000 -1.000000 -0.999997 -1.000000 -0.999999 -1.000000 -0.999606 -1.000000 -1.000000 -0.999904 -1.000000 -0.999999 -0.999996 0.998976 -1.000000 -0.999999 -1.000000 -0.999986 -0.998620 -1.000000 
-1.000000 -0.999996 -0.999999 -1.000000 -1.000000 -0.999976 -1.000000 -1.000000 -1.000000 -1.000000 -0.999944 -1.000000 -0.999934 -0.937307 -0.999997 -0.999877 -0.999997 -0.999999 -0.999999 -0.999998 -0.983300 -0.999920 -1.000000 -1.000000 -0.999719 -0.999973 
-1.000000 -1.000000 -0.999992 -1.000000 -0.999756 -1.000000 -1.000000 -1.000000 -1.000000 -1.000000 -0.999996 -1.000000 -0.999999 -1.000000 -1.000000 -1.000000 -1.000000 -0.999998 -1.000000 -1.000000 -1.000000 -1.000000 -1.000000 -0.999998 -1.000000 -0.999998 
-1.000000 -1.000000 -0.999970 -0.999987 -0.999986 -0.999527 -0.999121 -1.000000 -0.998516 -0.999993 -0.999968 -0.999991 1.000000 -0.999984 -0.999833 -0.999840 -0.999981 -1.000000 -0.998190 -1.000000 -0.998920 -0.999999 -1.000000 -1.000000 -0.999996 -0.999984 
-1.000000 -0.999676 -1.000000 -0.999987 -1.000000 -0.971720 -0.997945 -1.000000 -0.999992 -0.999984 -0.999983 -0.999981 -1.000000 -0.903534 -1.000000 -0.999415 -1.000000 -0.999999 -0.865217 -0.999977 -0.999792 -0.999995 -0.999975 -1.000000 -0.999951 -0.999997 
-1.000000 -1.000000 -0.999999 -0.999986 -1.000000 -0.999999 -1.000000 -0.999999 -1.000000 -0.999930 -1.000000 -1.000000 -0.999967 -0.999999 -0.999980 -1.000000 -1.000000 -0.999998 -0.999933 -0.943822 -0.999869 -1.000000 -1.000000 -0.999710 -0.999972 -1.000000 
-1.000000 -0.999999 -1.000000 -1.000000 -1.000000 -0.999952 -1.000000 -0.999998 -1.000000 -1.000000 -0.990285 -0.999999 -1.000000 -1.000000 -1.000000 -0.999986 -1.000000 -0.999999 -1.000000 -0.999999 -1.000000 -1.000000 -1.000000 -1.000000 -0.996208 -0.999987 
-0.999997 -1.000000 -1.000000 -1.000000 -1.000000 -0.999999 -0.965587 -1.000000 -1.000000 -1.000000 -1.000000 -1.000000 -0.999950 -0.999344 0.971138 -0.999971 -1.000000 -1.000000 -0.999995 -0.999969 -0.992775 -0.999999 -1.000000 -1.000000 -0.999998 -1.000000 
-1.000000 -0.999983 -0.999999 -1.000000 -1.000000 -1.000000 0.869111 -0.999995 -0.999993 -0.994456 -0.999451 -1.000000 -1.000000 -0.998891 -1.000000 -0.999972 -1.000000 -1.000000 -0.998787 -1.000000 -0.999856 -0.999944 -0.965713 -1.000000 -1.000000 -1.000000 
-0.999997 -1.000000 -1.000000 -1.000000 -1.000000 -1.000000 -0.999906 -0.999999 -1.000000 -1.000000 -1.000000 -0.999999 -0.996627 0.986894 -1.000000 -1.000000 -0.999998 -0.992598 -0.999958 -1.000000 -0.999999 -0.999996 -0.999999 -1.000000 -0.999968 -0.999999 
-0.999998 -1.000000 -1.000000 -1.000000 -1.000000 -0.999982 -0.999994 -0.999960 -0.999997 -1.000000 -0.998182 -1.000000 -0.999999 0.994097 -1.000000 -0.999976 -1.000000 -0.902779 -0.999994 -0.999999 -0.999998 -0.999938 -0.999997 -1.000000 -0.999998 -0.999993 
-1.000000 -0.966176 -0.999946 -1.000000 -0.998607 -1.000000 -0.996736 -0.999997 -1.000000 -0.999997 -0.999885 -1.000000 -0.999824 -1.000000 -1.000000 -0.999999 -1.000000 -0.999982 0.696731 -1.000000 -1.000000 -1.000000 -0.999993 -0.999379 -1.000000 -0.999997 
-0.999994 -0.999868 -0.999733 -0.999979 -0.999557 -0.990203 -0.999739 -0.999778 -0.996011 -0.995343 -1.000000 -0.999983 -0.970132 -0.999878 -0.999997 -0.977392 -0.999792 -0.999950 -0.998943 -1.000000 -1.000000 -0.999673 0.998679 -0.988412 -1.000000 -0.990850 
-1.000000 -1.000000 -1.000000 -1.000000 -0.999989 -1.000000 -0.999999 -1.000000 -1.000000 -1.000000 -1.000000 -1.000000 -0.998379 -0.977003 -1.000000 -0.999943 -0.999970 -1.000000 -0.999999 -1.000000 -0.999993 -1.000000 -0.999999 -1.000000 -0.999178 -0.999997 
-0.999983 -0.999999 -1.000000 -0.999999 -1.000000 -1.000000 -0.999772 -1.000000 -0.999997 -1.000000 -0.999999 -1.000000 -0.999874 0.999318 -0.999999 -0.999999 -0.999999 -0.999099 -0.999843 -0.986934 -0.999793 -0.999990 -0.999980 -0.999999 -1.000000 -1.000000 
-0.999960 -0.999987 -0.999999 -1.000000 -1.000000 -1.000000 -0.999993 -1.000000 -0.999999 -1.000000 -0.999978 -0.999999 -0.999999 -0.999998 -0.995644 -1.000000 -1.000000 -1.000000 -0.999997 -1.000000 -0.999997 -0.998384 -1.000000 -1.000000 -1.000000 -1.000000 
-0.999998 -1.000000 -1.000000 -1.000000 -0.999989 -1.000000 -0.997900 -0.999969 -0.999926 -0.999996 -0.999870 -0.999999 -1.000000 -1.000000 -0.999831 -0.999999 -1.000000 -0.998031 -0.999671 -1.000000 -0.999763 -0.999996 -1.000000 -0.999998 -1.000000 -1.000000 
-1.000000 -1.000000 -1.000000 -1.000000 -0.999999 -0.999930 -1.000000 -1.000000 -1.000000 -1.000000 -0.999622 -1.000000 -0.999998 -0.999961 -1.000000 -0.999999 -1.000000 -0.995785 -0.999922 -0.999991 -1.000000 -1.000000 -0.999995 -1.000000 -1.000000 -1.000000 
-0.999972 -0.999992 -0.999440 -0.999974 -1.000000 -0.999985 -1.000000 -0.999795 -0.999951 -1.000000 0.999955 -1.000000 -1.000000 -0.999969 -1.000000 -1.000000 -1.000000 -0.974438 -0.994226 -0.999986 -1.000000 -0.999992 -0.999999 -0.999999 -0.999998 -0.999997 
-1.000000 -0.999999 -1.000000 -0.999989 -1.000000 -1.000000 -0.999999 -0.999993 -1.000000 -0.995059 -1.000000 -1.000000 -0.999962 -0.999997 -1.000000 -1.000000 -1.000000 -0.999999 -0.978547 -0.982020 -1.000000 -1.000000 -0.999973 -0.999818 -0.999996 -1.000000 
-0.999997 -0.999998 -1.000000 -1.000000 -1.000000 -1.000000 -0.999997 -1.000000 -1.000000 -1.000000 -0.999833 -1.000000 -0.999999 -0.999766 -0.999853 -0.999990 -1.000000 -1.000000 -1.000000 -1.000000 0.935964 -0.999996 -1.000000 -1.000000 -0.999924 -0.999999 
-1.000000 -1.000000 -1.000000 -1.000000 -1.000000 -1.000000 -0.999280 -0.999974 -0.999999 -0.995116 -0.999952 -1.000000 -1.000000 -0.999999 -1.000000 -0.999447 -0.999988 -0.999992 -1.000000 -0.999998 -1.000000 -0.999998 0.999855 -1.000000 -1.000000 -0.999965 
-0.999977 -1.000000 -0.999994 -1.000000 -1.000000 -0.999855 -1.000000 -1.000000 -0.999306 -1.000000 0.994281 -1.000000 -1.000000 -0.996465 -1.000000 -0.999998 -0.999984 -0.999997 -0.484129 -0.999972 -0.999952 -0.993054 -1.000000 -0.999987 -0.983502 -0.999930 
-1.000000 -0.999998 -1.000000 -1.000000 -0.999996 -1.000000 -1.000000 -1.000000 -1.000000 -0.999990 -0.999999 -1.000000 -1.000000 -1.000000 -1.000000 -1.000000 -1.000000 -0.994155 -0.999920 -0.999986 -1.000000 -1.000000 -0.999913 -1.000000 -1.000000 -1.000000 
-0.999874 -0.999690 -0.999530 -0.999985 -1.000000 -0.999626 -0.999630 -0.990608 -0.999994 -0.998338 -1.000000 -0.999973 -0.997850 -0.999627 -1.000000 -0.999944 -1.000000 -1.000000 -0.999889 0.997985 -0.999998 -0.999997 -1.000000 -0.997524 -0.999936 -1.000000 
-0.996388 -1.000000 -0.999998 -0.995388 -0.999999 -0.999524 -0.999873 -0.998198 -0.998232 -1.000000 -1.000000 -0.999377 -0.988027 -0.979702 -0.999968 -0.999418 -1.000000 -0.999552 -0.999974 -0.999999 -0.999777 -0.997391 -0.999988 -0.999991 -0.997562 -0.999944 
-0.999995 -0.999999 -1.000000 -1.000000 -0.999612 -1.000000 -0.999832 -1.000000 -1.000000 -1.000000 -1.000000 -1.000000 -0.999952 -0.995888 -1.000000 -1.000000 -0.999986 -1.000000 0.998562 -0.999998 -1.000000 -0.999999 -0.999997 -0.999944 -0.999995 -1.000000 
-1.000000 -0.999673 -1.000000 -1.000000 -1.000000 -0.994108 -1.000000 -0.999998 -0.999999 -1.000000 0.996548 -1.000000 -1.000000 -0.999983 -1.000000 -0.999987 -1.000000 -0.999324 -0.996258 -1.000000 -1.000000 -0.999998 -1.000000 -1.000000 -0.999925 -1.000000 
-1.000000 -1.000000 -1.000000 -1.000000 -1.000000 -0.999992 -1.000000 -0.999993 -1.000000 -1.000000 -0.990756 -1.000000 -0.999998 -1.000000 -1.000000 -0.999999 -1.000000 -0.999992 -1.000000 -0.999997 -0.999999 -1.000000 -1.000000 -0.999999 -0.979719 -0.999979 
-0.999894 -0.999989 -1.000000 -1.000000 -1.000000 -0.999963 -0.999184 -0.999995 -0.997726 -1.000000 -0.999932 -0.997544 -0.995359 -0.932751 -0.998587 -0.999755 -0.999923 -0.999374 -0.994319 -0.999997 -0.999937 -0.999981 -0.999996 -0.999999 -0.994365 -0.999789 
-0.999997 -0.999999 -1.000000 -1.000000 -1.000000 -1.000000 -1.000000 -1.000000 -0.999969 -1.000000 -0.996542 -1.000000 -0.999884 0.921329 -1.000000 -1.000000 -1.000000 -0.999317 -0.999988 -1.000000 -0.999993 -1.000000 -1.000000 -1.000000 -1.000000 -0.999999 
-1.000000 -1.000000 -1.000000 -1.000000 -1.000000 -0.998720 -1.000000 -0.999999 -1.000000 -0.999999 -0.999987 -1.000000 -1.000000 -0.999994 -1.000000 -0.999998 -0.999999 -0.993947 -0.999909 -1.000000 -1.000000 -1.000000 -0.999999 -1.000000 -0.999800 -0.999998 
-1.000000 -1.000000 -1.000000 -1.000000 -1.000000 -1.000000 -0.997332 -1.000000 -1.000000 -1.000000 -0.999975 -1.000000 -1.000000 -0.999755 -0.999927 -1.000000 -1.000000 -0.997816 -0.999991 -1.000000 -0.944208 -0.999999 -1.000000 -1.000000 -0.999857 -1.000000 
-0.999999 -1.000000 -1.000000 -1.000000 -1.000000 -1.000000 -0.998414 -0.999974 -0.999766 -1.000000 -0.999300 -0.999998 -0.999997 -0.999987 -0.999959 -0.999996 -0.999999 -1.000000 -0.999560 -1.000000 -0.999638 -1.000000 -0.999996 -1.000000 -0.999997 -1.000000 
-1.000000 -1.000000 -1.000000 -1.000000 -1.000000 -1.000000 0.999830 -1.000000 -1.000000 -0.999977 -0.999991 -1.000000 -0.999999 -0.999049 -0.999998 -1.000000 -1.000000 -1.000000 -0.832593 -1.000000 -0.999656 -1.000000 -0.999989 -1.000000 -0.999999 -1.000000 
-1.000000 -1.000000 -1.000000 -1.000000 -0.999988 -0.999997 -1.000000 -0.999984 -1.000000 -1.000000 -1.000000 -1.000000 -0.999919 -0.999910 -1.000000 -1.000000 -1.000000 -1.000000 -0.999733 -0.999738 -0.999999 -1.000000 -1.000000 -0.999998 0.997340 -1.000000 
-1.000000 -1.000000 -1.000000 -0.999999 -1.000000 -0.999957 -1.000000 -1.000000 -1.000000 -0.995604 -1.000000 -1.000000 -1.000000 -1.000000 -1.000000 -0.999957 -0.999999 -0.999999 -0.999998 0.987624 -1.000000 -0.999978 -1.000000 -0.999999 -0.999975 -1.000000 
-0.999999 -0.999971 -1.000000 -1.000000 -0.999990 -0.999998 -0.980051 -1.000000 -1.000000 -1.000000 -1.000000 -0.999998 -0.999189 -0.999449 -1.000000 -0.999998 -1.000000 -1.000000 0.999923 -1.000000 -0.999377 -1.000000 -0.999997 -0.999999 -0.999977 -0.998958 
-1.000000 -1.000000 -1.000000 -0.999999 -0.999979 -1.000000 -0.999999 -0.999998 -0.999997 -1.000000 -0.999979 -1.000000 -0.999655 -1.000000 -1.000000 -1.000000 -1.000000 -0.999991 -1.000000 -1.000000 -0.997775 -1.000000 -1.000000 -1.000000 -0.999987 -1.000000 
-0.999981 -0.999295 -0.999990 -0.999950 -0.999999 -0.999981 -1.000000 -0.999921 -1.000000 -0.999997 -0.999130 -1.000000 -0.999998 -1.000000 -1.000000 -0.999996 -1.000000 0.987601 -0.999714 -1.000000 -1.000000 -1.000000 -1.000000 -1.000000 -1.000000 -1.000000 
-0.999989 -1.000000 -1.000000 -1.000000 -1.000000 -1.000000 -0.988645 -1.000000 -1.000000 -1.000000 -1.000000 -0.999964 -0.999996 -0.999974 0.997074 -1.000000 -1.000000 -0.999998 -0.999997 -0.999992 -0.999989 -0.999999 -1.000000 -0.999998 -1.000000 -0.999999 
-0.999996 -1.000000 -1.000000 -0.999999 -1.000000 -1.000000 -0.986777 -1.000000 -0.999998 -1.000000 -0.999345 -0.999916 -0.999944 -0.996386 -0.999936 -0.999808 -1.000000 -1.000000 -0.999542 -0.999996 -0.999990 -0.999954 -1.000000 -1.000000 -1.000000 -0.999998 
-0.999982 -0.999978 -0.999975 -0.999912 -1.000000 -0.999947 -1.000000 -0.999999 -1.000000 -0.980929 -1.000000 -1.000000 -0.999927 -1.000000 -1.000000 -0.999997 -1.000000 -1.000000 -0.999678 0.997724 -1.000000 -0.999942 -1.000000 -0.999869 -0.999452 -1.000000 
-0.999802 -0.999984 -0.999998 -0.999967 -1.000000 -0.999762 -1.000000 -0.999998 -1.000000 -0.999230 -1.000000 -1.000000 -0.999659 -1.000000 -0.999974 -0.999998 -1.000000 -1.000000 -0.999008 0.997220 -1.000000 -0.997819 -1.000000 -0.999719 -0.999622 -1.000000 
-1.000000 -1.000000 -1.000000 -1.000000 -1.000000 -1.000000 -0.999986 -1.000000 -1.000000 -1.000000 -0.999979 -1.000000 -0.999967 -1.000000 -1.000000 -1.000000 -1.000000 -1.000000 -0.999971 -1.000000 -0.992228 -1.000000 -1.000000 -0.999998 -0.999989 -1.000000 
-1.000000 -1.000000 -1.000000 -0.999990 -0.999995 -1.000000 -1.000000 -1.000000 -1.000000 -0.997603 -0.999975 -1.000000 -0.999999 -1.000000 -1.000000 -0.999953 -1.000000 -0.999997 -0.999999 -0.999975 -1.000000 -1.000000 -0.999999 -0.999987 -0.999999 -1.000000 
-0.999981 -1.000000 -1.000000 -1.000000 -0.999983 -0.999997 -0.998459 -1.000000 -1.000000 -0.995561 -0.999745 -1.000000 -1.000000 -0.999998 -1.000000 -0.999998 -1.000000 -0.999971 -0.997653 -0.999998 -1.000000 -0.999999 -0.999999 -1.000000 -0.999987 -1.000000 
-0.999939 -0.999936 -0.999999 -0.999964 -1.000000 -0.999999 -1.000000 -1.000000 -1.000000 -0.999994 -0.999990 -1.000000 -0.999999 -1.000000 -0.999996 -1.000000 -1.000000 -0.971259 -0.999990 -1.000000 -1.000000 -0.999998 -1.000000 -1.000000 -1.000000 -0.999999 
-1.000000 -0.999981 -0.999997 -0.999998 -1.000000 -1.000000 -0.999999 -0.999998 -0.999999 -0.999996 -1.000000 -1.000000 -0.999718 -1.000000 -1.000000 -0.999899 -1.000000 -0.999794 -0.999978 -0.999989 -1.000000 -1.000000 -0.999372 -0.999996 -1.000000 -0.999973 
-0.999744 -1.000000 -0.999998 -1.000000 -0.999984 -0.999971 -0.999971 -0.999939 -0.999974 -1.000000 -0.987853 -1.000000 -1.000000 0.999661 -1.000000 -0.999982 -0.999977 -0.988489 -0.999785 -1.000000 -0.999898 -0.997958 -1.000000 -0.999990 -0.999943 -0.999912 
-0.999997 -0.999999 -0.999947 -0.999986 -0.999369 -0.999990 -1.000000 -1.000000 -0.999999 -0.999973 -1.000000 -1.000000 -0.999976 -1.000000 -0.999992 -0.999999 -0.999999 -0.999994 -1.000000 -0.999978 -1.000000 -0.999990 -1.000000 -1.000000 -0.999934 -0.999999 
-0.999999 -0.999983 -0.999966 -0.999774 -1.000000 -1.000000 -0.999637 -1.000000 -1.000000 0.999737 -1.000000 -1.000000 -0.999974 -1.000000 -1.000000 -1.000000 -1.000000 -0.999999 -0.954231 -0.995662 -0.999983 -1.000000 -0.998996 -0.999980 -1.000000 -1.000000 
-0.999323 -0.992348 -1.000000 -1.000000 -0.994075 -1.000000 -0.996330 -1.000000 -1.000000 -0.999999 -1.000000 -0.999984 -0.999999 -0.999943 -1.000000 -1.000000 -0.999998 -1.000000 0.999996 -0.999098 -1.000000 -0.999859 -0.999969 -0.999875 -0.999964 -0.999999 
-1.000000 -1.000000 -1.000000 -1.000000 -1.000000 -1.000000 -0.999998 -1.000000 -0.999997 -1.000000 -1.000000 -1.000000 -0.999718 -0.999978 -0.998576 -0.999998 -0.999999 -0.999974 -1.000000 -1.000000 -1.000000 -0.999979 -1.000000 -1.000000 -1.000000 -0.999987 
-1.000000 -1.000000 -1.000000 -1.000000 -0.999995 -0.999850 -1.000000 -0.999934 -1.000000 -1.000000 -0.999993 -1.000000 -0.999267 -0.999900 -1.000000 -1.000000 -1.000000 -0.999997 -0.999394 -0.999987 -1.000000 -1.000000 -1.000000 -0.999996 0.989459 -0.999987 
-0.999990 -0.999865 -1.000000 -1.000000 -0.999898 -0.999999 -0.999999 -0.999650 -1.000000 -1.000000 -0.999129 -1.000000 -1.000000 -1.000000 -1.000000 -0.999998 -1.000000 0.999598 -0.999459 -0.999994 -1.000000 -1.000000 -0.999996 -1.000000 -1.000000 -1.000000 
-1.000000 -1.000000 -0.999997 -1.000000 0.999392 -1.000000 -1.000000 -1.000000 -0.999999 -1.000000 -1.000000 -1.000000 -1.000000 -1.000000 -1.000000 -1.000000 -1.000000 -0.999679 -0.999995 -1.000000 -1.000000 -1.000000 -0.999989 -1.000000 -0.999962 -1.000000 
-1.000000 -1.000000 -0.999999 -1.000000 -1.000000 -1.000000 -1.000000 -1.000000 -0.999999 -1.000000 -0.999546 -1.000000 -1.000000 -0.999931 -0.999986 -0.999997 -1.000000 -1.000000 -1.000000 -0.999999 -0.999993 -0.999998 -1.000000 -1.000000 -1.000000 -1.000000 
-0.999764 -0.999345 -0.999995 -0.999957 -1.000000 -0.999998 -1.000000 -1.000000 -0.999790 -0.999999 -0.998319 -1.000000 0.992788 -0.992772 -1.000000 -0.999953 -0.999997 -0.990892 -0.996954 -0.999973 -1.000000 -0.999976 -1.000000 -0.999997 -1.000000 -0.999961 
-1.000000 -0.999962 -1.000000 -1.000000 -1.000000 -0.999999 -0.999969 -0.999998 -0.999990 -0.999998 -0.999993 -0.999999 -0.999882 -0.999999 -0.999415 -0.999980 -1.000000 -0.999999 -0.999999 -0.999999 0.989439 -0.999973 -1.000000 -0.999999 -0.999999 -0.999957 
-1.000000 -0.999999 -1.000000 -0.999998 -0.999988 -1.000000 -0.999998 -0.999970 -0.999997 -1.000000 -1.000000 -0.999999 -1.000000 -1.000000 -0.999999 -0.999998 -1.000000 -1.000000 -0.999999 -1.000000 -0.972204 -0.999999 -1.000000 -1.000000 -0.999999 -1.000000 
-1.000000 -0.999999 -0.999999 -0.999950 -1.000000 -1.000000 -1.000000 -0.999987 -1.000000 -0.995254 -1.000000 -1.000000 -0.999991 -1.000000 -0.999999 -1.000000 -1.000000 -1.000000 -0.988966 -0.969233 -1.000000 -1.000000 -0.999970 -0.999693 -0.999990 -1.000000 
